ACCOUNT_NUM,OWNERSHIP_GROUP
00000100015500000,CITY OF DALLAS
00000100016000000,CITY OF DALLAS
00000100023000000,CITY OF DALLAS
00000100029000000,CITY OF DALLAS
00000100051000000,CITY OF DALLAS
00000100054000000,CITY OF DALLAS
00000100064000000,CITY OF DALLAS
00000100126000000,CITY OF DALLAS
00000100168000000,DALLAS COUNTY
00000100565000000,CITY OF DALLAS
00000100603000000,CITY OF DALLAS
00000100618000000,CITY OF DALLAS
00000100807100000,CITY OF DALLAS
00000100811000000,CITY OF DALLAS
00000100814000000,CITY OF DALLAS
00000100817000000,CITY OF DALLAS
00000100820000000,CITY OF DALLAS
00000100822000000,CITY OF DALLAS
00000100846000000,CITY OF DALLAS
00000101029000000,CITY OF DALLAS
00000101569000000,CITY OF DALLAS
00000101974009900,CITY OF DALLAS
00000101977000000,CITY OF DALLAS
00000101980000000,CITY OF DALLAS
00000101983000000,CITY OF DALLAS
00000101986000000,CITY OF DALLAS
00000101989000000,CITY OF DALLAS
00000101998000000,CITY OF DALLAS
00000102004000000,CITY OF DALLAS
00000102487000000,CITY OF DALLAS
00000102490000000,CITY OF DALLAS
00000102574000000,CITY OF DALLAS
00000102592000000,CITY OF DALLAS
00000102598000000,CITY OF DALLAS
00000102601000000,CITY OF DALLAS
00000102604000000,CITY OF DALLAS
00000102610000000,CITY OF DALLAS
00000102616000000,CITY OF DALLAS
00000102619000000,CITY OF DALLAS
00000102625000000,CITY OF DALLAS
00000102629000000,CITY OF DALLAS
00000102631000000,CITY OF DALLAS
00000102635000000,CITY OF DALLAS
00000102772000000,CITY OF DALLAS
00000102775000000,CITY OF DALLAS
00000102778000000,CITY OF DALLAS
00000102853000000,CITY OF DALLAS
00000102856500000,CITY OF DALLAS
00000102892000000,CITY OF DALLAS
00000103564000000,CITY OF DALLAS
00000104554000000,DART
00000104597000000,CITY OF DALLAS
00000104602000000,CITY OF DALLAS
00000104995000000,CITY OF DALLAS
00000104998000000,CITY OF DALLAS
00000105198000000,CITY OF DALLAS
00000105481000000,CITY OF DALLAS
00000105484000000,CITY OF DALLAS
00000105556000100,CITY OF DALLAS
00000105592000000,CITY OF DALLAS
00000105607000000,CITY OF DALLAS
00000105616000000,CITY OF DALLAS
00000105628000000,CITY OF DALLAS
00000105634000000,CITY OF DALLAS
00000105646000000,CITY OF DALLAS
00000105757000000,DART
00000105760000000,DART
00000105763000000,DART
00000105766000000,DART
00000105769000000,DART
00000105838000000,DART
00000105841000000,DART
00000105859000000,DART
00000105862000000,DART
00000105997000000,CITY OF DALLAS
00000106033500000,DART
00000106105000000,CITY OF DALLAS
00000106108000000,CITY OF DALLAS
00000106348000000,DART
00000107632000000,CITY OF DALLAS
00000107638000000,CITY OF DALLAS
00000107641000000,CITY OF DALLAS
00000107647000000,CITY OF DALLAS
00000107650000000,CITY OF DALLAS
00000107656000000,CITY OF DALLAS
00000107662000000,CITY OF DALLAS
00000107668000000,CITY OF DALLAS
00000107710500000,CITY OF DALLAS
00000107713500000,CITY OF DALLAS
00000107716500000,CITY OF DALLAS
00000107719500000,CITY OF DALLAS
00000107768500000,CITY OF DALLAS
00000107782500000,CITY OF DALLAS
00000107795000000,CITY OF DALLAS
00000107911000000,CITY OF DALLAS
00000108229500000,CITY OF DALLAS
00000108367000000,CITY OF DALLAS
00000108370500000,CITY OF DALLAS
00000108436000000,CITY OF DALLAS
00000108708000400,DART
00000108916500000,CITY OF DALLAS
00000109147000000,CITY OF DALLAS
00000109158000000,CITY OF DALLAS
00000109179000000,CITY OF DALLAS
00000109186500000,CITY OF DALLAS
00000109186750000,CITY OF DALLAS
00000109534000000,CITY OF DALLAS
00000109540000000,CITY OF DALLAS
00000109623000000,CITY OF DALLAS
00000109702000000,DART
00000109759000000,DART
00000110041000000,CITY OF DALLAS
00000110044000000,CITY OF DALLAS
00000110047000000,CITY OF DALLAS
00000110050000000,CITY OF DALLAS
00000110053000000,CITY OF DALLAS
00000110056000000,CITY OF DALLAS
00000110059000000,CITY OF DALLAS
00000110713000000,CITY OF DALLAS
00000111076000200,DART
00000111223000000,CITY OF DALLAS
00000111424000000,CITY OF DALLAS
00000112360000000,CITY OF DALLAS
00000112363000000,CITY OF DALLAS
00000112381000000,CITY OF DALLAS
00000112384000000,CITY OF DALLAS
00000112387000000,CITY OF DALLAS
00000112393000000,CITY OF DALLAS
00000112396000000,CITY OF DALLAS
00000112399000000,CITY OF DALLAS
00000112402000000,CITY OF DALLAS
00000112405000000,CITY OF DALLAS
00000112408000000,CITY OF DALLAS
00000112411000000,CITY OF DALLAS
00000112414000000,CITY OF DALLAS
00000112417000000,CITY OF DALLAS
00000112420000000,CITY OF DALLAS
00000112549000100,CITY OF DALLAS
00000112579000100,CITY OF DALLAS
00000114040000100,CITY OF DALLAS
00000114427000100,CITY OF DALLAS
00000114736000000,CITY OF DALLAS
00000114742000000,CITY OF DALLAS
00000114751000000,CITY OF DALLAS
00000114946000000,CITY OF DALLAS
00000115591000000,CITY OF DALLAS
00000115594000000,CITY OF DALLAS
00000115669000000,CITY OF DALLAS
00000115798000000,CITY OF DALLAS
00000115801000000,CITY OF DALLAS
00000115918000000,DALLAS ISD
00000115930000000,DALLAS HOUSING AUTHORITY
00000116050000000,DALLAS ISD
00000116560000000,DALLAS ISD
00000116728000000,DALLAS HOUSING AUTHORITY
00000116731000000,DALLAS HOUSING AUTHORITY
00000116749000000,DALLAS HOUSING AUTHORITY
00000116830000000,CITY OF DALLAS
00000116944000100,CITY OF DALLAS
00000116947000100,CITY OF DALLAS
00000117004000000,CITY OF DALLAS
00000117007000000,CITY OF DALLAS
00000117700000000,CITY OF DALLAS
00000117949000000,CITY OF DALLAS
00000117955000000,CITY OF DALLAS
00000117958000000,CITY OF DALLAS
00000117973000000,CITY OF DALLAS
00000118318000000,CITY OF DALLAS
00000118686000000,CITY OF DALLAS
00000119839000000,DALLAS HOUSING AUTHORITY
00000119875000000,CITY OF DALLAS
00000121636000000,DALLAS ISD
00000121639000000,DALLAS ISD
00000121795000000,CITY OF DALLAS
00000123856000000,CITY OF DALLAS
00000123877000000,CITY OF DALLAS
00000125158000000,CITY OF DALLAS
00000125224000000,CITY OF DALLAS
00000126778000000,CITY OF DALLAS
00000127984000000,DART
00000128095000000,DART
00000128098000000,DART
00000128122000000,DART
00000128341000000,CITY OF DALLAS
00000128344000000,CITY OF DALLAS
00000128347000000,CITY OF DALLAS
00000128350000000,CITY OF DALLAS
00000128464000000,CITY OF DALLAS
00000128476000000,DART
00000128692000000,CITY OF DALLAS
00000128692000200,CITY OF DALLAS
00000128962000000,CITY OF DALLAS
00000128998000100,CITY OF DALLAS
00000129010000000,CITY OF DALLAS
00000129040000100,CITY OF DALLAS
00000129175000000,CITY OF DALLAS
00000129181000100,CITY OF DALLAS
00000129191000100,CITY OF DALLAS
00000129205000000,CITY OF DALLAS
00000129208000100,CITY OF DALLAS
00000129607000000,CITY OF DALLAS
00000129616000000,CITY OF DALLAS
00000129619000000,CITY OF DALLAS
00000129622000000,CITY OF DALLAS
00000129748000000,CITY OF DALLAS
00000129757000000,CITY OF DALLAS
00000129802000000,MULTIPLE OWNERS
00000129805000000,CITY OF DALLAS
00000129814000000,CITY OF DALLAS
00000129910000000,CITY OF DALLAS
00000129934000000,CITY OF DALLAS
00000129976000000,MULTIPLE OWNERS
00000129982000000,MULTIPLE OWNERS
00000129991000000,CITY OF DALLAS
00000129994000000,CITY OF DALLAS
00000129997000000,CITY OF DALLAS
00000130039000000,CITY OF DALLAS
00000130045000000,CITY OF DALLAS
00000130084000000,CITY OF DALLAS
00000130105000000,CITY OF DALLAS
00000130114000000,CITY OF DALLAS
00000131986000000,CITY OF DALLAS
00000132007000000,CITY OF DALLAS
00000132169000000,CITY OF DALLAS
00000132184000000,DALLAS ISD
00000132187000000,DALLAS ISD
00000132190000000,DALLAS ISD
00000132556000000,CITY OF DALLAS
00000132559000000,CITY OF DALLAS
00000133351000000,DALLAS ISD
00000133969000000,CITY OF DALLAS
00000134050000000,DALLAS HOUSING AUTHORITY
00000134095000000,CITY OF DALLAS
00000137509000000,CITY OF DALLAS
00000137551000000,CITY OF DALLAS
00000137605000000,CITY OF DALLAS
00000137623000000,CITY OF DALLAS
00000137623000100,CITY OF DALLAS
00000137650000000,CITY OF DALLAS
00000137653000000,CITY OF DALLAS
00000137656000000,CITY OF DALLAS
00000137663500000,CITY OF DALLAS
00000137663600000,CITY OF DALLAS
00000137668000000,CITY OF DALLAS
00000137680000000,CITY OF DALLAS
00000137710000000,CITY OF DALLAS
00000137758000000,CITY OF DALLAS
00000137830000000,CITY OF DALLAS
00000138121000000,CITY OF DALLAS
00000138127000000,CITY OF DALLAS
00000138148000000,CITY OF DALLAS
00000138394000000,CITY OF DALLAS
00000138394000100,CITY OF DALLAS
00000138523000000,CITY OF DALLAS
00000139207000000,CITY OF DALLAS
00000139216000000,CITY OF DALLAS
00000139219000000,CITY OF DALLAS
00000139258000000,CITY OF DALLAS
00000139261000000,CITY OF DALLAS
00000139273000000,CITY OF DALLAS
00000139399000000,CITY OF DALLAS
00000139405000000,CITY OF DALLAS
00000139432000000,CITY OF DALLAS
00000140569000000,DALLAS COUNTY
00000140671000000,DALLAS COLLEGE
00000140899000000,DALLAS ISD
00000140935000000,CITY OF DALLAS
00000140980000000,CITY OF DALLAS
00000141163000000,CITY OF DALLAS
00000141166000000,CITY OF DALLAS
00000141466000000,CITY OF DALLAS
00000141496000000,MULTIPLE OWNERS
00000141505000000,MULTIPLE OWNERS
00000141700000000,CITY OF DALLAS
00000141703000000,CITY OF DALLAS
00000141706000000,CITY OF DALLAS
00000141709000000,CITY OF DALLAS
00000141712000000,CITY OF DALLAS
00000141715000000,CITY OF DALLAS
00000141718000000,CITY OF DALLAS
00000141721000000,CITY OF DALLAS
00000141724000000,CITY OF DALLAS
00000141727000000,CITY OF DALLAS
00000141730000000,CITY OF DALLAS
00000141734000000,CITY OF DALLAS
00000141736530000,CITY OF DALLAS
00000141766000000,CITY OF DALLAS
00000141787000000,MULTIPLE OWNERS
00000142400000000,MULTIPLE OWNERS
00000143038000000,MULTIPLE OWNERS
00000143194000000,MULTIPLE OWNERS
00000143461000000,CITY OF DALLAS
00000143578000100,CITY OF DALLAS
00000143761000000,MULTIPLE OWNERS
00000143977000000,CITY OF DALLAS
00000144010000000,CITY OF DALLAS
00000144385000000,CITY OF DALLAS
00000145894000000,CITY OF DALLAS
00000146788000000,CITY OF DALLAS
00000146911000000,DALLAS ISD
00000146915000000,DALLAS ISD
00000146918000000,DALLAS ISD
00000146921000000,DALLAS ISD
00000146924000000,DALLAS ISD
00000146935000000,CITY OF DALLAS
00000147117000000,CITY OF DALLAS
00000148372000000,CITY OF DALLAS
00000148594000000,CITY OF DALLAS
00000148627000000,DALLAS HOUSING AUTHORITY
00000149812000000,CITY OF DALLAS
00000149812000100,CITY OF DALLAS
00000150049000000,DART
00000150868000000,DALLAS HOUSING AUTHORITY
00000151030000000,DALLAS ISD
00000152467010000,CITY OF DALLAS
00000152470000000,CITY OF DALLAS
00000152473000000,CITY OF DALLAS
00000152482000000,CITY OF DALLAS
00000152485000000,CITY OF DALLAS
00000153151000000,CITY OF DALLAS
00000153415000000,CITY OF DALLAS
00000153418000000,CITY OF DALLAS
00000153421000000,CITY OF DALLAS
00000153424000000,CITY OF DALLAS
00000153427000000,CITY OF DALLAS
00000153430000000,CITY OF DALLAS
00000153433000000,CITY OF DALLAS
00000153526000000,CITY OF DALLAS
00000153532000000,CITY OF DALLAS
00000153619000000,CITY OF DALLAS
00000153622000000,CITY OF DALLAS
00000153628000000,CITY OF DALLAS
00000153646000000,CITY OF DALLAS
00000153667000000,CITY OF DALLAS
00000153673000000,CITY OF DALLAS
00000153676000000,CITY OF DALLAS
00000153679000000,CITY OF DALLAS
00000153700000000,CITY OF DALLAS
00000153769000000,DALLAS HOUSING AUTHORITY
00000153796000000,CITY OF DALLAS
00000154015000000,DALLAS HOUSING AUTHORITY
00000154129000000,CITY OF DALLAS
00000155215000000,DALLAS HOUSING AUTHORITY
00000156367000000,CITY OF DALLAS
00000158443000000,DALLAS ISD
00000158446000000,DALLAS ISD
00000158464000000,DALLAS ISD
00000159319000000,DALLAS ISD
00000159343000000,CITY OF DALLAS
00000159472000000,CITY OF DALLAS
00000159673000000,MULTIPLE OWNERS
00000159778000000,CITY OF DALLAS
00000160033000000,CITY OF DALLAS
00000162343000000,MULTIPLE OWNERS
00000167149000000,CITY OF DALLAS
00000167212000000,CITY OF DALLAS
00000167257000000,CITY OF DALLAS
00000167269000000,CITY OF DALLAS
00000167380000000,CITY OF DALLAS
00000167794000000,CITY OF DALLAS
00000167812000000,CITY OF DALLAS
00000168641000000,CITY OF DALLAS
00000169129000000,CITY OF DALLAS
00000169216000000,MULTIPLE OWNERS
00000169378000100,CITY OF DALLAS
00000169396000000,CITY OF DALLAS
00000169396000200,CITY OF DALLAS
00000169408000000,CITY OF DALLAS
00000169408000100,CITY OF DALLAS
00000169471000000,CITY OF DALLAS
00000169669000000,MULTIPLE OWNERS
00000169723000000,DALLAS HOUSING AUTHORITY
00000169885000000,CITY OF DALLAS
00000169981000000,DALLAS HOUSING AUTHORITY
00000170131000000,MULTIPLE OWNERS
00000170245000000,CITY OF DALLAS
00000170371000000,DALLAS HOUSING AUTHORITY
00000170806000000,CITY OF DALLAS
00000170848000000,CITY OF DALLAS
00000170968000000,CITY OF DALLAS
00000171754000000,CITY OF DALLAS
00000172198000000,CITY OF DALLAS
00000172357000000,CITY OF DALLAS
00000172549000000,CITY OF DALLAS
00000173551000000,DALLAS HOUSING AUTHORITY
00000173722000000,CITY OF DALLAS
00000173866000000,CITY OF DALLAS
00000173905000000,CITY OF DALLAS
00000174166000100,CITY OF DALLAS
00000174335000000,CITY OF DALLAS
00000174355000000,CITY OF DALLAS
00000174358000000,CITY OF DALLAS
00000174361000000,CITY OF DALLAS
00000174370000000,CITY OF DALLAS
00000174373000000,CITY OF DALLAS
00000174381000000,CITY OF DALLAS
00000174508000000,CITY OF DALLAS
00000174706000000,CITY OF DALLAS
00000174919000000,CITY OF DALLAS
00000175006000000,CITY OF DALLAS
00000175021000000,CITY OF DALLAS
00000175042000000,CITY OF DALLAS
00000175105000000,CITY OF DALLAS
00000175975000000,CITY OF DALLAS
00000175979000000,DALLAS COUNTY
00000175982000000,DALLAS COUNTY
00000176068000000,DALLAS HOUSING AUTHORITY
00000176440000000,MULTIPLE OWNERS
00000176458000000,CITY OF DALLAS
00000176512000000,CITY OF DALLAS
00000176536000000,CITY OF DALLAS
00000176923000000,DART
00000177748000000,CITY OF DALLAS
00000177799000000,CITY OF DALLAS
00000177859000000,CITY OF DALLAS
00000177901000000,MULTIPLE OWNERS
00000178084000000,CITY OF DALLAS
00000178336000000,CITY OF DALLAS
00000178342000000,CITY OF DALLAS
00000178363000000,CITY OF DALLAS
00000178381000000,CITY OF DALLAS
00000178411000000,CITY OF DALLAS
00000178489000000,CITY OF DALLAS
00000178492000000,CITY OF DALLAS
00000178495000000,CITY OF DALLAS
00000178525000000,CITY OF DALLAS
00000178564000000,CITY OF DALLAS
00000178567000000,CITY OF DALLAS
00000178606000000,CITY OF DALLAS
00000178618000000,CITY OF DALLAS
00000178645000000,CITY OF DALLAS
00000178732000000,CITY OF DALLAS
00000178909000000,CITY OF DALLAS
00000178927000000,CITY OF DALLAS
00000179050000000,CITY OF DALLAS
00000179135000000,CITY OF DALLAS
00000179218000000,CITY OF DALLAS
00000179227000000,CITY OF DALLAS
00000179230000000,CITY OF DALLAS
00000179233000000,CITY OF DALLAS
00000179236000000,CITY OF DALLAS
00000179341000000,CITY OF DALLAS
00000179353000000,CITY OF DALLAS
00000179372000000,CITY OF DALLAS
00000179452000000,CITY OF DALLAS
00000179461000000,CITY OF DALLAS
00000179545000000,CITY OF DALLAS
00000179557000000,CITY OF DALLAS
00000179578000000,DALLAS HOUSING AUTHORITY
00000179584000000,CITY OF DALLAS
00000179683000000,CITY OF DALLAS
00000179773000000,CITY OF DALLAS
00000179812000000,CITY OF DALLAS
00000179818000000,CITY OF DALLAS
00000179845000000,CITY OF DALLAS
00000179980000000,CITY OF DALLAS
00000180187000000,CITY OF DALLAS
00000180214000000,CITY OF DALLAS
00000180376000000,MULTIPLE OWNERS
00000180517000000,CITY OF DALLAS
00000180520000000,CITY OF DALLAS
00000180556000000,CITY OF DALLAS
00000180691000000,CITY OF DALLAS
00000180757000000,CITY OF DALLAS
00000180994000000,CITY OF DALLAS
00000181036000000,CITY OF DALLAS
00000181177000000,CITY OF DALLAS
00000181234000000,CITY OF DALLAS
00000181258000000,CITY OF DALLAS
00000181354000000,CITY OF DALLAS
00000181411000000,CITY OF DALLAS
00000181420000000,DALLAS HOUSING AUTHORITY
00000181441000000,CITY OF DALLAS
00000181444000000,CITY OF DALLAS
00000181447000000,CITY OF DALLAS
00000181450000000,CITY OF DALLAS
00000181504000000,CITY OF DALLAS
00000188026000000,CITY OF DALLAS
00000188629000000,DALLAS HOUSING AUTHORITY
00000188632000000,CITY OF DALLAS
00000192577000000,CITY OF DALLAS
00000194698000000,DALLAS HOUSING AUTHORITY
00000197501250000,CITY OF DALLAS
00000197501250100,CITY OF DALLAS
00000200212000000,CITY OF DALLAS
00000200854000000,CITY OF DALLAS
00000200935000000,MULTIPLE OWNERS
00000201205000000,DART
00000201460000000,CITY OF DALLAS
00000201607000000,MULTIPLE OWNERS
00000202930000000,CITY OF DALLAS
00000204865000000,CITY OF DALLAS
00000205852000000,CITY OF DALLAS
00000207052000000,CITY OF DALLAS
00000207121000000,CITY OF DALLAS
00000207142000000,CITY OF DALLAS
00000207148000000,CITY OF DALLAS
00000207442000000,DALLAS ISD
00000207445000000,DALLAS ISD
00000207448000000,DALLAS ISD
00000207451000000,DALLAS ISD
00000207454000000,DALLAS ISD
00000207457000000,DALLAS ISD
00000207460000000,DALLAS ISD
00000207463000000,DALLAS ISD
00000207466000000,DALLAS ISD
00000207469000000,DALLAS ISD
00000207472000000,DALLAS ISD
00000207475000000,DALLAS ISD
00000207478000000,DALLAS ISD
00000207481000000,DALLAS ISD
00000207484000000,DALLAS ISD
00000207487000000,DALLAS ISD
00000207490000000,DALLAS ISD
00000207493000000,DALLAS ISD
00000207496000000,DALLAS ISD
00000207499000000,DALLAS ISD
00000207502000000,DALLAS ISD
00000207583000000,DALLAS ISD
00000207586000000,DALLAS ISD
00000207589000000,DALLAS ISD
00000207592000000,DALLAS ISD
00000207595000000,DALLAS ISD
00000207598000000,DALLAS ISD
00000207601000000,DALLAS ISD
00000207604000000,DALLAS ISD
00000207607000000,DALLAS ISD
00000207610000000,DALLAS ISD
00000207613000000,DALLAS ISD
00000207616000000,DALLAS ISD
00000207728000000,CITY OF DALLAS
00000207741000000,CITY OF DALLAS
00000207796000000,CITY OF DALLAS
00000207799000000,CITY OF DALLAS
00000207814000000,CITY OF DALLAS
00000207820000000,DALLAS HOUSING AUTHORITY
00000207838000000,CITY OF DALLAS
00000207859000000,CITY OF DALLAS
00000207883000000,CITY OF DALLAS
00000207886000000,CITY OF DALLAS
00000207997000000,CITY OF DALLAS
00000208012000000,MULTIPLE OWNERS
00000208033000000,CITY OF DALLAS
00000208075000000,CITY OF DALLAS
00000208084000000,DALLAS HOUSING AUTHORITY
00000208132000000,CITY OF DALLAS
00000209182000100,CITY OF DALLAS
00000209185000000,CITY OF DALLAS
00000209188000000,CITY OF DALLAS
00000209242000000,CITY OF DALLAS
00000209245000000,CITY OF DALLAS
00000209248000000,CITY OF DALLAS
00000211090000000,DALLAS HOUSING AUTHORITY
00000211096000000,DALLAS HOUSING AUTHORITY
00000212575000000,CITY OF DALLAS
00000213040000100,DART
00000214585000000,CITY OF DALLAS
00000214876000000,DALLAS COUNTY
00000215260000000,CITY OF DALLAS
00000215260000100,CITY OF DALLAS
00000215278000000,CITY OF DALLAS
00000215470000000,CITY OF DALLAS
00000215527000000,CITY OF DALLAS
00000215620000000,MULTIPLE OWNERS
00000215752000000,CITY OF DALLAS
00000215824000000,CITY OF DALLAS
00000215893000000,CITY OF DALLAS
00000215950000000,CITY OF DALLAS
00000216037000000,CITY OF DALLAS
00000216058000000,CITY OF DALLAS
00000216169000000,CITY OF DALLAS
00000216172000000,CITY OF DALLAS
00000216298000000,CITY OF DALLAS
00000216439000000,DALLAS HOUSING AUTHORITY
00000216505000000,CITY OF DALLAS
00000216544000000,CITY OF DALLAS
00000216613000000,CITY OF DALLAS
00000216670000000,CITY OF DALLAS
00000216718000000,CITY OF DALLAS
00000216814000000,CITY OF DALLAS
00000216859000000,CITY OF DALLAS
00000216868000000,CITY OF DALLAS
00000216983000000,CITY OF DALLAS
00000218506000000,DALLAS HOUSING AUTHORITY
00000218638000000,CITY OF DALLAS
00000218659000000,CITY OF DALLAS
00000218668000000,CITY OF DALLAS
00000218740000000,CITY OF DALLAS
00000218746000000,CITY OF DALLAS
00000218758000000,CITY OF DALLAS
00000218767000000,CITY OF DALLAS
00000218791000000,CITY OF DALLAS
00000218830000000,CITY OF DALLAS
00000218854000000,CITY OF DALLAS
00000218890000000,CITY OF DALLAS
00000219027000000,CITY OF DALLAS
00000219061000000,CITY OF DALLAS
00000219154000000,CITY OF DALLAS
00000219166000000,CITY OF DALLAS
00000219172000000,CITY OF DALLAS
00000219175000000,CITY OF DALLAS
00000219181000000,CITY OF DALLAS
00000219247000000,MULTIPLE OWNERS
00000219271000000,CITY OF DALLAS
00000219310000000,CITY OF DALLAS
00000219331000000,CITY OF DALLAS
00000219349000000,CITY OF DALLAS
00000219361000000,CITY OF DALLAS
00000219373000000,CITY OF DALLAS
00000219412000000,CITY OF DALLAS
00000219418000000,CITY OF DALLAS
00000219457000000,CITY OF DALLAS
00000219469000000,CITY OF DALLAS
00000219490000000,CITY OF DALLAS
00000219493000000,MULTIPLE OWNERS
00000219577000000,CITY OF DALLAS
00000219589000000,CITY OF DALLAS
00000219652000000,CITY OF DALLAS
00000219655000000,CITY OF DALLAS
00000219730000000,CITY OF DALLAS
00000219742000000,CITY OF DALLAS
00000219772000000,CITY OF DALLAS
00000219862000000,CITY OF DALLAS
00000219886000000,CITY OF DALLAS
00000219973000000,CITY OF DALLAS
00000220066000000,CITY OF DALLAS
00000220360000000,CITY OF DALLAS
00000220372000000,CITY OF DALLAS
00000220459000000,CITY OF DALLAS
00000220564000000,CITY OF DALLAS
00000220606000000,DALLAS HOUSING AUTHORITY
00000220627000000,MULTIPLE OWNERS
00000220729000000,CITY OF DALLAS
00000220804000000,CITY OF DALLAS
00000220822000000,CITY OF DALLAS
00000220855000000,CITY OF DALLAS
00000220966000000,CITY OF DALLAS
00000220969000000,CITY OF DALLAS
00000221248000000,CITY OF DALLAS
00000221380000000,CITY OF DALLAS
00000221389000000,CITY OF DALLAS
00000221410000000,CITY OF DALLAS
00000221413000000,CITY OF DALLAS
00000221416000000,CITY OF DALLAS
00000221425000000,CITY OF DALLAS
00000221428000000,CITY OF DALLAS
00000221437000000,CITY OF DALLAS
00000221545000000,CITY OF DALLAS
00000221653000000,CITY OF DALLAS
00000221740000000,CITY OF DALLAS
00000221743000000,CITY OF DALLAS
00000221914000000,CITY OF DALLAS
00000221917000000,CITY OF DALLAS
00000221956000000,CITY OF DALLAS
00000221959000000,CITY OF DALLAS
00000221986000000,CITY OF DALLAS
00000221995000000,CITY OF DALLAS
00000222019000000,CITY OF DALLAS
00000222079000000,CITY OF DALLAS
00000222082000000,CITY OF DALLAS
00000222113000000,CITY OF DALLAS
00000222118000000,CITY OF DALLAS
00000222133000000,CITY OF DALLAS
00000222163000000,CITY OF DALLAS
00000222211000000,CITY OF DALLAS
00000222223000000,CITY OF DALLAS
00000222292000000,CITY OF DALLAS
00000222361000000,CITY OF DALLAS
00000222364000000,CITY OF DALLAS
00000222367000000,CITY OF DALLAS
00000222388000000,CITY OF DALLAS
00000222397000000,CITY OF DALLAS
00000222415000000,CITY OF DALLAS
00000222424000000,CITY OF DALLAS
00000222475000000,CITY OF DALLAS
00000222511000000,CITY OF DALLAS
00000222514000000,CITY OF DALLAS
00000222520000000,CITY OF DALLAS
00000222523000000,CITY OF DALLAS
00000222544000000,CITY OF DALLAS
00000222550000000,CITY OF DALLAS
00000222553000000,CITY OF DALLAS
00000222565000000,CITY OF DALLAS
00000222577000000,CITY OF DALLAS
00000222580000000,CITY OF DALLAS
00000222583000000,CITY OF DALLAS
00000222589000000,CITY OF DALLAS
00000222598000000,CITY OF DALLAS
00000222610000000,CITY OF DALLAS
00000222619000000,CITY OF DALLAS
00000223078000000,CITY OF DALLAS
00000223099000000,CITY OF DALLAS
00000223102000000,CITY OF DALLAS
00000223105000000,CITY OF DALLAS
00000223139000000,CITY OF DALLAS
00000223639000000,CITY OF DALLAS
00000223747000000,CITY OF DALLAS
00000223750000000,CITY OF DALLAS
00000224272000000,CITY OF DALLAS
00000224275000000,CITY OF DALLAS
00000224341000000,CITY OF DALLAS
00000224359000000,CITY OF DALLAS
00000224590000000,DALLAS HOUSING AUTHORITY
00000224593000000,CITY OF DALLAS
00000224599000000,CITY OF DALLAS
00000224863000000,DALLAS HOUSING AUTHORITY
00000224866000000,DALLAS HOUSING AUTHORITY
00000224872000000,CITY OF DALLAS
00000224893000000,CITY OF DALLAS
00000224917000000,CITY OF DALLAS
00000224923000000,CITY OF DALLAS
00000225112000000,DALLAS HOUSING AUTHORITY
00000225124000000,DALLAS HOUSING AUTHORITY
00000225340000000,CITY OF DALLAS
00000226525000000,CITY OF DALLAS
00000226531000000,CITY OF DALLAS
00000226651000000,DALLAS ISD
00000226834000000,CITY OF DALLAS
00000229867000100,CITY OF DALLAS
00000229873000100,CITY OF DALLAS
00000229969500000,CITY OF DALLAS
00000230236000000,CITY OF DALLAS
00000239497000000,DART
00000240079000100,CITY OF DALLAS
00000242167000000,CITY OF DALLAS
00000248407000000,CITY OF DALLAS
00000248407000100,CITY OF DALLAS
00000248407000200,CITY OF DALLAS
00000248426000000,CITY OF DALLAS
00000248736000000,CITY OF DALLAS
00000248770000000,CITY OF DALLAS
00000248773000000,CITY OF DALLAS
00000248794000000,CITY OF DALLAS
00000248962000000,MULTIPLE OWNERS
00000249061000000,CITY OF DALLAS
00000249553000000,CITY OF DALLAS
00000249691000000,CITY OF DALLAS
00000249769000000,CITY OF DALLAS
00000249772000000,CITY OF DALLAS
00000249775000000,CITY OF DALLAS
00000249784000000,CITY OF DALLAS
00000249793000000,CITY OF DALLAS
00000249802000000,CITY OF DALLAS
00000249808000000,CITY OF DALLAS
00000249817000000,CITY OF DALLAS
00000249829000000,CITY OF DALLAS
00000249953000000,DART
00000249965000000,DART
00000249971000000,DART
00000249972000000,DART
00000249973000000,DART
00000249979000000,DART
00000249985000000,DART
00000250405000000,DALLAS COUNTY
00000250408000000,DALLAS COUNTY
00000251014000000,DALLAS ISD
00000251017000000,DALLAS ISD
00000251224000000,DALLAS COUNTY
00000252892000000,DALLAS ISD
00000253222000000,CITY OF DALLAS
00000253375000000,CITY OF DALLAS
00000253378000000,CITY OF DALLAS
00000253381000000,CITY OF DALLAS
00000253384000000,CITY OF DALLAS
00000253387000000,CITY OF DALLAS
00000253390000000,CITY OF DALLAS
00000253393000000,CITY OF DALLAS
00000253396000000,CITY OF DALLAS
00000253399000000,CITY OF DALLAS
00000253402000000,CITY OF DALLAS
00000253405000000,CITY OF DALLAS
00000253408000000,CITY OF DALLAS
00000253411000000,CITY OF DALLAS
00000253414000000,CITY OF DALLAS
00000253621000000,CITY OF DALLAS
00000254473000000,CITY OF DALLAS
00000255721000000,CITY OF DALLAS
00000255724000000,CITY OF DALLAS
00000256027000000,CITY OF DALLAS
00000259792000000,CITY OF DALLAS
00000261082000000,CITY OF DALLAS
00000263551000000,CITY OF DALLAS
00000263614000000,CITY OF DALLAS
00000266161000000,CITY OF DALLAS
00000266167000000,CITY OF DALLAS
00000266171000000,CITY OF DALLAS
00000266172000000,CITY OF DALLAS
00000266177000000,CITY OF DALLAS
00000266191000000,CITY OF DALLAS
00000266290000000,CITY OF DALLAS
00000266302000000,CITY OF DALLAS
00000266302000100,CITY OF DALLAS
00000266314000000,CITY OF DALLAS
00000266386000000,CITY OF DALLAS
00000266392000000,CITY OF DALLAS
00000266406000000,CITY OF DALLAS
00000266407000000,CITY OF DALLAS
00000266410000000,CITY OF DALLAS
00000266413000000,CITY OF DALLAS
00000266470000000,CITY OF DALLAS
00000266539000000,CITY OF DALLAS
00000266647000000,DALLAS HOUSING AUTHORITY
00000266650000000,CITY OF DALLAS
00000266764000000,CITY OF DALLAS
00000266767000000,CITY OF DALLAS
00000266773000000,CITY OF DALLAS
00000266776000000,CITY OF DALLAS
00000266782000000,CITY OF DALLAS
00000266797000000,CITY OF DALLAS
00000266827000000,CITY OF DALLAS
00000266947000000,MULTIPLE OWNERS
00000267043000100,DART
00000267046000100,DART
00000267055000100,DART
00000267643000000,CITY OF DALLAS
00000267649000000,CITY OF DALLAS
00000267673000000,CITY OF DALLAS
00000267697000000,CITY OF DALLAS
00000267745000000,CITY OF DALLAS
00000267787000000,CITY OF DALLAS
00000267790000000,CITY OF DALLAS
00000267796000000,CITY OF DALLAS
00000267811000000,CITY OF DALLAS
00000267820000000,CITY OF DALLAS
00000267823000000,CITY OF DALLAS
00000268177000000,CITY OF DALLAS
00000268192000000,CITY OF DALLAS
00000268201000000,CITY OF DALLAS
00000268213000000,CITY OF DALLAS
00000268216000000,CITY OF DALLAS
00000268219000000,CITY OF DALLAS
00000268222000000,CITY OF DALLAS
00000268240000000,CITY OF DALLAS
00000268252000000,CITY OF DALLAS
00000268675000000,CITY OF DALLAS
00000268975000000,CITY OF DALLAS
00000269062000000,CITY OF DALLAS
00000269635000000,CITY OF DALLAS
00000270298000000,CITY OF DALLAS
00000270313000000,CITY OF DALLAS
00000271744000000,CITY OF DALLAS
00000272999000000,CITY OF DALLAS
00000274117000100,CITY OF DALLAS
00000274270000000,DALLAS ISD
00000275143000000,CITY OF DALLAS
00000275263000000,CITY OF DALLAS
00000275842000000,CITY OF DALLAS
00000276028500000,CITY OF DALLAS
00000276034000000,CITY OF DALLAS
00000276037000000,CITY OF DALLAS
00000276076000000,CITY OF DALLAS
00000276487000000,CITY OF DALLAS
00000276643000000,CITY OF DALLAS
00000276649000000,CITY OF DALLAS
00000276670000000,CITY OF DALLAS
00000276676000000,CITY OF DALLAS
00000276685000000,CITY OF DALLAS
00000276688000000,CITY OF DALLAS
00000276694000000,CITY OF DALLAS
00000276700000000,CITY OF DALLAS
00000276712000000,CITY OF DALLAS
00000276715000000,CITY OF DALLAS
00000277009000000,CITY OF DALLAS
00000277429000000,CITY OF DALLAS
00000277873000000,CITY OF DALLAS
00000278575000000,DART
00000278611000000,DART
00000278758000000,DART
00000278780000000,DART
00000278797000000,DART
00000278812000000,DART
00000278830000000,DART
00000278842000000,DART
00000279244000000,DART
00000279247000000,DART
00000279250000000,DART
00000279337000000,DART
00000279421000000,DART
00000279424000000,DART
00000279499000000,DART
00000279502000000,DART
00000279616000000,DART
00000279640000000,CITY OF DALLAS
00000279652000000,CITY OF DALLAS
00000279691000000,DART
00000279694000000,DART
00000279745000000,CITY OF DALLAS
00000279799000000,CITY OF DALLAS
00000279874000000,CITY OF DALLAS
00000280237000000,CITY OF DALLAS
00000280993000000,CITY OF DALLAS
00000281041000000,CITY OF DALLAS
00000281116000000,CITY OF DALLAS
00000282427000000,DALLAS ISD
00000284473000000,CITY OF DALLAS
00000284551000000,CITY OF DALLAS
00000284572000000,CITY OF DALLAS
00000284578000000,CITY OF DALLAS
00000284887000000,CITY OF DALLAS
00000284989000000,DART
00000284998000000,DART
00000285001000000,DART
00000285004000000,DART
00000285007000000,DART
00000285010000000,DART
00000285013000000,DART
00000285061000000,DART
00000285064000000,DART
00000285121000000,DART
00000285157000000,DART
00000285184000000,DART
00000285190000000,DART
00000285205000000,DART
00000285208000000,DART
00000285253000000,CITY OF DALLAS
00000285628000000,MULTIPLE OWNERS
00000286786000000,CITY OF DALLAS
00000286789000000,CITY OF DALLAS
00000286792000000,CITY OF DALLAS
00000288172000000,CITY OF DALLAS
00000288175000000,CITY OF DALLAS
00000288178000000,CITY OF DALLAS
00000288181000000,CITY OF DALLAS
00000288184000100,DART
00000288187000000,CITY OF DALLAS
00000288622000000,CITY OF DALLAS
00000291934000000,CITY OF DALLAS
00000291937000000,CITY OF DALLAS
00000291952000000,CITY OF DALLAS
00000292702000000,DALLAS ISD
00000293665000100,DART
00000293917000100,DART
00000293920000100,DART
00000294244000000,DALLAS ISD
00000294847000000,DALLAS HOUSING AUTHORITY
00000294871000000,CITY OF DALLAS
00000295000000000,CITY OF DALLAS
00000295024000000,CITY OF DALLAS
00000295027000000,CITY OF DALLAS
00000295027000100,CITY OF DALLAS
00000295030000000,CITY OF DALLAS
00000295033000000,CITY OF DALLAS
00000295036000000,CITY OF DALLAS
00000297085000000,DALLAS HOUSING AUTHORITY
00000297094000000,CITY OF DALLAS
00000297202000000,CITY OF DALLAS
00000298594000000,CITY OF DALLAS
00000298609000000,CITY OF DALLAS
00000299173000000,CITY OF DALLAS
00000299326000000,CITY OF DALLAS
00000299687000000,CITY OF DALLAS
00000299690000000,CITY OF DALLAS
00000299729000000,CITY OF DALLAS
00000301834000000,CITY OF DALLAS
00000301972000000,CITY OF DALLAS
00000301987000000,DALLAS HOUSING AUTHORITY
00000302293000000,CITY OF DALLAS
00000302575000000,DART
00000302578000000,DART
00000303043000000,DALLAS HOUSING AUTHORITY
00000304111000000,CITY OF DALLAS
00000304636000000,CITY OF DALLAS
00000306976000500,CITY OF DALLAS
00000310129000000,DALLAS HOUSING AUTHORITY
00000310471000000,DALLAS HOUSING AUTHORITY
00000311078500000,CITY OF DALLAS
00000311104000000,CITY OF DALLAS
00000311365000000,DART
00000311368000000,DART
00000311371000000,DART
00000311374000000,DART
00000312166000000,CITY OF DALLAS
00000312190000000,CITY OF DALLAS
00000312208000000,CITY OF DALLAS
00000314506000000,CITY OF DALLAS
00000314548000000,CITY OF DALLAS
00000314899000000,CITY OF DALLAS
00000315565000000,CITY OF DALLAS
00000316459000000,MULTIPLE OWNERS
00000316765000000,CITY OF DALLAS
00000317182000000,CITY OF DALLAS
00000317185000000,CITY OF DALLAS
00000317188000000,CITY OF DALLAS
00000317191000000,CITY OF DALLAS
00000317194000000,CITY OF DALLAS
00000317197000000,CITY OF DALLAS
00000317200000000,CITY OF DALLAS
00000317203000000,CITY OF DALLAS
00000317206000000,CITY OF DALLAS
00000317209000000,CITY OF DALLAS
00000317212000000,CITY OF DALLAS
00000317215000000,CITY OF DALLAS
00000317218000000,CITY OF DALLAS
00000317221000000,CITY OF DALLAS
00000317224000000,CITY OF DALLAS
00000317227000000,CITY OF DALLAS
00000317230000000,CITY OF DALLAS
00000317233000000,CITY OF DALLAS
00000317236000000,CITY OF DALLAS
00000317239000000,CITY OF DALLAS
00000317242000000,CITY OF DALLAS
00000317245000000,CITY OF DALLAS
00000317248000000,CITY OF DALLAS
00000317251000000,CITY OF DALLAS
00000317254000000,CITY OF DALLAS
00000317257000000,CITY OF DALLAS
00000317260000000,CITY OF DALLAS
00000317263000000,CITY OF DALLAS
00000317725000000,CITY OF DALLAS
00000317749000000,DART
00000317911000000,CITY OF DALLAS
00000318625000000,CITY OF DALLAS
00000318652000000,CITY OF DALLAS
00000319594000000,CITY OF DALLAS
00000319780000000,CITY OF DALLAS
00000319882000000,CITY OF DALLAS
00000320020000100,CITY OF DALLAS
00000320023000300,CITY OF DALLAS
00000320032000200,CITY OF DALLAS
00000320035000100,CITY OF DALLAS
00000320038000000,CITY OF DALLAS
00000320038000100,CITY OF DALLAS
00000320041000100,CITY OF DALLAS
00000320056000100,CITY OF DALLAS
00000320065000100,DART
00000320068000100,CITY OF DALLAS
00000320077000000,CITY OF DALLAS
00000320086000000,CITY OF DALLAS
00000320086000100,CITY OF DALLAS
00000320086000200,CITY OF DALLAS
00000320182000000,CITY OF DALLAS
00000321367000000,CITY OF DALLAS
00000322519000000,CITY OF DALLAS
00000322525000000,CITY OF DALLAS
00000322678000000,CITY OF DALLAS
00000322681000000,CITY OF DALLAS
00000322705000000,CITY OF DALLAS
00000322708000000,CITY OF DALLAS
00000322717000000,CITY OF DALLAS
00000322747000000,CITY OF DALLAS
00000322780000000,CITY OF DALLAS
00000322834000000,CITY OF DALLAS
00000322843000000,CITY OF DALLAS
00000322846000000,CITY OF DALLAS
00000322849000000,CITY OF DALLAS
00000322897000000,CITY OF DALLAS
00000322909000000,CITY OF DALLAS
00000322912000000,CITY OF DALLAS
00000322915000000,CITY OF DALLAS
00000322918000000,CITY OF DALLAS
00000322924000000,CITY OF DALLAS
00000323011000000,CITY OF DALLAS
00000323014000000,CITY OF DALLAS
00000323029000000,CITY OF DALLAS
00000323044000000,CITY OF DALLAS
00000323062000000,MULTIPLE OWNERS
00000323152000000,CITY OF DALLAS
00000323161000100,CITY OF DALLAS
00000323179000000,CITY OF DALLAS
00000323188000000,CITY OF DALLAS
00000323203000000,CITY OF DALLAS
00000323923000000,CITY OF DALLAS
00000323932000000,CITY OF DALLAS
00000324142000000,DART
00000324343000000,DALLAS HOUSING AUTHORITY
00000324433000000,CITY OF DALLAS
00000324439000000,MULTIPLE OWNERS
00000324739000000,CITY OF DALLAS
00000324811000000,CITY OF DALLAS
00000324931000000,MULTIPLE OWNERS
00000325249000000,DALLAS HOUSING AUTHORITY
00000325369000000,CITY OF DALLAS
00000325375000000,CITY OF DALLAS
00000325408000000,CITY OF DALLAS
00000325489000000,CITY OF DALLAS
00000328909000000,CITY OF DALLAS
00000331102000000,CITY OF DALLAS
00000331360000000,CITY OF DALLAS
00000331639000000,CITY OF DALLAS
00000331642000000,CITY OF DALLAS
00000331645000000,CITY OF DALLAS
00000332542000000,CITY OF DALLAS
00000333049000000,CITY OF DALLAS
00000333052000000,CITY OF DALLAS
00000333061000000,CITY OF DALLAS
00000333088000000,CITY OF DALLAS
00000333088000100,CITY OF DALLAS
00000333097000100,CITY OF DALLAS
00000333100000000,CITY OF DALLAS
00000333124000000,CITY OF DALLAS
00000333151000000,CITY OF DALLAS
00000334162000000,CITY OF DALLAS
00000335308000000,DART
00000335311000000,DART
00000335332000000,DART
00000335392000000,DART
00000335423000000,DART
00000335425000000,DART
00000335452000000,DART
00000336025000000,CITY OF DALLAS
00000336028000000,CITY OF DALLAS
00000336031000000,CITY OF DALLAS
00000336034000000,CITY OF DALLAS
00000336217000000,CITY OF DALLAS
00000338497000000,CITY OF DALLAS
00000338794000000,CITY OF DALLAS
00000338827000000,CITY OF DALLAS
00000338833000000,CITY OF DALLAS
00000338941000000,CITY OF DALLAS
00000345166000000,CITY OF DALLAS
00000345166000100,CITY OF DALLAS
00000349261000000,CITY OF DALLAS
00000350428000000,CITY OF DALLAS
00000351364000000,CITY OF DALLAS
00000351364000100,CITY OF DALLAS
00000352096000000,CITY OF DALLAS
00000352222000000,CITY OF DALLAS
00000354988000000,CITY OF DALLAS
00000357421000000,CITY OF DALLAS
00000357514000000,CITY OF DALLAS
00000357541000000,CITY OF DALLAS
00000358207920000,CITY OF DALLAS
00000358209000000,CITY OF DALLAS
00000358209100000,CITY OF DALLAS
00000358210250000,CITY OF DALLAS
00000362722000000,CITY OF DALLAS
00000363385000100,CITY OF DALLAS
00000363511000000,DALLAS HOUSING AUTHORITY
00000365593000000,CITY OF DALLAS
00000365596000000,CITY OF DALLAS
00000366019000000,DART
00000366733000000,CITY OF DALLAS
00000366733500000,CITY OF DALLAS
00000367126000000,CITY OF DALLAS
00000367714000000,CITY OF DALLAS
00000367723000000,CITY OF DALLAS
00000367936000000,CITY OF DALLAS
00000367943000000,CITY OF DALLAS
00000367944000000,CITY OF DALLAS
00000367955000000,CITY OF DALLAS
00000367961000000,CITY OF DALLAS
00000367974000000,CITY OF DALLAS
00000367984000000,CITY OF DALLAS
00000367988000000,CITY OF DALLAS
00000367989000000,CITY OF DALLAS
00000368273500000,DALLAS ISD
00000368274000000,DALLAS ISD
00000368638000000,CITY OF DALLAS
00000368641000000,CITY OF DALLAS
00000370525000000,CITY OF DALLAS
00000370555000000,CITY OF DALLAS
00000370561000000,CITY OF DALLAS
00000371326000000,CITY OF DALLAS
00000371701000000,CITY OF DALLAS
00000374608000000,CITY OF DALLAS
00000380002000000,CITY OF DALLAS
00000380005000000,CITY OF DALLAS
00000380008000000,CITY OF DALLAS
00000380011000000,CITY OF DALLAS
00000380020000000,CITY OF DALLAS
00000380023000000,CITY OF DALLAS
00000387301000000,CITY OF DALLAS
00000387311000000,CITY OF DALLAS
00000391417000000,CITY OF DALLAS
00000391420000000,CITY OF DALLAS
00000393466000100,CITY OF DALLAS
00000394891000000,CITY OF DALLAS
00000395740000000,CITY OF DALLAS
00000395836000000,CITY OF DALLAS
00000395838000000,CITY OF DALLAS
00000395914000000,CITY OF DALLAS
00000395917000000,CITY OF DALLAS
00000395998000100,CITY OF DALLAS
00000398530000000,CITY OF DALLAS
00000398533000000,CITY OF DALLAS
00000402085000000,CITY OF DALLAS
00000405727000000,CITY OF DALLAS
00000414646000000,CITY OF DALLAS
00000414702000000,CITY OF DALLAS
00000414742120000,CITY OF DALLAS
00000418414000000,CITY OF DALLAS
00000423232000000,CITY OF DALLAS
00000429685000000,DART
00000429829000000,CITY OF DALLAS
00000430297000000,DALLAS COUNTY
00000430405000000,DALLAS COUNTY
00000430408000000,DALLAS COUNTY
00000430411000000,DALLAS COUNTY
00000430420000000,DALLAS COUNTY
00000430426000000,DALLAS COUNTY
00000430435000000,DALLAS COUNTY
00000430438000000,DALLAS COUNTY
00000430462000000,DALLAS COUNTY
00000432463000000,CITY OF DALLAS
00000432739000000,CITY OF DALLAS
00000432970000000,CITY OF DALLAS
00000433198000000,CITY OF DALLAS
00000433537000000,CITY OF DALLAS
00000433582000000,CITY OF DALLAS
00000433595000000,CITY OF DALLAS
00000433837000000,CITY OF DALLAS
00000434200000000,CITY OF DALLAS
00000434206000000,CITY OF DALLAS
00000434227000000,DART
00000434233000000,DART
00000434254000000,DART
00000434257000000,DART
00000434260000000,DART
00000434494000000,CITY OF DALLAS
00000434494000100,CITY OF DALLAS
00000434509000100,CITY OF DALLAS
00000434584000000,CITY OF DALLAS
00000434584000100,CITY OF DALLAS
00000434677000000,CITY OF DALLAS
00000434680000000,CITY OF DALLAS
00000434683000000,CITY OF DALLAS
00000436327000000,CITY OF DALLAS
00000436330000000,CITY OF DALLAS
00000436348000000,CITY OF DALLAS
00000436699000000,CITY OF DALLAS
00000436732000000,CITY OF DALLAS
00000438298000000,CITY OF DALLAS
00000438748000000,CITY OF DALLAS
00000440608000000,CITY OF DALLAS
00000440611000000,CITY OF DALLAS
00000441766000000,CITY OF DALLAS
00000443180000000,CITY OF DALLAS
00000444604000000,CITY OF DALLAS
00000444607000000,CITY OF DALLAS
00000445294000000,CITY OF DALLAS
00000445348000000,CITY OF DALLAS
00000445348000100,CITY OF DALLAS
00000445421000000,DALLAS ISD
00000445423000000,DALLAS ISD
00000445426000000,DALLAS ISD
00000446281000000,DALLAS HOUSING AUTHORITY
00000446875000000,DALLAS HOUSING AUTHORITY
00000448210000000,CITY OF DALLAS
00000448219500000,CITY OF DALLAS
00000448225500000,CITY OF DALLAS
00000448232000000,CITY OF DALLAS
00000448249000000,CITY OF DALLAS
00000449572000000,CITY OF DALLAS
00000449575000000,CITY OF DALLAS
00000449578000000,CITY OF DALLAS
00000449581000000,CITY OF DALLAS
00000449584000000,CITY OF DALLAS
00000449587000000,CITY OF DALLAS
00000451768000000,CITY OF DALLAS
00000452206000000,DALLAS HOUSING AUTHORITY
00000453451000000,CITY OF DALLAS
00000453938000000,CITY OF DALLAS
00000453940000000,CITY OF DALLAS
00000453943000000,CITY OF DALLAS
00000454033000000,CITY OF DALLAS
00000454036000000,CITY OF DALLAS
00000455398000000,CITY OF DALLAS
00000455398000100,CITY OF DALLAS
00000455437000000,CITY OF DALLAS
00000456175000000,CITY OF DALLAS
00000456178000000,CITY OF DALLAS
00000456181000000,CITY OF DALLAS
00000456184000000,CITY OF DALLAS
00000456187000000,CITY OF DALLAS
00000456190000000,CITY OF DALLAS
00000456193000000,CITY OF DALLAS
00000456196000000,CITY OF DALLAS
00000456199000000,CITY OF DALLAS
00000456202000000,CITY OF DALLAS
00000456205000000,CITY OF DALLAS
00000456208000000,CITY OF DALLAS
00000456211000000,CITY OF DALLAS
00000456214000000,CITY OF DALLAS
00000456217000000,CITY OF DALLAS
00000456220000000,CITY OF DALLAS
00000456223000000,CITY OF DALLAS
00000456226000000,CITY OF DALLAS
00000456259000000,CITY OF DALLAS
00000456262000000,CITY OF DALLAS
00000456265000000,CITY OF DALLAS
00000456271000000,CITY OF DALLAS
00000456274000000,CITY OF DALLAS
00000456280000000,CITY OF DALLAS
00000456286000000,CITY OF DALLAS
00000456292000000,CITY OF DALLAS
00000456298000000,CITY OF DALLAS
00000456304000000,CITY OF DALLAS
00000456307000000,CITY OF DALLAS
00000456310000000,CITY OF DALLAS
00000456313000000,CITY OF DALLAS
00000457213000000,CITY OF DALLAS
00000457405000000,CITY OF DALLAS
00000457441000000,DALLAS ISD
00000457717000000,CITY OF DALLAS
00000457723000000,CITY OF DALLAS
00000457726000000,CITY OF DALLAS
00000457729000000,CITY OF DALLAS
00000457732000000,CITY OF DALLAS
00000457735000000,CITY OF DALLAS
00000457738000000,CITY OF DALLAS
00000457741000000,CITY OF DALLAS
00000457744000000,CITY OF DALLAS
00000457867000000,CITY OF DALLAS
00000457876000000,CITY OF DALLAS
00000458032000000,CITY OF DALLAS
00000458122000000,CITY OF DALLAS
00000458125000000,CITY OF DALLAS
00000458128000000,CITY OF DALLAS
00000458131000000,CITY OF DALLAS
00000458134000000,CITY OF DALLAS
00000458137000000,CITY OF DALLAS
00000458140000000,CITY OF DALLAS
00000458143000000,CITY OF DALLAS
00000458146000000,CITY OF DALLAS
00000458149000000,CITY OF DALLAS
00000458152000000,CITY OF DALLAS
00000458155000000,CITY OF DALLAS
00000458158000000,CITY OF DALLAS
00000458161000000,CITY OF DALLAS
00000458167000000,CITY OF DALLAS
00000458170000000,CITY OF DALLAS
00000458173000000,CITY OF DALLAS
00000458176000000,CITY OF DALLAS
00000458179000000,CITY OF DALLAS
00000458182000000,CITY OF DALLAS
00000458185000000,CITY OF DALLAS
00000458188000000,CITY OF DALLAS
00000458191000000,CITY OF DALLAS
00000458194000000,CITY OF DALLAS
00000458197000000,CITY OF DALLAS
00000458200000000,CITY OF DALLAS
00000458203000000,CITY OF DALLAS
00000458206000000,CITY OF DALLAS
00000458209000000,CITY OF DALLAS
00000458212000000,CITY OF DALLAS
00000458215000000,CITY OF DALLAS
00000458218000000,CITY OF DALLAS
00000458221000000,CITY OF DALLAS
00000458224000000,CITY OF DALLAS
00000458227000000,CITY OF DALLAS
00000458230000000,CITY OF DALLAS
00000458233000000,CITY OF DALLAS
00000458236000000,CITY OF DALLAS
00000458239000000,CITY OF DALLAS
00000458242000000,CITY OF DALLAS
00000458245000000,CITY OF DALLAS
00000458248000000,CITY OF DALLAS
00000458251000000,CITY OF DALLAS
00000458254000000,CITY OF DALLAS
00000458257000000,CITY OF DALLAS
00000458260000000,CITY OF DALLAS
00000458263000000,CITY OF DALLAS
00000458266000000,CITY OF DALLAS
00000458269000000,CITY OF DALLAS
00000458272000000,CITY OF DALLAS
00000458275000000,CITY OF DALLAS
00000458278000000,CITY OF DALLAS
00000458428000000,CITY OF DALLAS
00000458533000000,CITY OF DALLAS
00000458770000000,CITY OF DALLAS
00000458773000000,CITY OF DALLAS
00000458815000000,CITY OF DALLAS
00000458824000000,CITY OF DALLAS
00000458827000000,CITY OF DALLAS
00000458836000000,DART
00000458839250000,DART
00000458848000000,DART
00000458866000000,CITY OF DALLAS
00000458905000100,DART
00000458908000000,DART
00000458911000000,DART
00000458914000000,DART
00000462145000000,CITY OF DALLAS
00000465673000000,DALLAS ISD
00000467125500000,CITY OF DALLAS
00000467131000000,CITY OF DALLAS
00000467134000000,CITY OF DALLAS
00000468074000100,CITY OF DALLAS
00000472750000000,CITY OF DALLAS
00000473917000000,DALLAS ISD
00000474148000000,CITY OF DALLAS
00000474163000000,CITY OF DALLAS
00000474457000000,CITY OF DALLAS
00000474931000000,CITY OF DALLAS
00000474988000100,CITY OF DALLAS
00000474991000000,CITY OF DALLAS
00000474994000000,CITY OF DALLAS
00000475283000100,CITY OF DALLAS
00000475292100000,CITY OF DALLAS
00000475293200000,CITY OF DALLAS
00000475293800000,CITY OF DALLAS
00000475301000000,CITY OF DALLAS
00000478864000000,CITY OF DALLAS
00000480904000000,CITY OF DALLAS
00000480904000100,CITY OF DALLAS
00000480907000000,CITY OF DALLAS
00000481552000000,CITY OF DALLAS
00000481558000000,CITY OF DALLAS
00000481561000000,CITY OF DALLAS
00000481564000000,CITY OF DALLAS
00000481570000000,CITY OF DALLAS
00000481573000000,CITY OF DALLAS
00000481576000000,CITY OF DALLAS
00000481579000000,CITY OF DALLAS
00000481585000000,CITY OF DALLAS
00000481588000000,CITY OF DALLAS
00000481591000000,CITY OF DALLAS
00000481591500000,CITY OF DALLAS
00000481597000000,CITY OF DALLAS
00000481606000000,CITY OF DALLAS
00000481684000000,CITY OF DALLAS
00000482278000000,CITY OF DALLAS
00000482281000000,CITY OF DALLAS
00000482284000000,CITY OF DALLAS
00000482365000000,CITY OF DALLAS
00000482368000000,CITY OF DALLAS
00000482647000000,CITY OF DALLAS
00000482659000000,CITY OF DALLAS
00000482662000000,CITY OF DALLAS
00000482665000000,CITY OF DALLAS
00000482668000000,CITY OF DALLAS
00000482671000000,CITY OF DALLAS
00000482923000000,CITY OF DALLAS
00000482929000000,CITY OF DALLAS
00000482932000000,CITY OF DALLAS
00000482935000000,CITY OF DALLAS
00000482938000000,CITY OF DALLAS
00000482941000000,CITY OF DALLAS
00000482944000000,CITY OF DALLAS
00000482969000000,CITY OF DALLAS
00000482971000100,CITY OF DALLAS
00000482974000000,CITY OF DALLAS
00000482986000000,CITY OF DALLAS
00000483131500100,CITY OF DALLAS
00000483135750000,CITY OF DALLAS
00000484960000000,CITY OF DALLAS
00000484966000000,CITY OF DALLAS
00000484969000000,CITY OF DALLAS
00000484972000000,CITY OF DALLAS
00000484978000000,CITY OF DALLAS
00000484981000000,CITY OF DALLAS
00000484984000000,CITY OF DALLAS
00000484987000000,CITY OF DALLAS
00000484990000000,CITY OF DALLAS
00000484993000000,CITY OF DALLAS
00000484996000000,CITY OF DALLAS
00000484999000000,CITY OF DALLAS
00000485002000000,CITY OF DALLAS
00000485020000200,CITY OF DALLAS
00000485020000300,CITY OF DALLAS
00000491140000000,CITY OF DALLAS
00000491145000100,CITY OF DALLAS
00000491245000000,CITY OF DALLAS
00000491284000000,CITY OF DALLAS
00000492052000000,CITY OF DALLAS
00000492163000000,CITY OF DALLAS
00000492235000000,CITY OF DALLAS
00000492253000000,CITY OF DALLAS
00000492287000000,CITY OF DALLAS
00000495103000000,CITY OF DALLAS
00000495124000000,CITY OF DALLAS
00000495130000000,CITY OF DALLAS
00000495199000200,CITY OF DALLAS
00000497353000000,CITY OF DALLAS
00000497356000000,CITY OF DALLAS
00000497407000000,DALLAS ISD
00000497410000000,DALLAS ISD
00000497566000000,CITY OF DALLAS
00000497698000000,CITY OF DALLAS
00000498049000100,CITY OF DALLAS
00000502387000100,CITY OF DALLAS
00000502930000000,CITY OF DALLAS
00000503515000000,CITY OF DALLAS
00000504307000000,CITY OF DALLAS
00000506458000000,CITY OF DALLAS
00000506494000000,CITY OF DALLAS
00000506875000000,CITY OF DALLAS
00000508714000000,CITY OF DALLAS
00000508996000000,CITY OF DALLAS
00000510058000000,CITY OF DALLAS
00000510157000000,CITY OF DALLAS
00000510334000100,CITY OF DALLAS
00000510427000000,CITY OF DALLAS
00000510431000000,CITY OF DALLAS
00000510439000000,CITY OF DALLAS
00000510766000000,CITY OF DALLAS
00000511954000100,CITY OF DALLAS
00000512044000000,CITY OF DALLAS
00000512044000100,CITY OF DALLAS
00000512045000000,CITY OF DALLAS
00000512050000000,CITY OF DALLAS
00000512062000000,CITY OF DALLAS
00000512068000000,CITY OF DALLAS
00000512074000000,CITY OF DALLAS
00000513163000000,CITY OF DALLAS
00000513469000000,CITY OF DALLAS
00000513475000000,DALLAS ISD
00000513502000000,CITY OF DALLAS
00000513506500000,CITY OF DALLAS
00000513511000000,CITY OF DALLAS
00000513511000100,CITY OF DALLAS
00000513529000000,CITY OF DALLAS
00000513538000000,CITY OF DALLAS
00000513547000000,CITY OF DALLAS
00000513550000000,CITY OF DALLAS
00000513562000000,CITY OF DALLAS
00000513592000000,CITY OF DALLAS
00000513595000100,CITY OF DALLAS
00000513601000100,CITY OF DALLAS
00000513628000100,CITY OF DALLAS
00000513648000000,CITY OF DALLAS
00000513670000100,DART
00000513761000000,CITY OF DALLAS
00000513772000100,CITY OF DALLAS
00000513775000100,CITY OF DALLAS
00000513775000200,CITY OF DALLAS
00000513781000100,CITY OF DALLAS
00000513832000000,CITY OF DALLAS
00000513835000000,CITY OF DALLAS
00000513850000000,CITY OF DALLAS
00000514075000000,CITY OF DALLAS
00000514081000000,CITY OF DALLAS
00000514084000000,CITY OF DALLAS
00000514087000000,CITY OF DALLAS
00000514090000000,CITY OF DALLAS
00000514096000000,CITY OF DALLAS
00000514099000000,CITY OF DALLAS
00000514102000000,CITY OF DALLAS
00000514105000000,CITY OF DALLAS
00000514147000000,CITY OF DALLAS
00000514150000000,CITY OF DALLAS
00000514162000000,CITY OF DALLAS
00000514168000000,CITY OF DALLAS
00000514180000000,CITY OF DALLAS
00000514183000000,CITY OF DALLAS
00000514186000000,CITY OF DALLAS
00000514195000000,CITY OF DALLAS
00000514198000100,DART
00000514198000200,DART
00000514222000000,CITY OF DALLAS
00000514225000000,CITY OF DALLAS
00000514228000000,CITY OF DALLAS
00000514243000000,CITY OF DALLAS
00000514246000000,CITY OF DALLAS
00000514249000000,CITY OF DALLAS
00000514252000000,CITY OF DALLAS
00000514255000000,CITY OF DALLAS
00000514258000000,CITY OF DALLAS
00000514261000000,CITY OF DALLAS
00000514264000000,CITY OF DALLAS
00000514267000000,CITY OF DALLAS
00000514270000000,CITY OF DALLAS
00000514273000000,CITY OF DALLAS
00000514276000000,CITY OF DALLAS
00000514279000000,CITY OF DALLAS
00000514318000000,CITY OF DALLAS
00000514324000000,CITY OF DALLAS
00000514330000000,CITY OF DALLAS
00000514336000000,CITY OF DALLAS
00000514342000000,CITY OF DALLAS
00000514348000000,CITY OF DALLAS
00000514354000000,CITY OF DALLAS
00000514366000000,CITY OF DALLAS
00000514372000000,CITY OF DALLAS
00000514376000100,CITY OF DALLAS
00000514378000000,CITY OF DALLAS
00000514381000000,CITY OF DALLAS
00000514382000000,CITY OF DALLAS
00000514387000000,CITY OF DALLAS
00000514402000000,CITY OF DALLAS
00000514408000000,CITY OF DALLAS
00000514429000000,CITY OF DALLAS
00000514441000000,CITY OF DALLAS
00000514441000100,CITY OF DALLAS
00000514726000000,CITY OF DALLAS
00000515182000000,CITY OF DALLAS
00000515327000000,CITY OF DALLAS
00000516460000100,CITY OF DALLAS
00000517506570000,CITY OF DALLAS
00000517506820000,CITY OF DALLAS
00000517507750000,CITY OF DALLAS
00000517609000000,CITY OF DALLAS
00000517612000000,CITY OF DALLAS
00000517750000000,CITY OF DALLAS
00000517753000400,CITY OF DALLAS
00000520625000000,CITY OF DALLAS
00000520636000000,CITY OF DALLAS
00000522307000000,DALLAS ISD
00000527622000000,CITY OF DALLAS
00000527622000100,CITY OF DALLAS
00000527663500000,CITY OF DALLAS
00000527664850000,CITY OF DALLAS
00000528070000000,CITY OF DALLAS
00000528075000000,CITY OF DALLAS
00000534787000000,CITY OF DALLAS
00000535621000000,CITY OF DALLAS
00000536170000000,CITY OF DALLAS
00000536428000000,CITY OF DALLAS
00000536602000000,CITY OF DALLAS
00000536605000000,CITY OF DALLAS
00000536608000000,CITY OF DALLAS
00000536611000000,CITY OF DALLAS
00000542062000000,CITY OF DALLAS
00000543376000000,CITY OF DALLAS
00000543586000000,MULTIPLE OWNERS
00000545062500000,CITY OF DALLAS
00000545069000000,CITY OF DALLAS
00000545110000000,CITY OF DALLAS
00000545161000000,CITY OF DALLAS
00000548218000000,CITY OF DALLAS
00000548221000000,CITY OF DALLAS
00000549211000000,CITY OF DALLAS
00000549214000000,CITY OF DALLAS
00000549217000000,CITY OF DALLAS
00000549220000000,CITY OF DALLAS
00000549223000000,CITY OF DALLAS
00000549229500000,CITY OF DALLAS
00000549241000000,CITY OF DALLAS
00000549241000100,CITY OF DALLAS
00000549244000100,CITY OF DALLAS
00000549250500100,CITY OF DALLAS
00000549250500200,CITY OF DALLAS
00000549250500300,CITY OF DALLAS
00000549256000000,CITY OF DALLAS
00000549310000000,CITY OF DALLAS
00000549319000000,CITY OF DALLAS
00000550519000000,CITY OF DALLAS
00000550942000000,CITY OF DALLAS
00000552340000000,CITY OF DALLAS
00000552955500000,CITY OF DALLAS
00000554389000100,CITY OF DALLAS
00000554397000000,CITY OF DALLAS
00000554419000000,CITY OF DALLAS
00000554808000000,CITY OF DALLAS
00000554846000000,CITY OF DALLAS
00000555076000000,DALLAS HOUSING AUTHORITY
00000555634000000,DALLAS COUNTY
00000555637000000,CITY OF DALLAS
00000555647000100,DALLAS COUNTY
00000556066000000,CITY OF DALLAS
00000556087000000,CITY OF DALLAS
00000557422000000,CITY OF DALLAS
00000558013000000,CITY OF DALLAS
00000558016000000,CITY OF DALLAS
00000563296000000,DALLAS ISD
00000566111000000,CITY OF DALLAS
00000566186000000,CITY OF DALLAS
00000566311000000,CITY OF DALLAS
00000568330000000,CITY OF DALLAS
00000568342000000,CITY OF DALLAS
00000570747000000,CITY OF DALLAS
00000570989000000,CITY OF DALLAS
00000571003000000,CITY OF DALLAS
00000571228000000,CITY OF DALLAS
00000571468000000,CITY OF DALLAS
00000571478000000,CITY OF DALLAS
00000571483000000,CITY OF DALLAS
00000571487000000,CITY OF DALLAS
00000572932000000,CITY OF DALLAS
00000572935000000,CITY OF DALLAS
00000575963000100,CITY OF DALLAS
00000575977000000,CITY OF DALLAS
00000576100000000,CITY OF DALLAS
00000576151000000,DALLAS COUNTY
00000579274000100,CITY OF DALLAS
00000580268380000,CITY OF DALLAS
00000582640000000,CITY OF DALLAS
00000583561820000,CITY OF DALLAS
00000583786000000,CITY OF DALLAS
00000583787000000,CITY OF DALLAS
00000583789000000,CITY OF DALLAS
00000583792000000,CITY OF DALLAS
00000584218000000,CITY OF DALLAS
00000584361000000,CITY OF DALLAS
00000584365000100,CITY OF DALLAS
00000584853990000,CITY OF DALLAS
00000584854000000,CITY OF DALLAS
00000585244100000,CITY OF DALLAS
00000585244300000,CITY OF DALLAS
00000585964000000,CITY OF DALLAS
00000589082500000,DALLAS ISD
00000589082500100,CITY OF DALLAS
00000590770000000,CITY OF DALLAS
00000594649000000,CITY OF DALLAS
00000595767000000,CITY OF DALLAS
00000595767500000,CITY OF DALLAS
00000595780000000,CITY OF DALLAS
00000600499000000,CITY OF DALLAS
00000600502000000,CITY OF DALLAS
00000601111000100,CITY OF DALLAS
00000601297000000,CITY OF DALLAS
00000601477000000,CITY OF DALLAS
00000601519000000,CITY OF DALLAS
00000601585000000,CITY OF DALLAS
00000601588000000,CITY OF DALLAS
00000601603000000,CITY OF DALLAS
00000601813000000,CITY OF DALLAS
00000601831000000,CITY OF DALLAS
00000601916000000,CITY OF DALLAS
00000601937000000,CITY OF DALLAS
00000602056500100,CITY OF DALLAS
00000602107000100,CITY OF DALLAS
00000602128000000,CITY OF DALLAS
00000602899000100,CITY OF DALLAS
00000602929000000,CITY OF DALLAS
00000603119000000,CITY OF DALLAS
00000603145000000,CITY OF DALLAS
00000603177000000,CITY OF DALLAS
00000603299000000,CITY OF DALLAS
00000604003000000,CITY OF DALLAS
00000604006000000,CITY OF DALLAS
00000604507000000,CITY OF DALLAS
00000604927100000,CITY OF DALLAS
00000607816000100,CITY OF DALLAS
00000608123000200,CITY OF DALLAS
00000608128000000,CITY OF DALLAS
00000608128000100,CITY OF DALLAS
00000609937500000,CITY OF DALLAS
00000610726000000,CITY OF DALLAS
00000611299000000,CITY OF DALLAS
00000611299000200,CITY OF DALLAS
00000611299000300,CITY OF DALLAS
00000612355000000,CITY OF DALLAS
00000612356000000,CITY OF DALLAS
00000612361000000,CITY OF DALLAS
00000612364000000,CITY OF DALLAS
00000612602000000,CITY OF DALLAS
00000612603500000,CITY OF DALLAS
00000614428000000,CITY OF DALLAS
00000614752000000,CITY OF DALLAS
00000618856000000,CITY OF DALLAS
00000618859000000,CITY OF DALLAS
00000618862000000,CITY OF DALLAS
00000618865000000,CITY OF DALLAS
00000618868000000,CITY OF DALLAS
00000618871000000,CITY OF DALLAS
00000618874000000,CITY OF DALLAS
00000618877000000,CITY OF DALLAS
00000618880000000,CITY OF DALLAS
00000618883000000,CITY OF DALLAS
00000618886000000,CITY OF DALLAS
00000618889000000,CITY OF DALLAS
00000618892000000,CITY OF DALLAS
00000618895000000,CITY OF DALLAS
00000618898000000,CITY OF DALLAS
00000618901000000,CITY OF DALLAS
00000618904000000,CITY OF DALLAS
00000618907000000,CITY OF DALLAS
00000618913000000,CITY OF DALLAS
00000618916000000,CITY OF DALLAS
00000618919000000,CITY OF DALLAS
00000618922000000,CITY OF DALLAS
00000618925000000,CITY OF DALLAS
00000618928000000,CITY OF DALLAS
00000618931000000,CITY OF DALLAS
00000618934000000,CITY OF DALLAS
00000618937000000,CITY OF DALLAS
00000618940000000,CITY OF DALLAS
00000618946000000,CITY OF DALLAS
00000618949000000,CITY OF DALLAS
00000618952000000,CITY OF DALLAS
00000618955000000,CITY OF DALLAS
00000618958000000,CITY OF DALLAS
00000618961000000,CITY OF DALLAS
00000618964000000,CITY OF DALLAS
00000618967000000,CITY OF DALLAS
00000618970000000,CITY OF DALLAS
00000618973000000,CITY OF DALLAS
00000618976000000,CITY OF DALLAS
00000618979000000,CITY OF DALLAS
00000618982000000,CITY OF DALLAS
00000618985000000,CITY OF DALLAS
00000618988000000,CITY OF DALLAS
00000618991000000,CITY OF DALLAS
00000618994000000,CITY OF DALLAS
00000618997000000,CITY OF DALLAS
00000619000000000,CITY OF DALLAS
00000619003000000,CITY OF DALLAS
00000619006000000,CITY OF DALLAS
00000619009000000,CITY OF DALLAS
00000619012000000,CITY OF DALLAS
00000619015000000,CITY OF DALLAS
00000619018000000,CITY OF DALLAS
00000619021000000,CITY OF DALLAS
00000619024000000,CITY OF DALLAS
00000619027000000,CITY OF DALLAS
00000619030000000,CITY OF DALLAS
00000619033000000,CITY OF DALLAS
00000619036000000,CITY OF DALLAS
00000619039000000,CITY OF DALLAS
00000619042000000,CITY OF DALLAS
00000619045000000,CITY OF DALLAS
00000619048000000,CITY OF DALLAS
00000619051000000,CITY OF DALLAS
00000619054000000,CITY OF DALLAS
00000619057000000,CITY OF DALLAS
00000619063000000,CITY OF DALLAS
00000619066000000,CITY OF DALLAS
00000619069000000,CITY OF DALLAS
00000619072000000,CITY OF DALLAS
00000619078000000,CITY OF DALLAS
00000619081000000,CITY OF DALLAS
00000619084000000,CITY OF DALLAS
00000619087000000,CITY OF DALLAS
00000619090000000,CITY OF DALLAS
00000619093000000,CITY OF DALLAS
00000619096000000,CITY OF DALLAS
00000619099000000,CITY OF DALLAS
00000619102000000,CITY OF DALLAS
00000619105000000,CITY OF DALLAS
00000619111000000,CITY OF DALLAS
00000619114000000,CITY OF DALLAS
00000619117000000,CITY OF DALLAS
00000619120000000,CITY OF DALLAS
00000619126000000,CITY OF DALLAS
00000619129000000,CITY OF DALLAS
00000619132000000,CITY OF DALLAS
00000619138000000,CITY OF DALLAS
00000619141000000,CITY OF DALLAS
00000619144000000,CITY OF DALLAS
00000619147000000,CITY OF DALLAS
00000619150000000,CITY OF DALLAS
00000619153000000,CITY OF DALLAS
00000619156000000,CITY OF DALLAS
00000619159000000,CITY OF DALLAS
00000619162000000,CITY OF DALLAS
00000619165000000,CITY OF DALLAS
00000619168000000,CITY OF DALLAS
00000619171000000,CITY OF DALLAS
00000619174000000,CITY OF DALLAS
00000619177000000,CITY OF DALLAS
00000619180000000,CITY OF DALLAS
00000619183000000,CITY OF DALLAS
00000619192000000,CITY OF DALLAS
00000619195000000,CITY OF DALLAS
00000619198000000,CITY OF DALLAS
00000619201000000,CITY OF DALLAS
00000619204000000,CITY OF DALLAS
00000619207000000,CITY OF DALLAS
00000619210000000,CITY OF DALLAS
00000619213000000,CITY OF DALLAS
00000619216000000,CITY OF DALLAS
00000619219000000,CITY OF DALLAS
00000619222000000,CITY OF DALLAS
00000619225000000,CITY OF DALLAS
00000619228000000,CITY OF DALLAS
00000619231000000,CITY OF DALLAS
00000619234000000,CITY OF DALLAS
00000619237000000,CITY OF DALLAS
00000619240000000,CITY OF DALLAS
00000619245000000,CITY OF DALLAS
00000619246000000,CITY OF DALLAS
00000619249000000,CITY OF DALLAS
00000619252000000,CITY OF DALLAS
00000619255000000,CITY OF DALLAS
00000619258000000,CITY OF DALLAS
00000619261000000,CITY OF DALLAS
00000619267000000,CITY OF DALLAS
00000619270000000,CITY OF DALLAS
00000619276000000,CITY OF DALLAS
00000619282000000,CITY OF DALLAS
00000619288000000,CITY OF DALLAS
00000619291000000,CITY OF DALLAS
00000619294000000,CITY OF DALLAS
00000619297000000,CITY OF DALLAS
00000619300000000,CITY OF DALLAS
00000619303000000,CITY OF DALLAS
00000619306000000,CITY OF DALLAS
00000619312000000,CITY OF DALLAS
00000619315000000,CITY OF DALLAS
00000619318000000,CITY OF DALLAS
00000619321000000,CITY OF DALLAS
00000619324000000,CITY OF DALLAS
00000619330000000,CITY OF DALLAS
00000619333000000,CITY OF DALLAS
00000619336000000,CITY OF DALLAS
00000619339000000,CITY OF DALLAS
00000619342000000,CITY OF DALLAS
00000619351000000,CITY OF DALLAS
00000619354000000,CITY OF DALLAS
00000619360000000,CITY OF DALLAS
00000619366000000,CITY OF DALLAS
00000619387000000,CITY OF DALLAS
00000619399000000,CITY OF DALLAS
00000619402000000,CITY OF DALLAS
00000619408000000,CITY OF DALLAS
00000619414000000,CITY OF DALLAS
00000619420000000,CITY OF DALLAS
00000619426000000,CITY OF DALLAS
00000619429000000,CITY OF DALLAS
00000619441000000,CITY OF DALLAS
00000619450000000,CITY OF DALLAS
00000619453000000,CITY OF DALLAS
00000619456000000,CITY OF DALLAS
00000619462000000,CITY OF DALLAS
00000619465000000,CITY OF DALLAS
00000619471000000,CITY OF DALLAS
00000619474000000,CITY OF DALLAS
00000619477000000,CITY OF DALLAS
00000619480000000,CITY OF DALLAS
00000619483000000,CITY OF DALLAS
00000619486000000,CITY OF DALLAS
00000619489000000,CITY OF DALLAS
00000619492000000,CITY OF DALLAS
00000619495000000,CITY OF DALLAS
00000619498000000,CITY OF DALLAS
00000619501000000,CITY OF DALLAS
00000619504000000,CITY OF DALLAS
00000619507000000,CITY OF DALLAS
00000619510000000,CITY OF DALLAS
00000619513000000,CITY OF DALLAS
00000619516000000,CITY OF DALLAS
00000619522000000,CITY OF DALLAS
00000619525000000,CITY OF DALLAS
00000619531000000,CITY OF DALLAS
00000619537000000,CITY OF DALLAS
00000619540000000,CITY OF DALLAS
00000619543000000,CITY OF DALLAS
00000619843000000,DALLAS COUNTY
00000619891500000,DALLAS COUNTY
00000619893000000,DALLAS COUNTY
00000619900000000,DALLAS ISD
00000619908500000,CITY OF DALLAS
00000620194000000,CITY OF DALLAS
00000621037000000,CITY OF DALLAS
00000621703000000,CITY OF DALLAS
00000621741000000,CITY OF DALLAS
00000621760000100,CITY OF DALLAS
00000621760000200,CITY OF DALLAS
00000621787000000,CITY OF DALLAS
00000621942000000,CITY OF DALLAS
00000621952000000,CITY OF DALLAS
00000621967000000,CITY OF DALLAS
00000622727000000,CITY OF DALLAS
00000623524000000,CITY OF DALLAS
00000624097000000,CITY OF DALLAS
00000624304000000,CITY OF DALLAS
00000624323000000,CITY OF DALLAS
00000624328000000,CITY OF DALLAS
00000624427250000,CITY OF DALLAS
00000624427950000,CITY OF DALLAS
00000624427960000,CITY OF DALLAS
00000624436250000,CITY OF DALLAS
00000624439500000,CITY OF DALLAS
00000625255000000,CITY OF DALLAS
00000625496010000,CITY OF DALLAS
00000625627000000,CITY OF DALLAS
00000626479010000,CITY OF DALLAS
00000626479300000,CITY OF DALLAS
00000626491300000,CITY OF DALLAS
00000626491320000,CITY OF DALLAS
00000626494260000,CITY OF DALLAS
00000626494280000,CITY OF DALLAS
00000626494300000,CITY OF DALLAS
00000626494700000,CITY OF DALLAS
00000626494720000,CITY OF DALLAS
00000626494740000,CITY OF DALLAS
00000626494760000,CITY OF DALLAS
00000626494780000,CITY OF DALLAS
00000626494800000,CITY OF DALLAS
00000626494820000,CITY OF DALLAS
00000626494840000,CITY OF DALLAS
00000626494860000,CITY OF DALLAS
00000626494880000,CITY OF DALLAS
00000626494900000,CITY OF DALLAS
00000626494920000,CITY OF DALLAS
00000626494940000,CITY OF DALLAS
00000626500000000,CITY OF DALLAS
00000629377000000,CITY OF DALLAS
00000631489000100,CITY OF DALLAS
00000631489000300,CITY OF DALLAS
00000631834000100,CITY OF DALLAS
00000632767500000,CITY OF DALLAS
00000633526000000,CITY OF DALLAS
00000633637000000,CITY OF DALLAS
00000634693000000,CITY OF DALLAS
00000634702000100,CITY OF DALLAS
00000635038000000,CITY OF DALLAS
00000635929000000,CITY OF DALLAS
00000635932100000,CITY OF DALLAS
00000635939000000,CITY OF DALLAS
00000635950000000,CITY OF DALLAS
00000635956000000,CITY OF DALLAS
00000635965200000,CITY OF DALLAS
00000635968000000,CITY OF DALLAS
00000636382000000,DALLAS ISD
00000636385000000,DALLAS ISD
00000636390000000,DALLAS ISD
00000636401500000,CITY OF DALLAS
00000636410000000,DALLAS ISD
00000636607000000,CITY OF DALLAS
00000636610500000,CITY OF DALLAS
00000636611000000,CITY OF DALLAS
00000637009000000,CITY OF DALLAS
00000638011000000,DALLAS COLLEGE
00000638011010000,CITY OF DALLAS
00000639511000000,CITY OF DALLAS
00000639592300000,CITY OF DALLAS
00000639649000000,CITY OF DALLAS
00000639673000100,CITY OF DALLAS
00000639727000000,CITY OF DALLAS
00000639742000000,CITY OF DALLAS
00000639823000100,CITY OF DALLAS
00000639823000200,CITY OF DALLAS
00000639826000100,CITY OF DALLAS
00000639850000000,CITY OF DALLAS
00000639859000000,CITY OF DALLAS
00000639886000000,CITY OF DALLAS
00000639913000100,CITY OF DALLAS
00000639935000100,CITY OF DALLAS
00000639958000100,CITY OF DALLAS
00000639994000100,CITY OF DALLAS
00000640186000000,CITY OF DALLAS
00000640189000000,CITY OF DALLAS
00000640192000000,CITY OF DALLAS
00000640228000000,CITY OF DALLAS
00000640249000000,CITY OF DALLAS
00000640264000000,CITY OF DALLAS
00000640432000000,CITY OF DALLAS
00000640505050000,CITY OF DALLAS
00000640603000000,CITY OF DALLAS
00000640606000000,CITY OF DALLAS
00000640609000000,CITY OF DALLAS
00000640726000000,CITY OF DALLAS
00000641134000000,CITY OF DALLAS
00000641326000000,CITY OF DALLAS
00000641335000000,CITY OF DALLAS
00000641632000000,CITY OF DALLAS
00000641695000000,CITY OF DALLAS
00000641704000000,CITY OF DALLAS
00000641713000000,CITY OF DALLAS
00000641716000000,CITY OF DALLAS
00000641719000000,CITY OF DALLAS
00000641722000000,CITY OF DALLAS
00000641728000000,CITY OF DALLAS
00000641770000000,CITY OF DALLAS
00000641773000000,CITY OF DALLAS
00000641794000000,CITY OF DALLAS
00000642070000000,CITY OF DALLAS
00000642079000000,CITY OF DALLAS
00000642136000000,CITY OF DALLAS
00000642139000000,CITY OF DALLAS
00000642142000000,CITY OF DALLAS
00000642175000000,CITY OF DALLAS
00000642178000000,CITY OF DALLAS
00000642190000000,CITY OF DALLAS
00000642193000000,CITY OF DALLAS
00000642196000000,CITY OF DALLAS
00000642331000000,CITY OF DALLAS
00000642355200000,CITY OF DALLAS
00000642433000000,CITY OF DALLAS
00000642448000000,CITY OF DALLAS
00000642451000000,CITY OF DALLAS
00000642496000000,CITY OF DALLAS
00000642553000000,CITY OF DALLAS
00000642568000000,CITY OF DALLAS
00000642607000000,CITY OF DALLAS
00000642640000000,CITY OF DALLAS
00000642745000000,CITY OF DALLAS
00000642748000000,CITY OF DALLAS
00000642769000000,CITY OF DALLAS
00000642946000000,CITY OF DALLAS
00000642949000000,CITY OF DALLAS
00000642955000000,CITY OF DALLAS
00000642973000000,DALLAS HOUSING AUTHORITY
00000643159000000,CITY OF DALLAS
00000643162000000,CITY OF DALLAS
00000643168000000,CITY OF DALLAS
00000643273000000,CITY OF DALLAS
00000643279000000,CITY OF DALLAS
00000643282000000,CITY OF DALLAS
00000643285000000,CITY OF DALLAS
00000643333000000,CITY OF DALLAS
00000643339000000,CITY OF DALLAS
00000643342000000,CITY OF DALLAS
00000643348000000,CITY OF DALLAS
00000643369000000,MULTIPLE OWNERS
00000643399000000,CITY OF DALLAS
00000643402000000,CITY OF DALLAS
00000643408000000,CITY OF DALLAS
00000643456000000,CITY OF DALLAS
00000643465000000,CITY OF DALLAS
00000643495000000,CITY OF DALLAS
00000643498000000,CITY OF DALLAS
00000643576000000,CITY OF DALLAS
00000643606000000,CITY OF DALLAS
00000643693000000,CITY OF DALLAS
00000643738000000,CITY OF DALLAS
00000643789000000,CITY OF DALLAS
00000643843000000,CITY OF DALLAS
00000643852000000,CITY OF DALLAS
00000643855000000,CITY OF DALLAS
00000643858000000,CITY OF DALLAS
00000643861000000,CITY OF DALLAS
00000643999000000,CITY OF DALLAS
00000644026000200,CITY OF DALLAS
00000644026000400,CITY OF DALLAS
00000644026000600,CITY OF DALLAS
00000644035000000,CITY OF DALLAS
00000644038000000,CITY OF DALLAS
00000644041000000,CITY OF DALLAS
00000644878000000,CITY OF DALLAS
00000645451000000,CITY OF DALLAS
00000645454000200,CITY OF DALLAS
00000646484000000,DALLAS COUNTY
00000646810000000,CITY OF DALLAS
00000648046000000,CITY OF DALLAS
00000648049000000,CITY OF DALLAS
00000648547400000,CITY OF DALLAS
00000654068000000,CITY OF DALLAS
00000654100000000,CITY OF DALLAS
00000654103500300,CITY OF DALLAS
00000654103500400,CITY OF DALLAS
00000654319000000,CITY OF DALLAS
00000654394000000,CITY OF DALLAS
00000654397000000,CITY OF DALLAS
00000654400000000,CITY OF DALLAS
00000654403000000,CITY OF DALLAS
00000654406000000,CITY OF DALLAS
00000654409000000,CITY OF DALLAS
00000654412000000,CITY OF DALLAS
00000654415000000,CITY OF DALLAS
00000654418000000,CITY OF DALLAS
00000654421000000,CITY OF DALLAS
00000654424000000,CITY OF DALLAS
00000654427000000,CITY OF DALLAS
00000654430000000,CITY OF DALLAS
00000655138000002,CITY OF DALLAS
00000655141000000,CITY OF DALLAS
00000655517000000,CITY OF DALLAS
00000656662000200,CITY OF DALLAS
00000656674000100,CITY OF DALLAS
00000656989250000,CITY OF DALLAS
00000657025000100,CITY OF DALLAS
00000657028000000,CITY OF DALLAS
00000657028000200,CITY OF DALLAS
00000657040000000,CITY OF DALLAS
00000657043000000,CITY OF DALLAS
00000657046000000,CITY OF DALLAS
00000657048000000,CITY OF DALLAS
00000657051500100,CITY OF DALLAS
00000657070000000,CITY OF DALLAS
00000660328000000,CITY OF DALLAS
00000660331000000,CITY OF DALLAS
00000660358000000,CITY OF DALLAS
00000660361000000,CITY OF DALLAS
00000660370000000,CITY OF DALLAS
00000660850000100,CITY OF DALLAS
00000660907000100,CITY OF DALLAS
00000660922000100,CITY OF DALLAS
00000660925000000,CITY OF DALLAS
00000660928000000,CITY OF DALLAS
00000661740450000,CITY OF DALLAS
00000662050000000,DALLAS ISD
00000662051000000,CITY OF DALLAS
00000662713010000,CITY OF DALLAS
00000663352000000,CITY OF DALLAS
00000663375000000,CITY OF DALLAS
00000663382000000,CITY OF DALLAS
00000663382000100,CITY OF DALLAS
00000663400000000,CITY OF DALLAS
00000663409000000,CITY OF DALLAS
00000663421000000,CITY OF DALLAS
00000663427000000,CITY OF DALLAS
00000663436100000,CITY OF DALLAS
00000663457000000,CITY OF DALLAS
00000663498000000,CITY OF DALLAS
00000663568000000,CITY OF DALLAS
00000663583000000,CITY OF DALLAS
00000663592000000,CITY OF DALLAS
00000663621600000,CITY OF DALLAS
00000663625000000,CITY OF DALLAS
00000663640100000,CITY OF DALLAS
00000664123000000,CITY OF DALLAS
00000664126000000,CITY OF DALLAS
00000664129000000,CITY OF DALLAS
00000664135000000,CITY OF DALLAS
00000664153000000,CITY OF DALLAS
00000664157000000,CITY OF DALLAS
00000664159000000,CITY OF DALLAS
00000664162000000,CITY OF DALLAS
00000664168000000,CITY OF DALLAS
00000664270000000,CITY OF DALLAS
00000669022000000,DALLAS HOUSING AUTHORITY
00000669025000000,DALLAS HOUSING AUTHORITY
00000669028000000,CITY OF DALLAS
00000669127000000,CITY OF DALLAS
00000669130000000,CITY OF DALLAS
00000669136000000,CITY OF DALLAS
00000669139000000,CITY OF DALLAS
00000669175000000,CITY OF DALLAS
00000669211000000,CITY OF DALLAS
00000669221000000,CITY OF DALLAS
00000669259000000,CITY OF DALLAS
00000669289000000,CITY OF DALLAS
00000669310000000,CITY OF DALLAS
00000669316000000,CITY OF DALLAS
00000669355000000,CITY OF DALLAS
00000669400000000,CITY OF DALLAS
00000669484000000,CITY OF DALLAS
00000669937000000,CITY OF DALLAS
00000669940000000,CITY OF DALLAS
00000670033000000,MULTIPLE OWNERS
00000670075000000,CITY OF DALLAS
00000670291000000,CITY OF DALLAS
00000670294000000,CITY OF DALLAS
00000670297000000,CITY OF DALLAS
00000670300000000,CITY OF DALLAS
00000670303000000,CITY OF DALLAS
00000670306000000,CITY OF DALLAS
00000670309000000,CITY OF DALLAS
00000670318000000,CITY OF DALLAS
00000670354000000,CITY OF DALLAS
00000670357000000,CITY OF DALLAS
00000670360000000,CITY OF DALLAS
00000670363000000,CITY OF DALLAS
00000670366000000,CITY OF DALLAS
00000670369000000,CITY OF DALLAS
00000670372000000,CITY OF DALLAS
00000670375000000,CITY OF DALLAS
00000670429000000,CITY OF DALLAS
00000670441000000,CITY OF DALLAS
00000670444000000,CITY OF DALLAS
00000670450000000,CITY OF DALLAS
00000670453000000,CITY OF DALLAS
00000670456000000,CITY OF DALLAS
00000670465000000,CITY OF DALLAS
00000670468000000,CITY OF DALLAS
00000670471000000,CITY OF DALLAS
00000670474000000,CITY OF DALLAS
00000670519000000,CITY OF DALLAS
00000670522000000,CITY OF DALLAS
00000670525000000,CITY OF DALLAS
00000670528000000,CITY OF DALLAS
00000670531000000,DALLAS HOUSING AUTHORITY
00000670531000100,CITY OF DALLAS
00000670536000000,CITY OF DALLAS
00000672592000000,CITY OF DALLAS
00000672661000100,CITY OF DALLAS
00000672679000000,CITY OF DALLAS
00000673171000000,CITY OF DALLAS
00000673658000000,DALLAS ISD
00000673664000000,DALLAS ISD
00000673672000000,DALLAS ISD
00000673676000000,DALLAS ISD
00000673681000000,DALLAS ISD
00000674083000000,CITY OF DALLAS
00000674988000000,CITY OF DALLAS
00000675386000000,CITY OF DALLAS
00000675443000000,CITY OF DALLAS
00000677056000000,CITY OF DALLAS
00000677059000000,DALLAS COUNTY
00000677074000000,CITY OF DALLAS
00000677080000000,CITY OF DALLAS
00000677095000000,CITY OF DALLAS
00000677098000000,CITY OF DALLAS
00000677131000000,DALLAS COUNTY
00000677185000000,CITY OF DALLAS
00000677191000000,DALLAS COUNTY
00000677195000000,CITY OF DALLAS
00000677197000000,CITY OF DALLAS
00000678241000000,CITY OF DALLAS
00000678244000000,CITY OF DALLAS
00000678430000100,CITY OF DALLAS
00000680788000000,CITY OF DALLAS
00000681904000100,DALLAS HOUSING AUTHORITY
00000681904000900,CITY OF DALLAS
00000681912000000,DALLAS HOUSING AUTHORITY
00000681912000200,DALLAS HOUSING AUTHORITY
00000681912000400,DALLAS HOUSING AUTHORITY
00000681912000500,DALLAS HOUSING AUTHORITY
00000681912000700,DALLAS HOUSING AUTHORITY
00000682156000000,CITY OF DALLAS
00000682159000000,CITY OF DALLAS
00000682174000000,CITY OF DALLAS
00000683107000000,CITY OF DALLAS
00000683641000000,CITY OF DALLAS
00000683812000000,CITY OF DALLAS
00000684136000000,CITY OF DALLAS
00000684172000000,CITY OF DALLAS
00000684209000000,CITY OF DALLAS
00000684242000000,CITY OF DALLAS
00000684272000000,CITY OF DALLAS
00000684302000000,CITY OF DALLAS
00000684326000000,CITY OF DALLAS
00000684329000000,CITY OF DALLAS
00000684332000000,CITY OF DALLAS
00000684338000000,CITY OF DALLAS
00000684364000100,CITY OF DALLAS
00000684368000000,CITY OF DALLAS
00000684428000000,CITY OF DALLAS
00000684431000000,CITY OF DALLAS
00000684464000000,CITY OF DALLAS
00000684467000000,CITY OF DALLAS
00000684500000000,CITY OF DALLAS
00000685251000000,CITY OF DALLAS
00000685355000000,CITY OF DALLAS
00000685423000000,CITY OF DALLAS
00000685468000000,CITY OF DALLAS
00000685537000000,CITY OF DALLAS
00000685552000000,CITY OF DALLAS
00000686254000000,CITY OF DALLAS
00000686453100000,CITY OF DALLAS
00000686473100000,CITY OF DALLAS
00000686656000000,CITY OF DALLAS
00000686668000000,CITY OF DALLAS
00000686851000000,CITY OF DALLAS
00000686893000000,CITY OF DALLAS
00000686914000000,CITY OF DALLAS
00000687067000000,CITY OF DALLAS
00000688585000000,CITY OF DALLAS
00000688951000000,CITY OF DALLAS
00000689032000000,CITY OF DALLAS
00000691492000000,CITY OF DALLAS
00000691984000000,CITY OF DALLAS
00000692056000000,CITY OF DALLAS
00000692059000000,CITY OF DALLAS
00000692062000000,CITY OF DALLAS
00000692065000000,CITY OF DALLAS
00000693280000000,CITY OF DALLAS
00000693283000000,CITY OF DALLAS
00000693286000000,CITY OF DALLAS
00000693313000000,CITY OF DALLAS
00000693370000000,DALLAS COUNTY
00000693373000000,DALLAS COUNTY
00000693382000000,DALLAS COUNTY
00000697186000000,CITY OF DALLAS
00000697189000000,CITY OF DALLAS
00000697192000000,CITY OF DALLAS
00000697195000000,CITY OF DALLAS
00000697198000000,CITY OF DALLAS
00000697527000000,CITY OF DALLAS
00000697750000000,CITY OF DALLAS
00000697753000000,CITY OF DALLAS
00000697756000000,CITY OF DALLAS
00000697759000000,CITY OF DALLAS
00000697762000000,CITY OF DALLAS
00000697765000000,CITY OF DALLAS
00000697774000000,CITY OF DALLAS
00000697777000000,CITY OF DALLAS
00000697783000000,CITY OF DALLAS
00000698383000000,CITY OF DALLAS
00000698386000000,CITY OF DALLAS
00000698389000000,CITY OF DALLAS
00000698392000000,CITY OF DALLAS
00000698392600000,CITY OF DALLAS
00000698401000000,CITY OF DALLAS
00000698425000000,CITY OF DALLAS
00000698428000000,CITY OF DALLAS
00000698431000000,CITY OF DALLAS
00000698434000000,CITY OF DALLAS
00000698437000000,CITY OF DALLAS
00000698440000000,CITY OF DALLAS
00000698443000000,CITY OF DALLAS
00000698446000000,CITY OF DALLAS
00000698548000000,CITY OF DALLAS
00000698558100000,CITY OF DALLAS
00000698558200000,CITY OF DALLAS
00000698566000000,CITY OF DALLAS
00000698572000000,CITY OF DALLAS
00000698614100000,CITY OF DALLAS
00000699586000000,DALLAS HOUSING AUTHORITY
00000699967000000,CITY OF DALLAS
00000700168000000,CITY OF DALLAS
00000700168000500,CITY OF DALLAS
00000700168000600,CITY OF DALLAS
00000700168001300,CITY OF DALLAS
00000700168002200,CITY OF DALLAS
00000700168003000,CITY OF DALLAS
00000700168005200,CITY OF DALLAS
00000700168005300,CITY OF DALLAS
00000700168005400,CITY OF DALLAS
00000700168005500,CITY OF DALLAS
00000700168005600,CITY OF DALLAS
00000700168005700,CITY OF DALLAS
00000700168005800,CITY OF DALLAS
00000700168005900,CITY OF DALLAS
00000700254000000,CITY OF DALLAS
00000700651000000,CITY OF DALLAS
00000700702000100,CITY OF DALLAS
00000700705000100,CITY OF DALLAS
00000700714000000,CITY OF DALLAS
00000700717000100,CITY OF DALLAS
00000700720000000,CITY OF DALLAS
00000700803500000,DALLAS COUNTY
00000700803590000,CITY OF DALLAS
00000700963000100,CITY OF DALLAS
00000700963000200,CITY OF DALLAS
00000700966000000,CITY OF DALLAS
00000700984000000,CITY OF DALLAS
00000703288000000,CITY OF DALLAS
00000703291000000,CITY OF DALLAS
00000706075000000,CITY OF DALLAS
00000706337000000,CITY OF DALLAS
00000706338000000,CITY OF DALLAS
00000706573000000,DALLAS ISD
00000714013000000,CITY OF DALLAS
00000718873000000,CITY OF DALLAS
00000718903000000,CITY OF DALLAS
00000718904000000,CITY OF DALLAS
00000718924020000,CITY OF DALLAS
00000718924300000,CITY OF DALLAS
00000718924500000,CITY OF DALLAS
00000719167010000,CITY OF DALLAS
00000719179000000,CITY OF DALLAS
00000721546000000,CITY OF DALLAS
00000721546000100,CITY OF DALLAS
00000721546500000,CITY OF DALLAS
00000721549000000,CITY OF DALLAS
00000721576010000,CITY OF DALLAS
00000721594000000,CITY OF DALLAS
00000721609000000,CITY OF DALLAS
00000721612000000,CITY OF DALLAS
00000721615000000,CITY OF DALLAS
00000721618000000,CITY OF DALLAS
00000721996000000,DALLAS COUNTY
00000721999000000,DALLAS COUNTY
00000722002000000,DALLAS COUNTY
00000722035000000,DALLAS COUNTY
00000722188000000,DALLAS COUNTY
00000725313500000,CITY OF DALLAS
00000725315750000,CITY OF DALLAS
00000725356000000,CITY OF DALLAS
00000726305500000,CITY OF DALLAS
00000728942100000,CITY OF DALLAS
00000729781000000,DALLAS ISD
00000729784000000,CITY OF DALLAS
00000731512000000,CITY OF DALLAS
00000731515000000,CITY OF DALLAS
00000731530000000,CITY OF DALLAS
00000731533000000,CITY OF DALLAS
00000732188000000,CITY OF DALLAS
00000732194000000,CITY OF DALLAS
00000732197000000,CITY OF DALLAS
00000732436000000,CITY OF DALLAS
00000732459000000,CITY OF DALLAS
00000734743400200,CITY OF DALLAS
00000734743400300,CITY OF DALLAS
00000734770000000,CITY OF DALLAS
00000734773000000,CITY OF DALLAS
00000734828000000,CITY OF DALLAS
00000734836000000,CITY OF DALLAS
00000734840000000,CITY OF DALLAS
00000735199000000,CITY OF DALLAS
00000737092000000,CITY OF DALLAS
00000737093000000,CITY OF DALLAS
00000737095000000,CITY OF DALLAS
00000737494000000,CITY OF DALLAS
00000737668000100,CITY OF DALLAS
00000737698000000,CITY OF DALLAS
00000737701000000,CITY OF DALLAS
00000737895000000,CITY OF DALLAS
00000738168690000,CITY OF DALLAS
00000738184200000,CITY OF DALLAS
00000738184400000,CITY OF DALLAS
00000738184600000,CITY OF DALLAS
00000743406000000,CITY OF DALLAS
00000743406000100,CITY OF DALLAS
00000750802000100,CITY OF DALLAS
00000750814100000,CITY OF DALLAS
00000750829600000,CITY OF DALLAS
00000750836100000,CITY OF DALLAS
00000750836370000,CITY OF DALLAS
00000753568000000,CITY OF DALLAS
00000753593000000,CITY OF DALLAS
00000753637000000,CITY OF DALLAS
00000753639000000,CITY OF DALLAS
00000753643000000,CITY OF DALLAS
00000753818000000,CITY OF DALLAS
00000755080000300,CITY OF DALLAS
00000755089000000,CITY OF DALLAS
00000755602000000,DALLAS HOUSING AUTHORITY
00000756244000000,CITY OF DALLAS
00000756277000000,CITY OF DALLAS
00000756280000000,CITY OF DALLAS
00000756283000000,CITY OF DALLAS
00000756286000000,CITY OF DALLAS
00000756289000000,CITY OF DALLAS
00000756298000000,CITY OF DALLAS
00000756301000000,CITY OF DALLAS
00000756304000000,CITY OF DALLAS
00000756307000000,CITY OF DALLAS
00000756598000000,CITY OF DALLAS
00000756599000000,CITY OF DALLAS
00000757273000000,CITY OF DALLAS
00000758287000000,CITY OF DALLAS
00000758338000000,CITY OF DALLAS
00000758347000000,CITY OF DALLAS
00000758599000000,MULTIPLE OWNERS
00000758632000000,CITY OF DALLAS
00000758638000000,CITY OF DALLAS
00000758764000000,CITY OF DALLAS
00000758884000000,CITY OF DALLAS
00000758941000000,CITY OF DALLAS
00000759283000000,CITY OF DALLAS
00000759541000000,CITY OF DALLAS
00000759544000000,CITY OF DALLAS
00000759547000000,CITY OF DALLAS
00000759562000000,MULTIPLE OWNERS
00000759625000000,MULTIPLE OWNERS
00000759877000000,CITY OF DALLAS
00000759880000000,CITY OF DALLAS
00000759976000000,CITY OF DALLAS
00000760330000000,CITY OF DALLAS
00000760345000000,CITY OF DALLAS
00000760351000000,CITY OF DALLAS
00000760351000100,CITY OF DALLAS
00000760351000200,CITY OF DALLAS
00000760396000000,CITY OF DALLAS
00000760465000000,DALLAS COUNTY
00000760480000100,DALLAS COUNTY
00000760492000000,CITY OF DALLAS
00000760682050200,CITY OF DALLAS
00000760682050500,CITY OF DALLAS
00000760697750000,CITY OF DALLAS
00000760698500000,CITY OF DALLAS
00000760705000000,CITY OF DALLAS
00000761410000000,CITY OF DALLAS
00000761686500000,CITY OF DALLAS
00000761687000000,CITY OF DALLAS
00000761713000000,CITY OF DALLAS
00000761725000000,CITY OF DALLAS
00000761740000000,CITY OF DALLAS
00000761743000000,CITY OF DALLAS
00000761752000000,CITY OF DALLAS
00000761758000000,CITY OF DALLAS
00000761779000000,CITY OF DALLAS
00000761794000000,CITY OF DALLAS
00000761800000000,CITY OF DALLAS
00000761806000000,CITY OF DALLAS
00000761821000000,CITY OF DALLAS
00000761824000000,CITY OF DALLAS
00000761863000000,DALLAS HOUSING AUTHORITY
00000761884000000,DALLAS HOUSING AUTHORITY
00000761896000000,CITY OF DALLAS
00000761926000000,DALLAS HOUSING AUTHORITY
00000761944000000,CITY OF DALLAS
00000761959000000,CITY OF DALLAS
00000761974000000,DALLAS HOUSING AUTHORITY
00000761989000000,CITY OF DALLAS
00000761995000000,CITY OF DALLAS
00000762010000000,CITY OF DALLAS
00000762076000000,CITY OF DALLAS
00000762094000000,DALLAS HOUSING AUTHORITY
00000762127000000,CITY OF DALLAS
00000762154000000,CITY OF DALLAS
00000762226000000,DALLAS HOUSING AUTHORITY
00000762235000000,DALLAS HOUSING AUTHORITY
00000762259000000,CITY OF DALLAS
00000762274000000,DALLAS HOUSING AUTHORITY
00000762328000000,CITY OF DALLAS
00000762331000000,CITY OF DALLAS
00000762334000000,CITY OF DALLAS
00000762346000000,DALLAS HOUSING AUTHORITY
00000762370000000,CITY OF DALLAS
00000762391000000,CITY OF DALLAS
00000762406000000,CITY OF DALLAS
00000762436000000,DALLAS HOUSING AUTHORITY
00000762442000000,DALLAS HOUSING AUTHORITY
00000762460000000,CITY OF DALLAS
00000762466000000,CITY OF DALLAS
00000762469000000,CITY OF DALLAS
00000762487000000,DALLAS HOUSING AUTHORITY
00000762490000000,CITY OF DALLAS
00000762502000000,CITY OF DALLAS
00000762505000000,CITY OF DALLAS
00000762514000000,CITY OF DALLAS
00000762529000000,MULTIPLE OWNERS
00000762532000000,CITY OF DALLAS
00000762559000000,DALLAS HOUSING AUTHORITY
00000762568000000,CITY OF DALLAS
00000762586000000,CITY OF DALLAS
00000762601000000,DALLAS HOUSING AUTHORITY
00000762627000000,CITY OF DALLAS
00000762628000000,MULTIPLE OWNERS
00000762970100000,CITY OF DALLAS
00000762973000000,CITY OF DALLAS
00000763285000000,CITY OF DALLAS
00000763291000000,CITY OF DALLAS
00000763296000000,CITY OF DALLAS
00000763328100000,CITY OF DALLAS
00000763328750000,CITY OF DALLAS
00000764110000000,CITY OF DALLAS
00000764112000000,CITY OF DALLAS
00000764113000000,CITY OF DALLAS
00000764116000000,CITY OF DALLAS
00000764689000000,CITY OF DALLAS
00000764692000000,CITY OF DALLAS
00000764692100000,CITY OF DALLAS
00000765892000000,DALLAS COUNTY
00000766045000000,CITY OF DALLAS
00000766216000000,CITY OF DALLAS
00000766262000000,CITY OF DALLAS
00000766301000000,DALLAS COUNTY
00000766759000000,DALLAS COUNTY
00000766780000000,DALLAS COUNTY
00000766891000000,DALLAS COUNTY
00000766906000000,DALLAS COUNTY
00000766933000000,DALLAS COUNTY
00000766948000100,CITY OF DALLAS
00000766963000000,CITY OF DALLAS
00000767008000000,CITY OF DALLAS
00000767011000100,CITY OF DALLAS
00000767020000000,CITY OF DALLAS
00000767020000100,CITY OF DALLAS
00000767020000200,CITY OF DALLAS
00000767020000300,CITY OF DALLAS
00000767023000000,CITY OF DALLAS
00000767029000000,CITY OF DALLAS
00000767029000100,CITY OF DALLAS
00000767032000000,CITY OF DALLAS
00000767032000100,CITY OF DALLAS
00000767035000000,CITY OF DALLAS
00000767041000000,CITY OF DALLAS
00000767057000000,CITY OF DALLAS
00000767071000000,CITY OF DALLAS
00000767077000000,CITY OF DALLAS
00000767078000000,CITY OF DALLAS
00000767080000000,CITY OF DALLAS
00000767083000000,CITY OF DALLAS
00000767086000000,CITY OF DALLAS
00000767089000000,CITY OF DALLAS
00000767092000000,CITY OF DALLAS
00000767095000000,CITY OF DALLAS
00000767098000000,CITY OF DALLAS
00000767101000000,CITY OF DALLAS
00000767110000000,CITY OF DALLAS
00000767299000000,CITY OF DALLAS
00000767471000000,CITY OF DALLAS
00000767597510000,CITY OF DALLAS
00000767650000000,CITY OF DALLAS
00000767671000000,CITY OF DALLAS
00000768991000000,CITY OF DALLAS
00000769063000100,CITY OF DALLAS
00000769585000000,CITY OF DALLAS
00000770029000000,CITY OF DALLAS
00000770866000000,CITY OF DALLAS
00000771517000000,CITY OF DALLAS
00000771541000200,CITY OF DALLAS
00000771568000100,CITY OF DALLAS
00000771619000100,CITY OF DALLAS
00000771634000100,CITY OF DALLAS
00000771646000000,CITY OF DALLAS
00000772231000100,CITY OF DALLAS
00000772240000100,CITY OF DALLAS
00000772243000100,CITY OF DALLAS
00000773101500000,CITY OF DALLAS
00000773290000000,CITY OF DALLAS
00000773413000000,CITY OF DALLAS
00000773422000000,CITY OF DALLAS
00000774901000000,DALLAS ISD
00000774925000000,CITY OF DALLAS
00000774928000000,CITY OF DALLAS
00000774931000000,CITY OF DALLAS
00000774934000000,CITY OF DALLAS
00000775180000100,CITY OF DALLAS
00000775201000100,CITY OF DALLAS
00000775936000000,CITY OF DALLAS
00000776599000000,CITY OF DALLAS
00000776620000000,CITY OF DALLAS
00000776620000100,CITY OF DALLAS
00000776788500000,CITY OF DALLAS
00000777808000000,CITY OF DALLAS
00000777886000000,CITY OF DALLAS
00000778072000100,CITY OF DALLAS
00000778121000000,CITY OF DALLAS
00000778135000000,CITY OF DALLAS
00000778438000000,CITY OF DALLAS
00000778453500000,CITY OF DALLAS
00000778538000000,CITY OF DALLAS
00000779464000000,CITY OF DALLAS
00000779908000000,CITY OF DALLAS
00000779935000000,CITY OF DALLAS
00000779971100100,CITY OF DALLAS
00000779980000000,CITY OF DALLAS
00000779980000100,CITY OF DALLAS
00000779986000100,CITY OF DALLAS
00000779989000000,CITY OF DALLAS
00000779992000000,CITY OF DALLAS
00000779998000000,CITY OF DALLAS
00000779998000100,CITY OF DALLAS
00000780001000000,CITY OF DALLAS
00000780004000000,CITY OF DALLAS
00000780007000000,CITY OF DALLAS
00000780010000000,CITY OF DALLAS
00000780028000000,CITY OF DALLAS
00000780031000000,CITY OF DALLAS
00000780034000000,CITY OF DALLAS
00000780037000000,CITY OF DALLAS
00000780046000000,CITY OF DALLAS
00000780058000000,CITY OF DALLAS
00000780061000000,CITY OF DALLAS
00000780079000000,CITY OF DALLAS
00000780166000000,CITY OF DALLAS
00000780169000000,CITY OF DALLAS
00000780172000000,CITY OF DALLAS
00000780175000000,CITY OF DALLAS
00000780175000100,CITY OF DALLAS
00000780175000200,CITY OF DALLAS
00000780208000000,CITY OF DALLAS
00000780229000000,CITY OF DALLAS
00000780229000100,CITY OF DALLAS
00000780238000000,CITY OF DALLAS
00000781114000000,DALLAS COUNTY
00000781117000100,DALLAS COUNTY
00000781120000000,DALLAS COUNTY
00000781127000100,DALLAS COUNTY
00000781135000000,CITY OF DALLAS
00000781426000000,CITY OF DALLAS
00000781432000200,CITY OF DALLAS
00000781438000000,CITY OF DALLAS
00000781453000000,CITY OF DALLAS
00000781456000000,CITY OF DALLAS
00000781474000000,CITY OF DALLAS
00000781478000000,CITY OF DALLAS
00000781483000000,CITY OF DALLAS
00000781486000000,CITY OF DALLAS
00000781489000000,CITY OF DALLAS
00000781505000000,CITY OF DALLAS
00000781513100000,CITY OF DALLAS
00000781516100000,CITY OF DALLAS
00000781519000000,CITY OF DALLAS
00000781527000000,CITY OF DALLAS
00000781535000000,CITY OF DALLAS
00000781536000000,CITY OF DALLAS
00000781546000000,CITY OF DALLAS
00000781549000000,CITY OF DALLAS
00000781552000000,CITY OF DALLAS
00000781555000000,CITY OF DALLAS
00000781558000000,CITY OF DALLAS
00000781561000000,CITY OF DALLAS
00000781567000000,CITY OF DALLAS
00000781585000000,CITY OF DALLAS
00000781592000000,CITY OF DALLAS
00000781594000000,CITY OF DALLAS
00000781597000000,CITY OF DALLAS
00000781600000000,CITY OF DALLAS
00000781603000000,CITY OF DALLAS
00000781604000000,CITY OF DALLAS
00000781609000000,CITY OF DALLAS
00000781612000000,CITY OF DALLAS
00000781615000000,CITY OF DALLAS
00000781618000000,CITY OF DALLAS
00000781621000000,CITY OF DALLAS
00000781624000000,CITY OF DALLAS
00000781628000000,CITY OF DALLAS
00000781631000000,CITY OF DALLAS
00000781637000000,CITY OF DALLAS
00000781645000000,CITY OF DALLAS
00000781651000000,CITY OF DALLAS
00000781657000000,CITY OF DALLAS
00000781660000000,CITY OF DALLAS
00000781668000000,CITY OF DALLAS
00000781672000000,CITY OF DALLAS
00000781675000000,CITY OF DALLAS
00000781687000000,CITY OF DALLAS
00000781735000000,CITY OF DALLAS
00000781739000000,CITY OF DALLAS
00000781742000000,CITY OF DALLAS
00000781744000000,CITY OF DALLAS
00000781748000000,CITY OF DALLAS
00000781750000000,CITY OF DALLAS
00000781754000000,CITY OF DALLAS
00000781756000000,CITY OF DALLAS
00000781768000000,CITY OF DALLAS
00000781771000000,CITY OF DALLAS
00000781774000000,CITY OF DALLAS
00000781777000000,CITY OF DALLAS
00000781780000000,CITY OF DALLAS
00000781786000000,CITY OF DALLAS
00000781789000000,CITY OF DALLAS
00000781792000000,CITY OF DALLAS
00000781796000000,CITY OF DALLAS
00000781798000000,CITY OF DALLAS
00000781804100000,CITY OF DALLAS
00000781807000000,CITY OF DALLAS
00000781813000000,CITY OF DALLAS
00000781816000000,CITY OF DALLAS
00000781820000000,CITY OF DALLAS
00000781822000000,CITY OF DALLAS
00000781826000000,CITY OF DALLAS
00000781828000000,CITY OF DALLAS
00000781834000000,CITY OF DALLAS
00000781837000000,CITY OF DALLAS
00000781840000000,CITY OF DALLAS
00000781843000000,CITY OF DALLAS
00000781846000000,CITY OF DALLAS
00000781849000000,CITY OF DALLAS
00000781852000000,CITY OF DALLAS
00000781855000000,CITY OF DALLAS
00000781864000000,CITY OF DALLAS
00000781867000000,CITY OF DALLAS
00000781870000000,CITY OF DALLAS
00000781873000000,CITY OF DALLAS
00000781876000000,CITY OF DALLAS
00000781879000000,CITY OF DALLAS
00000781882000000,CITY OF DALLAS
00000781885000000,CITY OF DALLAS
00000781894000000,CITY OF DALLAS
00000781897000000,CITY OF DALLAS
00000781900000000,CITY OF DALLAS
00000781906000000,CITY OF DALLAS
00000781909000000,CITY OF DALLAS
00000781916000000,CITY OF DALLAS
00000781925000000,CITY OF DALLAS
00000781927000000,CITY OF DALLAS
00000781939000000,CITY OF DALLAS
00000781942000000,CITY OF DALLAS
00000781945000000,CITY OF DALLAS
00000781948000000,CITY OF DALLAS
00000781954000000,CITY OF DALLAS
00000781957000000,CITY OF DALLAS
00000781963000000,CITY OF DALLAS
00000781969000000,CITY OF DALLAS
00000781970000000,CITY OF DALLAS
00000781972000000,CITY OF DALLAS
00000781981000000,CITY OF DALLAS
00000781987100000,CITY OF DALLAS
00000781991000000,CITY OF DALLAS
00000781994000000,CITY OF DALLAS
00000781995000000,CITY OF DALLAS
00000781996000000,CITY OF DALLAS
00000781999000000,CITY OF DALLAS
00000782002000000,CITY OF DALLAS
00000782005000000,CITY OF DALLAS
00000782008000000,CITY OF DALLAS
00000782012000000,CITY OF DALLAS
00000782014100000,CITY OF DALLAS
00000782017000000,CITY OF DALLAS
00000782026000000,CITY OF DALLAS
00000782029000000,CITY OF DALLAS
00000782033000000,CITY OF DALLAS
00000782035000000,CITY OF DALLAS
00000782044000000,CITY OF DALLAS
00000782047000000,CITY OF DALLAS
00000782050000000,CITY OF DALLAS
00000782053000000,CITY OF DALLAS
00000782057000000,CITY OF DALLAS
00000782060000000,CITY OF DALLAS
00000782062000000,CITY OF DALLAS
00000782065000000,CITY OF DALLAS
00000782068000000,CITY OF DALLAS
00000782078000000,CITY OF DALLAS
00000782080000000,CITY OF DALLAS
00000782083000000,CITY OF DALLAS
00000782092000000,CITY OF DALLAS
00000782096000000,CITY OF DALLAS
00000782099000000,CITY OF DALLAS
00000782102000000,CITY OF DALLAS
00000782104000000,CITY OF DALLAS
00000782108000000,CITY OF DALLAS
00000782111000000,CITY OF DALLAS
00000782114000000,CITY OF DALLAS
00000782116100000,CITY OF DALLAS
00000782132000000,CITY OF DALLAS
00000782137000000,CITY OF DALLAS
00000782139000000,CITY OF DALLAS
00000782140000000,CITY OF DALLAS
00000782152000000,CITY OF DALLAS
00000782156000000,CITY OF DALLAS
00000782158000000,CITY OF DALLAS
00000782161000000,CITY OF DALLAS
00000782164000000,CITY OF DALLAS
00000782167000000,CITY OF DALLAS
00000782177000000,CITY OF DALLAS
00000782183000000,CITY OF DALLAS
00000782188000000,CITY OF DALLAS
00000782197000000,CITY OF DALLAS
00000782200100000,CITY OF DALLAS
00000782203000000,CITY OF DALLAS
00000782206100000,CITY OF DALLAS
00000782209000000,CITY OF DALLAS
00000782212000000,CITY OF DALLAS
00000782218100000,CITY OF DALLAS
00000782219000000,CITY OF DALLAS
00000782230000000,CITY OF DALLAS
00000782236000000,CITY OF DALLAS
00000782240000000,CITY OF DALLAS
00000782242100000,CITY OF DALLAS
00000782246000000,CITY OF DALLAS
00000782252000000,CITY OF DALLAS
00000782263000000,CITY OF DALLAS
00000782272000000,CITY OF DALLAS
00000782275000000,CITY OF DALLAS
00000782278000000,CITY OF DALLAS
00000782284000000,CITY OF DALLAS
00000782287000000,CITY OF DALLAS
00000782294000000,CITY OF DALLAS
00000782297000000,CITY OF DALLAS
00000782300000000,CITY OF DALLAS
00000782303000000,CITY OF DALLAS
00000782306000000,CITY OF DALLAS
00000782307000000,CITY OF DALLAS
00000782324000000,CITY OF DALLAS
00000782327000000,CITY OF DALLAS
00000782330000000,CITY OF DALLAS
00000782332000000,CITY OF DALLAS
00000782335100000,CITY OF DALLAS
00000782338000000,CITY OF DALLAS
00000782341000000,CITY OF DALLAS
00000782356000000,CITY OF DALLAS
00000782359000000,CITY OF DALLAS
00000782360000000,CITY OF DALLAS
00000782363000000,CITY OF DALLAS
00000782383000000,CITY OF DALLAS
00000782402000000,CITY OF DALLAS
00000782405000000,CITY OF DALLAS
00000782443100000,CITY OF DALLAS
00000782446000000,CITY OF DALLAS
00000782476000000,CITY OF DALLAS
00000782488000000,CITY OF DALLAS
00000782494000000,CITY OF DALLAS
00000782536000000,CITY OF DALLAS
00000782539000000,CITY OF DALLAS
00000782554000000,CITY OF DALLAS
00000782560000000,CITY OF DALLAS
00000782584000000,CITY OF DALLAS
00000782593000000,CITY OF DALLAS
00000782608000000,CITY OF DALLAS
00000782614000000,CITY OF DALLAS
00000782617000000,CITY OF DALLAS
00000782623000000,CITY OF DALLAS
00000782626000000,CITY OF DALLAS
00000782632000000,CITY OF DALLAS
00000782644000000,CITY OF DALLAS
00000782668000000,CITY OF DALLAS
00000782671000000,CITY OF DALLAS
00000782674000000,CITY OF DALLAS
00000782683000000,CITY OF DALLAS
00000782689000000,CITY OF DALLAS
00000782698000000,CITY OF DALLAS
00000782701000000,CITY OF DALLAS
00000782710000000,CITY OF DALLAS
00000782713000000,CITY OF DALLAS
00000782716000000,CITY OF DALLAS
00000782722000000,CITY OF DALLAS
00000782725000000,CITY OF DALLAS
00000782740000000,CITY OF DALLAS
00000782749000000,CITY OF DALLAS
00000782761000000,CITY OF DALLAS
00000782770000000,CITY OF DALLAS
00000782773000000,CITY OF DALLAS
00000782776000000,CITY OF DALLAS
00000782794000000,CITY OF DALLAS
00000782800000000,CITY OF DALLAS
00000782803000000,CITY OF DALLAS
00000782815000000,CITY OF DALLAS
00000782818000000,CITY OF DALLAS
00000782821000000,CITY OF DALLAS
00000782824000000,CITY OF DALLAS
00000782830000000,CITY OF DALLAS
00000782836000000,CITY OF DALLAS
00000782840000000,CITY OF DALLAS
00000782842100000,CITY OF DALLAS
00000782845000000,CITY OF DALLAS
00000782848000000,CITY OF DALLAS
00000782851000000,CITY OF DALLAS
00000782854100000,CITY OF DALLAS
00000782857100000,CITY OF DALLAS
00000782861000000,CITY OF DALLAS
00000782863100000,CITY OF DALLAS
00000782866000000,CITY OF DALLAS
00000782872000000,CITY OF DALLAS
00000782875000000,CITY OF DALLAS
00000782878000000,CITY OF DALLAS
00000782881000000,CITY OF DALLAS
00000782885000000,CITY OF DALLAS
00000782893000000,CITY OF DALLAS
00000782897000000,CITY OF DALLAS
00000782899000000,CITY OF DALLAS
00000782902000000,CITY OF DALLAS
00000782906000000,CITY OF DALLAS
00000782908000000,CITY OF DALLAS
00000782917000000,CITY OF DALLAS
00000782921000000,CITY OF DALLAS
00000782923000000,CITY OF DALLAS
00000782926000000,CITY OF DALLAS
00000782929000000,CITY OF DALLAS
00000782932000000,CITY OF DALLAS
00000782935000000,CITY OF DALLAS
00000782942000000,CITY OF DALLAS
00000782950000000,CITY OF DALLAS
00000782953000000,CITY OF DALLAS
00000782957000000,CITY OF DALLAS
00000782962000000,CITY OF DALLAS
00000782965000000,CITY OF DALLAS
00000782975000000,CITY OF DALLAS
00000782980000000,CITY OF DALLAS
00000782984000000,CITY OF DALLAS
00000782986000000,CITY OF DALLAS
00000782990000000,CITY OF DALLAS
00000782993000000,CITY OF DALLAS
00000782998000000,CITY OF DALLAS
00000783007000000,CITY OF DALLAS
00000783031000000,CITY OF DALLAS
00000783100000000,CITY OF DALLAS
00000783127000000,CITY OF DALLAS
00000783247000000,CITY OF DALLAS
00000783451000000,CITY OF DALLAS
00000783469000100,DALLAS COUNTY
00000783488000000,CITY OF DALLAS
00000783490000000,CITY OF DALLAS
00000783491000000,CITY OF DALLAS
00000783499000000,DALLAS COUNTY
00000783502000000,CITY OF DALLAS
00000783502000100,CITY OF DALLAS
00000783508000000,DALLAS COUNTY
00000783511000000,CITY OF DALLAS
00000783514000000,CITY OF DALLAS
00000783517000000,CITY OF DALLAS
00000783520000000,CITY OF DALLAS
00000783523000000,CITY OF DALLAS
00000783526000000,CITY OF DALLAS
00000783529000000,CITY OF DALLAS
00000783532000000,CITY OF DALLAS
00000783535000000,CITY OF DALLAS
00000783538000000,CITY OF DALLAS
00000783541000000,CITY OF DALLAS
00000783544000000,CITY OF DALLAS
00000783547000000,CITY OF DALLAS
00000783550000000,CITY OF DALLAS
00000783553000000,CITY OF DALLAS
00000783556000000,CITY OF DALLAS
00000783559000000,CITY OF DALLAS
00000783562000000,CITY OF DALLAS
00000783565000000,CITY OF DALLAS
00000783568000000,CITY OF DALLAS
00000783571000000,CITY OF DALLAS
00000783574000000,CITY OF DALLAS
00000783577000000,CITY OF DALLAS
00000783580000000,CITY OF DALLAS
00000783583000000,CITY OF DALLAS
00000783586000000,CITY OF DALLAS
00000783589000000,CITY OF DALLAS
00000783592000000,CITY OF DALLAS
00000783595000000,CITY OF DALLAS
00000783598000000,CITY OF DALLAS
00000783601000000,CITY OF DALLAS
00000783604000000,CITY OF DALLAS
00000783607000000,CITY OF DALLAS
00000783610000000,CITY OF DALLAS
00000783613000000,CITY OF DALLAS
00000783616000000,CITY OF DALLAS
00000783619000000,CITY OF DALLAS
00000783622000000,CITY OF DALLAS
00000783625000000,CITY OF DALLAS
00000783628000000,CITY OF DALLAS
00000783631000000,CITY OF DALLAS
00000783634000000,CITY OF DALLAS
00000783637000000,CITY OF DALLAS
00000783640000000,CITY OF DALLAS
00000783643000000,CITY OF DALLAS
00000783646000000,CITY OF DALLAS
00000783649000000,CITY OF DALLAS
00000783652000000,CITY OF DALLAS
00000783655000000,CITY OF DALLAS
00000783658000000,CITY OF DALLAS
00000783661000000,CITY OF DALLAS
00000783664000000,CITY OF DALLAS
00000783667000000,CITY OF DALLAS
00000783670000000,CITY OF DALLAS
00000783673000000,CITY OF DALLAS
00000783676000000,CITY OF DALLAS
00000783679000000,CITY OF DALLAS
00000783682000000,CITY OF DALLAS
00000783685000000,CITY OF DALLAS
00000783688000000,CITY OF DALLAS
00000783691000000,CITY OF DALLAS
00000783694000000,CITY OF DALLAS
00000783697000000,CITY OF DALLAS
00000783700000000,CITY OF DALLAS
00000783703000000,CITY OF DALLAS
00000783706000000,CITY OF DALLAS
00000783709000000,CITY OF DALLAS
00000783712000000,CITY OF DALLAS
00000783715000000,CITY OF DALLAS
00000783718000000,CITY OF DALLAS
00000783721000000,CITY OF DALLAS
00000783724000000,CITY OF DALLAS
00000783727000000,CITY OF DALLAS
00000783730000000,CITY OF DALLAS
00000783733000000,CITY OF DALLAS
00000783736000000,CITY OF DALLAS
00000783739000000,CITY OF DALLAS
00000783742000000,CITY OF DALLAS
00000783745000000,CITY OF DALLAS
00000783748000000,CITY OF DALLAS
00000783751000000,CITY OF DALLAS
00000783754000000,CITY OF DALLAS
00000783757000000,CITY OF DALLAS
00000783760000000,CITY OF DALLAS
00000783763000000,CITY OF DALLAS
00000783766000000,CITY OF DALLAS
00000783769000000,CITY OF DALLAS
00000783772000000,CITY OF DALLAS
00000783775000000,CITY OF DALLAS
00000783778000000,CITY OF DALLAS
00000783781000000,CITY OF DALLAS
00000783784000000,CITY OF DALLAS
00000783787000000,CITY OF DALLAS
00000783790000000,CITY OF DALLAS
00000783793000000,CITY OF DALLAS
00000783796000000,CITY OF DALLAS
00000783799000000,CITY OF DALLAS
00000783802000000,CITY OF DALLAS
00000783805000000,CITY OF DALLAS
00000783808000000,CITY OF DALLAS
00000783811000000,CITY OF DALLAS
00000783814000000,CITY OF DALLAS
00000783817000000,CITY OF DALLAS
00000783820000000,CITY OF DALLAS
00000783826000000,CITY OF DALLAS
00000783829000000,CITY OF DALLAS
00000783832000000,CITY OF DALLAS
00000783835000000,CITY OF DALLAS
00000783838000000,CITY OF DALLAS
00000783841000000,CITY OF DALLAS
00000783844000000,CITY OF DALLAS
00000783847000000,CITY OF DALLAS
00000783850000000,CITY OF DALLAS
00000783853000000,CITY OF DALLAS
00000783856000000,CITY OF DALLAS
00000783859000000,CITY OF DALLAS
00000783862000000,CITY OF DALLAS
00000783865000000,CITY OF DALLAS
00000783868000000,CITY OF DALLAS
00000783871000000,CITY OF DALLAS
00000783874000000,CITY OF DALLAS
00000783877000000,CITY OF DALLAS
00000783880000000,CITY OF DALLAS
00000783883000000,CITY OF DALLAS
00000783886000000,CITY OF DALLAS
00000783889000000,CITY OF DALLAS
00000783892000000,CITY OF DALLAS
00000783895000000,CITY OF DALLAS
00000783898000000,CITY OF DALLAS
00000783901000000,CITY OF DALLAS
00000783904000000,CITY OF DALLAS
00000783907000000,CITY OF DALLAS
00000783910000000,CITY OF DALLAS
00000783913000000,CITY OF DALLAS
00000783916000000,CITY OF DALLAS
00000783919000000,CITY OF DALLAS
00000783922000000,CITY OF DALLAS
00000783925000000,CITY OF DALLAS
00000783928000000,CITY OF DALLAS
00000783931000000,CITY OF DALLAS
00000783934000000,CITY OF DALLAS
00000783937000000,CITY OF DALLAS
00000783940000000,CITY OF DALLAS
00000783943000000,CITY OF DALLAS
00000783946000000,CITY OF DALLAS
00000783949000000,CITY OF DALLAS
00000783952000000,CITY OF DALLAS
00000783955000000,CITY OF DALLAS
00000783958000000,CITY OF DALLAS
00000783961000000,CITY OF DALLAS
00000783964000000,CITY OF DALLAS
00000783967000000,CITY OF DALLAS
00000783970000000,CITY OF DALLAS
00000783973000000,CITY OF DALLAS
00000783976000000,CITY OF DALLAS
00000783979000000,CITY OF DALLAS
00000783982000000,CITY OF DALLAS
00000783985000000,CITY OF DALLAS
00000783988000000,CITY OF DALLAS
00000783991000000,CITY OF DALLAS
00000783994000000,CITY OF DALLAS
00000783997000000,CITY OF DALLAS
00000784000000000,CITY OF DALLAS
00000784003000000,CITY OF DALLAS
00000784006000000,CITY OF DALLAS
00000784009000000,CITY OF DALLAS
00000784012000000,CITY OF DALLAS
00000784015000000,CITY OF DALLAS
00000784018000000,CITY OF DALLAS
00000784021000000,CITY OF DALLAS
00000784024000000,CITY OF DALLAS
00000784030000000,CITY OF DALLAS
00000784033000000,CITY OF DALLAS
00000784036000000,CITY OF DALLAS
00000784039000000,CITY OF DALLAS
00000784042000000,CITY OF DALLAS
00000784045000000,CITY OF DALLAS
00000784048000000,CITY OF DALLAS
00000784051000000,CITY OF DALLAS
00000784054000000,CITY OF DALLAS
00000784057000000,CITY OF DALLAS
00000784060000000,CITY OF DALLAS
00000784063000000,CITY OF DALLAS
00000784066000000,CITY OF DALLAS
00000784069000000,CITY OF DALLAS
00000784072000000,CITY OF DALLAS
00000784075000000,CITY OF DALLAS
00000784078000000,CITY OF DALLAS
00000784081000000,CITY OF DALLAS
00000784084000000,CITY OF DALLAS
00000784087000000,CITY OF DALLAS
00000784090000000,CITY OF DALLAS
00000784093000000,CITY OF DALLAS
00000784096000000,CITY OF DALLAS
00000784099000000,CITY OF DALLAS
00000784102000000,CITY OF DALLAS
00000784105000000,CITY OF DALLAS
00000784108000000,CITY OF DALLAS
00000784111000000,CITY OF DALLAS
00000784114000000,CITY OF DALLAS
00000784117000000,CITY OF DALLAS
00000784120000000,CITY OF DALLAS
00000784123000000,CITY OF DALLAS
00000784126000000,CITY OF DALLAS
00000784129000000,CITY OF DALLAS
00000784132000000,CITY OF DALLAS
00000784135000000,CITY OF DALLAS
00000784138000000,CITY OF DALLAS
00000784141000000,CITY OF DALLAS
00000784144000000,CITY OF DALLAS
00000784147000000,CITY OF DALLAS
00000784150000000,CITY OF DALLAS
00000784153000000,CITY OF DALLAS
00000784156000000,CITY OF DALLAS
00000784159000000,CITY OF DALLAS
00000784162000000,CITY OF DALLAS
00000784165000000,CITY OF DALLAS
00000784168000000,CITY OF DALLAS
00000784171000000,CITY OF DALLAS
00000784174000000,CITY OF DALLAS
00000784177000000,CITY OF DALLAS
00000784180000000,CITY OF DALLAS
00000784183000000,CITY OF DALLAS
00000784186000000,CITY OF DALLAS
00000784189000000,CITY OF DALLAS
00000784192000000,CITY OF DALLAS
00000784195000000,CITY OF DALLAS
00000784198000000,CITY OF DALLAS
00000784201000000,CITY OF DALLAS
00000784204000000,CITY OF DALLAS
00000784207000000,CITY OF DALLAS
00000784210000000,CITY OF DALLAS
00000784213000000,CITY OF DALLAS
00000784216000000,CITY OF DALLAS
00000784219000000,CITY OF DALLAS
00000784222000000,CITY OF DALLAS
00000784225000000,CITY OF DALLAS
00000784228000000,CITY OF DALLAS
00000784231000000,CITY OF DALLAS
00000784234000000,CITY OF DALLAS
00000784237000000,CITY OF DALLAS
00000784240000000,CITY OF DALLAS
00000784243000000,CITY OF DALLAS
00000784246000000,CITY OF DALLAS
00000784249000000,CITY OF DALLAS
00000784252000000,CITY OF DALLAS
00000784255000000,CITY OF DALLAS
00000784258000000,CITY OF DALLAS
00000784261000000,CITY OF DALLAS
00000784264000000,CITY OF DALLAS
00000784267000000,CITY OF DALLAS
00000784270000000,CITY OF DALLAS
00000784417010000,CITY OF DALLAS
00000784489200000,CITY OF DALLAS
00000785170000100,CITY OF DALLAS
00000785188000100,CITY OF DALLAS
00000785233000000,CITY OF DALLAS
00000785236000000,CITY OF DALLAS
00000785581000000,CITY OF DALLAS
00000785585000000,CITY OF DALLAS
00000785590000000,CITY OF DALLAS
00000785593000000,CITY OF DALLAS
00000785605000000,CITY OF DALLAS
00000785794000000,DALLAS ISD
00000786872000500,CITY OF DALLAS
00000786970700000,CITY OF DALLAS
00000786972990000,CITY OF DALLAS
00000786981000000,CITY OF DALLAS
00000787033500100,DART
00000787033500200,DART
00000787033500300,DART
00000787036000100,DALLAS COUNTY
00000787037120100,DART
00000787225000100,CITY OF DALLAS
00000791118150000,CITY OF DALLAS
00000792553000000,CITY OF DALLAS
00000792793000000,CITY OF DALLAS
00000792883500000,CITY OF DALLAS
00000792883500100,CITY OF DALLAS
00000792883600000,CITY OF DALLAS
00000792883600100,CITY OF DALLAS
00000792884200100,CITY OF DALLAS
00000792884250000,CITY OF DALLAS
00000792884750000,CITY OF DALLAS
00000793559800000,CITY OF DALLAS
00000793936000000,CITY OF DALLAS
00000793955980000,CITY OF DALLAS
00000794005000000,CITY OF DALLAS
00000794094600000,CITY OF DALLAS
00000794119050000,CITY OF DALLAS
00000794119100000,CITY OF DALLAS
00000794119150000,CITY OF DALLAS
00000794128000000,CITY OF DALLAS
00000794129500000,CITY OF DALLAS
00000794129750000,CITY OF DALLAS
00000794131200000,CITY OF DALLAS
00000794131220000,CITY OF DALLAS
00000794131240000,CITY OF DALLAS
00000794174490000,CITY OF DALLAS
00000794174510000,CITY OF DALLAS
00000794176400000,CITY OF DALLAS
00000794176700000,CITY OF DALLAS
00000794181320000,CITY OF DALLAS
00000794183660000,CITY OF DALLAS
00000794204000000,CITY OF DALLAS
00000794216500200,CITY OF DALLAS
00000794265970000,CITY OF DALLAS
00000794265980000,CITY OF DALLAS
00000794286020000,CITY OF DALLAS
00000794289500000,CITY OF DALLAS
00000794299350000,CITY OF DALLAS
00000794301900000,CITY OF DALLAS
00000794307100000,CITY OF DALLAS
00000794309400000,CITY OF DALLAS
00000794309410000,CITY OF DALLAS
00000794515000000,CITY OF DALLAS
00000794522500000,CITY OF DALLAS
00000794536000000,CITY OF DALLAS
00000794550600100,CITY OF DALLAS
00000794944100000,CITY OF DALLAS
00000796469500000,CITY OF DALLAS
00000796470000000,CITY OF DALLAS
00000796470500000,CITY OF DALLAS
00000796478500000,CITY OF DALLAS
00000796478600000,CITY OF DALLAS
00000796529500000,CITY OF DALLAS
00000796933500000,CITY OF DALLAS
00000796933600000,CITY OF DALLAS
00000796933800000,CITY OF DALLAS
00000796934000000,CITY OF DALLAS
00000796934010000,CITY OF DALLAS
00000796934010100,CITY OF DALLAS
00000796934050000,CITY OF DALLAS
00000796942150000,CITY OF DALLAS
00000796942160000,CITY OF DALLAS
00000796942180000,CITY OF DALLAS
00000796942450000,CITY OF DALLAS
00000796942460000,CITY OF DALLAS
00000796942470000,CITY OF DALLAS
00000796946060000,CITY OF DALLAS
00000796951250000,CITY OF DALLAS
00000796951300000,CITY OF DALLAS
00000796951400000,CITY OF DALLAS
00000799448500000,CITY OF DALLAS
00000799449800000,CITY OF DALLAS
00000799450310000,CITY OF DALLAS
00000799460800000,CITY OF DALLAS
00000799460850000,CITY OF DALLAS
00000799460900000,CITY OF DALLAS
00000799480010000,CITY OF DALLAS
00000799598900000,CITY OF DALLAS
00000799598920000,CITY OF DALLAS
00000799858000000,CITY OF DALLAS
00000799858000100,CITY OF DALLAS
00000799861000000,CITY OF DALLAS
00000799876000000,CITY OF DALLAS
00000800149000100,CITY OF DALLAS
00000800158250000,CITY OF DALLAS
00000800158250100,CITY OF DALLAS
00000800158250200,CITY OF DALLAS
00000800200050200,CITY OF DALLAS
00000800206000100,CITY OF DALLAS
00000800206000300,CITY OF DALLAS
00000800210000000,CITY OF DALLAS
00000800254500000,CITY OF DALLAS
00000800254600000,CITY OF DALLAS
00000800570000000,CITY OF DALLAS
00000800572000000,CITY OF DALLAS
00000800597000000,CITY OF DALLAS
00000800656000000,MULTIPLE OWNERS
00000800825000000,CITY OF DALLAS
00000800825500000,CITY OF DALLAS
00000800839000000,CITY OF DALLAS
00000800840000000,CITY OF DALLAS
00000800855000000,CITY OF DALLAS
00000801109000100,CITY OF DALLAS
00000801181800000,CITY OF DALLAS
00000801833000000,CITY OF DALLAS
00000801907000200,CITY OF DALLAS
00000801913000100,CITY OF DALLAS
00000801916000100,CITY OF DALLAS
00000801919000100,CITY OF DALLAS
00000801922000100,CITY OF DALLAS
00000801922000200,CITY OF DALLAS
00000801928000100,CITY OF DALLAS
00000801934000100,CITY OF DALLAS
00000801985000100,CITY OF DALLAS
00000802255000100,CITY OF DALLAS
00000802258000300,CITY OF DALLAS
00000802258000400,CITY OF DALLAS
00000803587000000,DALLAS ISD
00000804049000000,CITY OF DALLAS
00000805933000000,CITY OF DALLAS
00000805936000000,CITY OF DALLAS
00000805939000000,CITY OF DALLAS
00000805942000000,CITY OF DALLAS
00000806612000100,CITY OF DALLAS
00000806612000200,DALLAS ISD
00000806671000000,CITY OF DALLAS
00000806674000000,CITY OF DALLAS
00000806677000000,CITY OF DALLAS
00000806680000000,CITY OF DALLAS
00000806683000000,CITY OF DALLAS
00000806686000000,CITY OF DALLAS
00000806692000100,CITY OF DALLAS
00000806698000000,CITY OF DALLAS
00000806701000000,CITY OF DALLAS
00000806725000100,CITY OF DALLAS
00000806728000000,CITY OF DALLAS
00000806731000000,CITY OF DALLAS
00000806785000000,CITY OF DALLAS
00000806791000000,CITY OF DALLAS
00000806794000100,CITY OF DALLAS
00000806803000000,CITY OF DALLAS
00000806806000000,CITY OF DALLAS
00000806809000000,CITY OF DALLAS
00000806812000000,CITY OF DALLAS
00000806824000000,CITY OF DALLAS
00000806848000000,CITY OF DALLAS
00000806872000000,CITY OF DALLAS
00000806875000000,CITY OF DALLAS
00000806896000000,CITY OF DALLAS
00000806899000000,CITY OF DALLAS
00000808892700000,CITY OF DALLAS
00000810991000000,CITY OF DALLAS
00000811113550000,CITY OF DALLAS
00000811144600000,CITY OF DALLAS
00000811146250000,CITY OF DALLAS
00000811222500000,CITY OF DALLAS
00000811223500000,CITY OF DALLAS
00000811248750000,CITY OF DALLAS
00000811248800000,CITY OF DALLAS
00000811258500000,CITY OF DALLAS
00000811276750000,CITY OF DALLAS
00000811276800000,CITY OF DALLAS
00000811277400000,CITY OF DALLAS
00000811277500000,CITY OF DALLAS
00000811297500000,CITY OF DALLAS
00000811297600000,CITY OF DALLAS
00000811327000000,CITY OF DALLAS
00000811330000000,CITY OF DALLAS
00000811333001800,DART
00000813278000100,CITY OF DALLAS
00000813496000000,CITY OF DALLAS
00000813520000000,CITY OF DALLAS
00000813529000000,CITY OF DALLAS
00000813655500100,CITY OF DALLAS
00000813667000200,CITY OF DALLAS
00000813970050100,CITY OF DALLAS
00000814072000100,CITY OF DALLAS
00000814075000100,CITY OF DALLAS
00000814083000100,CITY OF DALLAS
00000814084100400,CITY OF DALLAS
00000814084150200,CITY OF DALLAS
00000814087000000,CITY OF DALLAS
00000814093000000,CITY OF DALLAS
00000814099000000,CITY OF DALLAS
00000814126000000,CITY OF DALLAS
00000814129000000,CITY OF DALLAS
00000814132000000,MULTIPLE OWNERS
00000814144000000,CITY OF DALLAS
00000814156100000,CITY OF DALLAS
00000814168000100,CITY OF DALLAS
00000814297050200,CITY OF DALLAS
00000814297050300,CITY OF DALLAS
00000814312000000,CITY OF DALLAS
00000814342000000,CITY OF DALLAS
00000814343000000,CITY OF DALLAS
00000814343500000,CITY OF DALLAS
00000814344000000,CITY OF DALLAS
00000814348000000,CITY OF DALLAS
00000814354000000,CITY OF DALLAS
00000814360000300,CITY OF DALLAS
00000814360350000,CITY OF DALLAS
00000814363000100,CITY OF DALLAS
00000814366000100,CITY OF DALLAS
00000814368000100,CITY OF DALLAS
00000814381000100,CITY OF DALLAS
00000814384000100,CITY OF DALLAS
00000814390000000,CITY OF DALLAS
00000814393000100,CITY OF DALLAS
00000814399000100,CITY OF DALLAS
00000814399500100,CITY OF DALLAS
00000814408000100,CITY OF DALLAS
00000814411000100,CITY OF DALLAS
00000814418000100,CITY OF DALLAS
00000815128000000,CITY OF DALLAS
00000815776000000,CITY OF DALLAS
00000815785000000,CITY OF DALLAS
00000815815000000,CITY OF DALLAS
00000815827000000,CITY OF DALLAS
00000815830000000,CITY OF DALLAS
00000815833000000,CITY OF DALLAS
00000816048590000,CITY OF DALLAS
00000816048610000,CITY OF DALLAS
00000816048620000,CITY OF DALLAS
00000816048690000,CITY OF DALLAS
00000816048720000,CITY OF DALLAS
00000816048730000,CITY OF DALLAS
00000816049500000,CITY OF DALLAS
00000816049500100,CITY OF DALLAS
00000816049520100,CITY OF DALLAS
00000816055800000,CITY OF DALLAS
00000816069250000,CITY OF DALLAS
00000816069300000,CITY OF DALLAS
00000816077500000,DALLAS COUNTY
00000816078000000,CITY OF DALLAS
00000816112000000,CITY OF DALLAS
00000816115000000,CITY OF DALLAS
00000816499000000,CITY OF DALLAS
00000816506000000,CITY OF DALLAS
00000816705000000,CITY OF DALLAS
00000817000000000,CITY OF DALLAS
00000817315000000,CITY OF DALLAS
00000818113000000,CITY OF DALLAS
00000818118000000,CITY OF DALLAS
00000818122000000,CITY OF DALLAS
00000818125000000,CITY OF DALLAS
00000818128000000,CITY OF DALLAS
00000818134000000,CITY OF DALLAS
00000818137000000,CITY OF DALLAS
00000818140000000,MULTIPLE OWNERS
00000818144000000,CITY OF DALLAS
00000818147000000,CITY OF DALLAS
00000818150000000,CITY OF DALLAS
00000818153000000,CITY OF DALLAS
00000818153000100,CITY OF DALLAS
00000818155000000,CITY OF DALLAS
00000818164000000,CITY OF DALLAS
00000818167000000,CITY OF DALLAS
00000818173000000,MULTIPLE OWNERS
00000818176000000,CITY OF DALLAS
00000818178000000,CITY OF DALLAS
00000818182000000,CITY OF DALLAS
00000818186000000,CITY OF DALLAS
00000818189000000,CITY OF DALLAS
00000818192000000,CITY OF DALLAS
00000818194000000,CITY OF DALLAS
00000818198000000,CITY OF DALLAS
00000818206000000,CITY OF DALLAS
00000818209000000,CITY OF DALLAS
00000818212000000,CITY OF DALLAS
00000818215000000,CITY OF DALLAS
00000818218000000,CITY OF DALLAS
00000818221000000,CITY OF DALLAS
00000818224000000,CITY OF DALLAS
00000818227000000,CITY OF DALLAS
00000818233000000,CITY OF DALLAS
00000818236000000,CITY OF DALLAS
00000818239000000,CITY OF DALLAS
00000818245000000,CITY OF DALLAS
00000818248000000,CITY OF DALLAS
00000818257000000,CITY OF DALLAS
00000818260000000,CITY OF DALLAS
00000818266200000,CITY OF DALLAS
00000818272000000,CITY OF DALLAS
00000818275000000,CITY OF DALLAS
00000818280000000,CITY OF DALLAS
00000818282000000,CITY OF DALLAS
00000818284000000,CITY OF DALLAS
00000818287020000,DALLAS COUNTY
00000818288070100,CITY OF DALLAS
00000818289020100,CITY OF DALLAS
00000818590000100,CITY OF DALLAS
00000818590001000,CITY OF DALLAS
00000820148050000,CITY OF DALLAS
00000820449900000,CITY OF DALLAS
00000820460950000,CITY OF DALLAS
00000820486980000,CITY OF DALLAS
00000820493500000,CITY OF DALLAS
00000820826000000,CITY OF DALLAS
00000820828750000,CITY OF DALLAS
00000820850750000,CITY OF DALLAS
00000821019760000,DALLAS COUNTY
00000821020100000,DALLAS COUNTY
00000823016000000,CITY OF DALLAS
00000823179500000,CITY OF DALLAS
00000823226540000,CITY OF DALLAS
00000823226560000,CITY OF DALLAS
00000899715150100,CITY OF DALLAS
00000899738300100,CITY OF DALLAS
00000899738400000,CITY OF DALLAS
00000899741450000,CITY OF DALLAS
00000899747750400,CITY OF DALLAS
00000899757820000,CITY OF DALLAS
00000899760740000,CITY OF DALLAS
00000899772910100,CITY OF DALLAS
00000899774880100,CITY OF DALLAS
00000899774930000,CITY OF DALLAS
00000899789090000,DALLAS COUNTY
00000899817470000,CITY OF DALLAS
00000899853200100,CITY OF DALLAS
00000899853600000,CITY OF DALLAS
00000899853600100,CITY OF DALLAS
00000899853850000,CITY OF DALLAS
00000899853900000,CITY OF DALLAS
00000899864700000,CITY OF DALLAS
00000899865900000,CITY OF DALLAS
00000899866600100,CITY OF DALLAS
00000899870220000,CITY OF DALLAS
00000899871600100,CITY OF DALLAS
00000899874860100,CITY OF DALLAS
00000899880350000,CITY OF DALLAS
00000899880400000,CITY OF DALLAS
000027006505A0000,CITY OF DALLAS
00004400370020000,CITY OF DALLAS
000062000A0010000,CITY OF DALLAS
00006400000010000,CITY OF DALLAS
00009500000010000,CITY OF DALLAS
00011900000100000,CITY OF DALLAS
00025900000000100,CITY OF DALLAS
00026000000000000,CITY OF DALLAS
000270000M01A0100,CITY OF DALLAS
00039100000000400,CITY OF DALLAS
00039200000000300,DART
000397000A0020100,CITY OF DALLAS
000403000301A0100,CITY OF DALLAS
000405000101A0100,DART
0004150A000010000,CITY OF DALLAS
00041600010010000,CITY OF DALLAS
00041600010030000,DALLAS COUNTY
00041600020030000,CITY OF DALLAS
00041800000000100,CITY OF DALLAS
00041800000000200,CITY OF DALLAS
00041800000010000,CITY OF DALLAS
000419000A0010000,CITY OF DALLAS
000428000A0010000,CITY OF DALLAS
000478000A04A0000,CITY OF DALLAS
000478000A04A0100,CITY OF DALLAS
000490000M01A0100,DART
000552000J07A0100,CITY OF DALLAS
00058000000000000,CITY OF DALLAS
000593000C0080000,CITY OF DALLAS
00063900030010000,CITY OF DALLAS
000642000531L0000,CITY OF DALLAS
00064400000000000,CITY OF DALLAS
000650000104A0000,DALLAS ISD
000656000804A0000,DALLAS ISD
000796000E01B0000,CITY OF DALLAS
0007970F000020000,CITY OF DALLAS
00080800020200000,CITY OF DALLAS
000827001501A0200,CITY OF DALLAS
00082800030050000,CITY OF DALLAS
000840000A0010100,CITY OF DALLAS
000853000A0010000,DART
000854000Y0010000,CITY OF DALLAS
000874000H07A0000,DALLAS ISD
000927000A01A0100,CITY OF DALLAS
00092900030320000,CITY OF DALLAS
00100000010020000,CITY OF DALLAS
00100100010000100,DART
00100100010060000,CITY OF DALLAS
00100400000000000,CITY OF DALLAS
00111400000000100,CITY OF DALLAS
001131000D0130000,CITY OF DALLAS
00113600000000000,CITY OF DALLAS
001142000501A0000,CITY OF DALLAS
001142000501B0000,CITY OF DALLAS
00122000000000000,CITY OF DALLAS
001242001803A0000,DALLAS ISD
001242001806A0000,DALLAS ISD
001324002A0000000,CITY OF DALLAS
001353000001A0000,DALLAS ISD
001419000320A0000,CITY OF DALLAS
00142100020060000,CITY OF DALLAS
00145100000200000,CITY OF DALLAS
00145100000240000,CITY OF DALLAS
001469000B19A0000,DALLAS ISD
001521000211A0100,CITY OF DALLAS
00165400140040000,CITY OF DALLAS
00165400140050000,CITY OF DALLAS
00177100000000100,CITY OF DALLAS
001860000R0000A00,CITY OF DALLAS
00196500060080000,DALLAS ISD
00224800000430000,CITY OF DALLAS
002301000A0000100,CITY OF DALLAS
002301000A0000200,CITY OF DALLAS
002371000D13A0100,DART
002373000101A0000,DALLAS COUNTY
002373000101B0000,DALLAS COUNTY
00255100090010000,CITY OF DALLAS
002604000N01A0100,CITY OF DALLAS
002668000A0020000,CITY OF DALLAS
002937000B0010000,CITY OF DALLAS
00295400010000000,CITY OF DALLAS
00295400030000000,CITY OF DALLAS
00295400050000000,CITY OF DALLAS
00295400060000000,CITY OF DALLAS
00298700100000100,CITY OF DALLAS
00298900000000100,CITY OF DALLAS
0029990A000010100,CITY OF DALLAS
00300100000010000,CITY OF DALLAS
00300100000020000,CITY OF DALLAS
003002002101A0000,CITY OF DALLAS
003077009407A0000,DALLAS ISD
003105012201A0000,CITY OF DALLAS
003107012402A0000,CITY OF DALLAS
003290004711A0000,CITY OF DALLAS
003291004606A0000,CITY OF DALLAS
003291004614A0000,CITY OF DALLAS
003292004501A0000,CITY OF DALLAS
003292004524A0000,CITY OF DALLAS
003294003709A0000,CITY OF DALLAS
003385000C01A0000,DALLAS ISD
003395000A0010000,CITY OF DALLAS
00339900000000000,CITY OF DALLAS
00340600020000100,MULTIPLE OWNERS
00340600020000200,MULTIPLE OWNERS
00347700000060000,CITY OF DALLAS
00347700000100000,CITY OF DALLAS
00347700000110000,CITY OF DALLAS
003478000A0110000,CITY OF DALLAS
003479000B0010000,CITY OF DALLAS
003479000B0180100,CITY OF DALLAS
00373500000000000,CITY OF DALLAS
003781000D0000000,CITY OF DALLAS
00380100140000000,CITY OF DALLAS
00382700090000300,CITY OF DALLAS
003865000A01A0200,DART
003865000A02A0000,DART
00387100050280000,CITY OF DALLAS
00398800140000000,CITY OF DALLAS
004173000001D0100,CITY OF DALLAS
004377000Z0020300,CITY OF DALLAS
004378000Z0070000,CITY OF DALLAS
004423000A0010000,CITY OF DALLAS
00459500090000100,CITY OF DALLAS
00460700020000700,CITY OF DALLAS
00460700020000800,CITY OF DALLAS
00460900040001100,CITY OF DALLAS
00461000050001400,CITY OF DALLAS
00461400070001200,CITY OF DALLAS
00461400070001300,CITY OF DALLAS
00461500080000900,CITY OF DALLAS
00461500080001000,CITY OF DALLAS
00461600090000500,CITY OF DALLAS
00461600090000600,CITY OF DALLAS
00462900010000400,CITY OF DALLAS
00465100000000000,CITY OF DALLAS
00480600020000200,CITY OF DALLAS
00480800050000100,CITY OF DALLAS
005018000301B0000,CITY OF DALLAS
00511600010000100,CITY OF DALLAS
005185000A0020100,CITY OF DALLAS
00518900000010000,DART
005189000B0010000,DART
005196000501A0000,DALLAS ISD
005201001013B0000,DART
005202001115B0000,CITY OF DALLAS
005217000501A0000,DALLAS ISD
00525000000000000,CITY OF DALLAS
005310000B0000A00,CITY OF DALLAS
00533500120000A00,CITY OF DALLAS
00534300020090000,CITY OF DALLAS
00534300040000A00,CITY OF DALLAS
00534300080000A00,CITY OF DALLAS
005344000A0000000,CITY OF DALLAS
00536100160000A00,CITY OF DALLAS
00536400000000A00,CITY OF DALLAS
00536400000000B00,CITY OF DALLAS
00536400000000C00,CITY OF DALLAS
00536400020000A00,CITY OF DALLAS
00540200000010000,CITY OF DALLAS
00542000050000000,CITY OF DALLAS
005436000V0000A00,CITY OF DALLAS
005508000C0000100,CITY OF DALLAS
00554100080000000,CITY OF DALLAS
00554200000000100,CITY OF DALLAS
00554300000000100,CITY OF DALLAS
00554300000000200,CITY OF DALLAS
00556900070000500,CITY OF DALLAS
00557000080000400,CITY OF DALLAS
00558700140000200,CITY OF DALLAS
00558800000000300,CITY OF DALLAS
005705000T0000A00,CITY OF DALLAS
00572300000000100,CITY OF DALLAS
005748000A01C0000,DALLAS COUNTY
0057600C000010000,CITY OF DALLAS
0057600C000020000,CITY OF DALLAS
005771000A05A0000,DART
00577500000110000,CITY OF DALLAS
005775000A0000000,CITY OF DALLAS
00577600130230000,CITY OF DALLAS
0057890A0001A0000,CITY OF DALLAS
005795000A01E0100,CITY OF DALLAS
0057950B000010000,CITY OF DALLAS
005799001302A0100,DART
005799002502A0100,DART
005799002502A0200,DART
00580000000000200,CITY OF DALLAS
00580000000000300,CITY OF DALLAS
00581300130000A00,CITY OF DALLAS
00583200000000000,CITY OF DALLAS
00583900020120000,CITY OF DALLAS
005856000R0000100,CITY OF DALLAS
00587600330000100,CITY OF DALLAS
00591800000010100,DART
00592800010000000,CITY OF DALLAS
00595700000000000,CITY OF DALLAS
00598300000000100,CITY OF DALLAS
00598300000000200,CITY OF DALLAS
005997000A0020000,CITY OF DALLAS
00600800000000000,CITY OF DALLAS
00600900000000000,CITY OF DALLAS
00601900000000000,CITY OF DALLAS
006036000B0000000,CITY OF DALLAS
006037000B0000300,CITY OF DALLAS
00605700000000100,DALLAS COUNTY
00606900000000100,CITY OF DALLAS
006085000A0010000,CITY OF DALLAS
00611300000020300,CITY OF DALLAS
00611302060000000,CITY OF DALLAS
006116000C0000100,DART
006116001251A0000,DALLAS ISD
00611600160000B00,DALLAS ISD
0061180H000060000,CITY OF DALLAS
00611900000060000,CITY OF DALLAS
006119000A0010000,CITY OF DALLAS
006127000T0000A00,CITY OF DALLAS
006127000T0000B00,CITY OF DALLAS
006127000U0000A00,CITY OF DALLAS
0061270U000190000,CITY OF DALLAS
00612800000000C00,CITY OF DALLAS
006138000B01A0000,DALLAS ISD
006144000R0010000,CITY OF DALLAS
00618700020000A00,CITY OF DALLAS
00620200000000A00,CITY OF DALLAS
006213000B0000A00,CITY OF DALLAS
006213000C0000A00,CITY OF DALLAS
00621800000000100,CITY OF DALLAS
00622700010010000,DALLAS ISD
00623000000000000,CITY OF DALLAS
006239000C0020000,CITY OF DALLAS
006239000C0030000,CITY OF DALLAS
00624700000000100,CITY OF DALLAS
00624700000000200,CITY OF DALLAS
0062490A000020000,CITY OF DALLAS
00626100000010000,CITY OF DALLAS
00626100000010100,CITY OF DALLAS
006286000B0000A00,CITY OF DALLAS
00628800000000A00,CITY OF DALLAS
00631500000010000,CITY OF DALLAS
00631700010000A00,CITY OF DALLAS
0063640L000010000,CITY OF DALLAS
00639400010000100,CITY OF DALLAS
006406000A02A0000,CITY OF DALLAS
00640700000000A00,CITY OF DALLAS
00640700000000B00,CITY OF DALLAS
00641600000000000,CITY OF DALLAS
006431000N01A0000,DALLAS ISD
006431000N01B0000,DALLAS ISD
006431000N01C0000,DALLAS ISD
006431000N01D0000,CITY OF DALLAS
006431000N02A0000,DALLAS ISD
006456000C01A0000,DALLAS ISD
0064810A000040100,CITY OF DALLAS
00649300000000100,CITY OF DALLAS
00649500080030200,CITY OF DALLAS
00649800000000100,CITY OF DALLAS
00650900000000100,CITY OF DALLAS
00652200000000A00,CITY OF DALLAS
006598000B0000100,CITY OF DALLAS
006608000A0010000,DART
006629000F0090000,CITY OF DALLAS
006629000V0000100,CITY OF DALLAS
006630000D0000A00,CITY OF DALLAS
00663400020000100,CITY OF DALLAS
006634000205A0000,CITY OF DALLAS
006634000206A0000,CITY OF DALLAS
006634000206B0000,CITY OF DALLAS
006634000207A0000,CITY OF DALLAS
006634000208A0000,CITY OF DALLAS
006634000208B0000,CITY OF DALLAS
006634000209A0000,CITY OF DALLAS
006634000210A0000,CITY OF DALLAS
006634000211A0000,CITY OF DALLAS
006634000211B0000,CITY OF DALLAS
006634000212A0000,CITY OF DALLAS
006634000213A0000,CITY OF DALLAS
006634000213B0000,CITY OF DALLAS
006634000214A0000,CITY OF DALLAS
006634000215A0000,CITY OF DALLAS
006634000216A0000,CITY OF DALLAS
006634000217A0000,CITY OF DALLAS
006634000218A0000,CITY OF DALLAS
006655000J0000000,CITY OF DALLAS
00668400000000000,CITY OF DALLAS
0066890A000270000,CITY OF DALLAS
00669600000000100,CITY OF DALLAS
00669600030000100,CITY OF DALLAS
0067400G000060000,CITY OF DALLAS
006764000507A0000,CITY OF DALLAS
00676400050930000,CITY OF DALLAS
0067870O000000000,CITY OF DALLAS
0067870O000010000,CITY OF DALLAS
006794000A0010000,CITY OF DALLAS
0067950A000750000,CITY OF DALLAS
0067960A000740000,CITY OF DALLAS
00679800010000000,CITY OF DALLAS
00686700000000000,CITY OF DALLAS
006896000C0010000,CITY OF DALLAS
00689800000000A00,CITY OF DALLAS
00689800000000B00,CITY OF DALLAS
006940000204A0000,CITY OF DALLAS
00696200000080000,CITY OF DALLAS
00696500000000000,CITY OF DALLAS
00698300000000000,CITY OF DALLAS
00698500000000000,CITY OF DALLAS
00698700000000200,CITY OF DALLAS
00702400000010000,CITY OF DALLAS
00702400000040000,CITY OF DALLAS
00703700000000000,CITY OF DALLAS
007078000A0010000,DALLAS HOUSING AUTHORITY
007078000B0010000,DALLAS HOUSING AUTHORITY
007078000C0010000,DALLAS HOUSING AUTHORITY
007078000G0010000,DALLAS HOUSING AUTHORITY
007078000G0020000,DALLAS HOUSING AUTHORITY
007078000H0010000,DALLAS HOUSING AUTHORITY
007078000J0010000,DALLAS HOUSING AUTHORITY
007078000K0010000,DALLAS HOUSING AUTHORITY
007097000A06A0000,CITY OF DALLAS
00713500DD0000B00,DALLAS HOUSING AUTHORITY
00713500DD0000C00,DALLAS HOUSING AUTHORITY
00713500EE0000D00,DALLAS HOUSING AUTHORITY
00713500EE0000E00,DALLAS HOUSING AUTHORITY
00713500EE0010000,DALLAS HOUSING AUTHORITY
007153000B0020000,DALLAS COUNTY
00716300020200000,CITY OF DALLAS
00716600000020000,CITY OF DALLAS
00716800000020000,MULTIPLE OWNERS
00716900000010000,MULTIPLE OWNERS
00717100000030000,MULTIPLE OWNERS
00717100000040000,MULTIPLE OWNERS
00717100000070000,MULTIPLE OWNERS
00717500000020000,MULTIPLE OWNERS
00717500000060000,MULTIPLE OWNERS
00717600000030000,MULTIPLE OWNERS
00721000000010100,CITY OF DALLAS
00721000000010200,CITY OF DALLAS
00721000000010300,CITY OF DALLAS
00721000000010700,CITY OF DALLAS
0072260B000010600,CITY OF DALLAS
00728000000000000,CITY OF DALLAS
00729000000000000,CITY OF DALLAS
00729000000000100,CITY OF DALLAS
00734700000000000,CITY OF DALLAS
007367000A0020000,DALLAS ISD
007371000A0020000,DART
00737200000020000,DART
007378000C0000100,CITY OF DALLAS
007399000D0000000,CITY OF DALLAS
00748200000010000,CITY OF DALLAS
00748700000000000,CITY OF DALLAS
007487000F0000A00,CITY OF DALLAS
007487000G0000A00,CITY OF DALLAS
00748700100000A00,CITY OF DALLAS
007604000A0020000,DART
007604000A0030000,DART
00761400300230000,CITY OF DALLAS
007641000412A0000,CITY OF DALLAS
00768600020000000,CITY OF DALLAS
007687000B0000A00,CITY OF DALLAS
00768800020000000,CITY OF DALLAS
007688000B0000A00,CITY OF DALLAS
00769200000000000,CITY OF DALLAS
00769500040250000,CITY OF DALLAS
00769500040250700,CITY OF DALLAS
00769500050250000,CITY OF DALLAS
00769600020250000,CITY OF DALLAS
00769600030250000,CITY OF DALLAS
00771900000000000,CITY OF DALLAS
007729000B0000000,CITY OF DALLAS
00773500000000000,CITY OF DALLAS
007736000A0000000,CITY OF DALLAS
00774100000000000,CITY OF DALLAS
00774100000000A00,CITY OF DALLAS
00774200000000000,CITY OF DALLAS
00777100000000100,CITY OF DALLAS
007790000G0000000,CITY OF DALLAS
00782400020000100,CITY OF DALLAS
00789100300070000,CITY OF DALLAS
00789200000000000,CITY OF DALLAS
007905005801A0300,CITY OF DALLAS
00791000000000000,CITY OF DALLAS
0079370D000040100,CITY OF DALLAS
00794300000000000,CITY OF DALLAS
0079460A000010100,CITY OF DALLAS
00795500000000000,CITY OF DALLAS
00798100030050000,CITY OF DALLAS
00798100030090000,CITY OF DALLAS
00801900000000A00,CITY OF DALLAS
008065000C01C0000,DART
008065000C01D0000,DART
008070000A03A0000,DART
008070000A04A0000,DART
008070000A05A0000,DART
008119000S0000A00,CITY OF DALLAS
008120000V0000A00,CITY OF DALLAS
0081230A000020000,CITY OF DALLAS
00812500000000100,CITY OF DALLAS
00813300000000000,CITY OF DALLAS
00813400000000000,CITY OF DALLAS
00815000030000A00,CITY OF DALLAS
00815000060000A00,CITY OF DALLAS
008159000D0000A00,CITY OF DALLAS
00817800000000000,CITY OF DALLAS
00819500080000A00,CITY OF DALLAS
00819800000000100,CITY OF DALLAS
00819800000000200,CITY OF DALLAS
00825600000010000,CITY OF DALLAS
008285000A0010100,CITY OF DALLAS
008292000S000000A,CITY OF DALLAS
008292000S000000B,CITY OF DALLAS
008307000A0010100,CITY OF DALLAS
00833400000120000,MULTIPLE OWNERS
008348000A0000A00,CITY OF DALLAS
00837300000060000,CITY OF DALLAS
00837400000010000,CITY OF DALLAS
00840000000000100,CITY OF DALLAS
008404000A01B0000,DART
008435000A0040000,CITY OF DALLAS
00844000000000100,CITY OF DALLAS
008462000A0010100,CITY OF DALLAS
0085070K000000000,CITY OF DALLAS
0085070K000430100,CITY OF DALLAS
008535000E0010000,CITY OF DALLAS
0085450A000010100,CITY OF DALLAS
0085790M000050000,CITY OF DALLAS
00859600010000000,CITY OF DALLAS
00859600010000100,CITY OF DALLAS
008605000000B0000,DALLAS COUNTY
00861100000000000,CITY OF DALLAS
008652000A0010000,CITY OF DALLAS
00865400000000100,CITY OF DALLAS
00865400000000200,CITY OF DALLAS
00865400000000400,CITY OF DALLAS
00865400000000500,CITY OF DALLAS
00865400000000600,CITY OF DALLAS
00867400000100000,CITY OF DALLAS
00868300000030600,CITY OF DALLAS
00868300000031000,CITY OF DALLAS
00868400000000000,CITY OF DALLAS
00871200000020000,CITY OF DALLAS
008712000A0540000,CITY OF DALLAS
00876500000000100,CITY OF DALLAS
00878600000000100,CITY OF DALLAS
00878700000020000,DALLAS COUNTY
00878800000000100,CITY OF DALLAS
00878900000000100,CITY OF DALLAS
00879400000100100,CITY OF DALLAS
00879500000410100,CITY OF DALLAS
008800000F0000000,CITY OF DALLAS
008800000H0000000,CITY OF DALLAS
008800000J0000000,CITY OF DALLAS
008800000L0000000,CITY OF DALLAS
00880300000000100,CITY OF DALLAS
00881000000000100,CITY OF DALLAS
008830000D0030000,CITY OF DALLAS
008830000D0040100,CITY OF DALLAS
008830000D01B0000,CITY OF DALLAS
00883300000160000,CITY OF DALLAS
00883300000290000,CITY OF DALLAS
00883300000290200,CITY OF DALLAS
00883300000370000,CITY OF DALLAS
00883300000370100,CITY OF DALLAS
00883700000210200,CITY OF DALLAS
00883700000210300,CITY OF DALLAS
00883700000490200,CITY OF DALLAS
00883700000680000,CITY OF DALLAS
00883700000720100,CITY OF DALLAS
00DALAREARAPTT261,DART
00DART00000000000,DART
00DART0000000T150,DART
00LOVEFLD00000600,CITY OF DALLAS
00LOVEFLD00000700,CITY OF DALLAS
00REDBIRD00000000,CITY OF DALLAS
00TIFBASEROW0T120,CITY OF DALLAS
00TIFBASEROW0T210,CITY OF DALLAS
00TIFBASEROW0T920,CITY OF DALLAS
00TIFBASEROW0T930,CITY OF DALLAS
00TIFBASEROW0T961,CITY OF DALLAS
00TIFBASEROW0T991,CITY OF DALLAS
16020800010020000,DALLAS COUNTY
16020800010030100,DALLAS COUNTY
26000500000140100,DART
26518500000200000,DART
360104800A0000000,DALLAS COUNTY
380644800A01R0100,DALLAS COLLEGE
60115500030056000,DALLAS COUNTY
60115500030140200,DALLAS COUNTY
60115500030141100,DALLAS COUNTY
60115500030141500,DALLAS COUNTY
60115500030340000,DALLAS COUNTY
65015819510010100,DALLAS COUNTY
65015819510050000,DALLAS COUNTY
65015819510130000,DALLAS COUNTY
65029431010030000,MULTIPLE OWNERS
65040617510060100,CITY OF DALLAS
65043032510080100,CITY OF DALLAS
65054152010330000,CITY OF DALLAS
65064941510010000,CITY OF DALLAS
65064941510020000,CITY OF DALLAS
65084501510020100,CITY OF DALLAS
65093481510150000,CITY OF DALLAS
65097823010200000,CITY OF DALLAS
65104161510050000,CITY OF DALLAS
65104161510060000,CITY OF DALLAS
65104161510070000,CITY OF DALLAS
65115256510090600,DALLAS COUNTY
65141375010010000,CITY OF DALLAS
65143609010010000,CITY OF DALLAS
65151803010010300,CITY OF DALLAS
