{
"type": "FeatureCollection",
"name": "city-of-dallas-boundary",
"crs": { "type": "name", "properties": { "name": "urn:ogc:def:crs:OGC:1.3:CRS84" } },
"features": [
{ "type": "Feature", "properties": { "OBJECTID": 3, "CITY": "Dallas", "Area": 344.42344341783638, "Shape_Length": 1093289.8871261054, "Shape_Area": 9601974524.9798374 }, "geometry": { "type": "MultiPolygon", "coordinates": [ [ [ [ -96.635307579806664, 32.843293143852236 ], [ -96.635856712840891, 32.842828728639347 ], [ -96.636574143940194, 32.842221968291845 ], [ -96.637293609155591, 32.841613474664129 ], [ -96.637312078452283, 32.841597853359346 ], [ -96.638278603918309, 32.840780386787294 ], [ -96.638371052956586, 32.840702194472684 ], [ -96.639625235483749, 32.839641397764147 ], [ -96.639814063837832, 32.839686948004818 ], [ -96.639820302845109, 32.83968845282746 ], [ -96.640439889854648, 32.839755705613392 ], [ -96.640660198783777, 32.839764726120485 ], [ -96.641202758061738, 32.839774265475477 ], [ -96.641596798563256, 32.83974864968296 ], [ -96.641961215830506, 32.839679634938143 ], [ -96.642241315155559, 32.839606778907637 ], [ -96.642356867414094, 32.83957672295189 ], [ -96.642632227389782, 32.839467100366221 ], [ -96.642785863995854, 32.839405936015012 ], [ -96.644350105462735, 32.838783180945775 ], [ -96.645199497069299, 32.838445009420411 ], [ -96.646365357964285, 32.837974251441842 ], [ -96.646624101071708, 32.837873144066208 ], [ -96.647113618394101, 32.837681855052949 ], [ -96.64722245963209, 32.837778841598201 ], [ -96.647231261754655, 32.837786685233525 ], [ -96.647499159376324, 32.838014690261808 ], [ -96.647601619323723, 32.838101882794319 ], [ -96.647621641072618, 32.838118920137909 ], [ -96.647912776939407, 32.838366694563327 ], [ -96.648029071044363, 32.838462141639646 ], [ -96.648285761999858, 32.838684820756569 ], [ -96.648358504321067, 32.838747925791175 ], [ -96.648416661176782, 32.838798374060211 ], [ -96.648437341026266, 32.83878180992739 ], [ -96.648615564361705, 32.838639050513663 ], [ -96.648923984905807, 32.838392000758823 ], [ -96.649063682693452, 32.838280541562739 ], [ -96.64993307888308, 32.837557580998578 ], [ -96.650678696969294, 32.836932153435477 ], [ -96.652582423399522, 32.835348515841375 ], [ -96.653073780390386, 32.83578231845059 ], [ -96.653244959122731, 32.835922955700255 ], [ -96.653386514748021, 32.836044645985957 ], [ -96.653524914079696, 32.836162161947726 ], [ -96.653660081558201, 32.836278258830134 ], [ -96.653799230685294, 32.836398539248236 ], [ -96.653945678554777, 32.836520296047723 ], [ -96.654082416605959, 32.83663916308781 ], [ -96.654360663614597, 32.836882466643509 ], [ -96.654495919077348, 32.836994440174941 ], [ -96.654638355627327, 32.837113391097034 ], [ -96.654771139607249, 32.837226695917742 ], [ -96.65491598866231, 32.837347064971866 ], [ -96.655059913394538, 32.837472903989863 ], [ -96.655205462875401, 32.837598775942205 ], [ -96.65521198949375, 32.83759339337206 ], [ -96.655485466501347, 32.837367852282625 ], [ -96.659085282295095, 32.834387457320723 ], [ -96.659086807386259, 32.834388511713684 ], [ -96.65929868081173, 32.834534931551538 ], [ -96.659299931093713, 32.834535483099138 ], [ -96.659301542392143, 32.834536193318641 ], [ -96.659421067145161, 32.834588897184503 ], [ -96.659479313029578, 32.834614580395375 ], [ -96.659584596701379, 32.834647467802476 ], [ -96.659705706056599, 32.83468529735768 ], [ -96.65986317233444, 32.834702454288525 ], [ -96.659882338104453, 32.834704542532066 ], [ -96.6599103299273, 32.834707592896173 ], [ -96.660189078057343, 32.834713085918359 ], [ -96.660254759341342, 32.834710065988475 ], [ -96.660407781117712, 32.834703029412111 ], [ -96.660443054754168, 32.834700472576621 ], [ -96.660444195333341, 32.834700390225386 ], [ -96.660445533725067, 32.834675732726225 ], [ -96.660483876432266, 32.833989829056314 ], [ -96.660477152548509, 32.831891681906235 ], [ -96.660473823311989, 32.830852908903836 ], [ -96.658269215597855, 32.830849953895822 ], [ -96.658221979308578, 32.830849890534473 ], [ -96.658221967068769, 32.830838751292106 ], [ -96.658218752551093, 32.827805056173439 ], [ -96.658172357349116, 32.826265920128009 ], [ -96.658137040454179, 32.824845550495262 ], [ -96.658122654378531, 32.824282610745399 ], [ -96.658106081852168, 32.823923518723106 ], [ -96.658094269152457, 32.823433995972842 ], [ -96.658077160462753, 32.822768449800144 ], [ -96.658047969424373, 32.821587258104799 ], [ -96.658050228300354, 32.821491141073025 ], [ -96.658054324171218, 32.821316906370328 ], [ -96.6584802634477, 32.821319865891809 ], [ -96.658774515013334, 32.82132190954654 ], [ -96.659931183709077, 32.821329936038545 ], [ -96.660180756901227, 32.821331666380189 ], [ -96.66164877908372, 32.821341835019204 ], [ -96.661641511508634, 32.819041098365496 ], [ -96.661643421167568, 32.819041109448605 ], [ -96.662268179380902, 32.819044856448755 ], [ -96.662267971564518, 32.819042925914538 ], [ -96.662253852399161, 32.818911312439141 ], [ -96.662189463042495, 32.81879764649694 ], [ -96.662190707487426, 32.818626903448035 ], [ -96.662198726880163, 32.817526067225494 ], [ -96.662204694314383, 32.816706908972293 ], [ -96.662213237070617, 32.815723339970937 ], [ -96.662214984661858, 32.815522173454774 ], [ -96.66221500284334, 32.815520058653128 ], [ -96.664978990910527, 32.815531079590173 ], [ -96.665188649241983, 32.815531912776855 ], [ -96.665190763581791, 32.815306132138296 ], [ -96.665199809472625, 32.814340007191767 ], [ -96.665204900476596, 32.813796353394594 ], [ -96.665244313161466, 32.809587135695622 ], [ -96.665254741118034, 32.808473318473808 ], [ -96.665268788003786, 32.806972949367676 ], [ -96.665271078739735, 32.806972957902481 ], [ -96.668055128671838, 32.806983080202514 ], [ -96.668055730676059, 32.806919226589216 ], [ -96.668056295710315, 32.806859387004835 ], [ -96.668196637813267, 32.80685604129868 ], [ -96.668381262699597, 32.806851639235333 ], [ -96.668441054224914, 32.806887207722262 ], [ -96.668463607274248, 32.806900624382429 ], [ -96.669137533336155, 32.806905263256283 ], [ -96.670759704782057, 32.806916414331788 ], [ -96.670920136462513, 32.806917516271064 ], [ -96.67364173056086, 32.806936174716355 ], [ -96.673641862718256, 32.806931778758916 ], [ -96.673659356130429, 32.806351686250075 ], [ -96.67374625003373, 32.803470079117758 ], [ -96.67381631462041, 32.801146411164055 ], [ -96.673825056274339, 32.800856478346404 ], [ -96.673957188326924, 32.800790998593691 ], [ -96.674176767063543, 32.800682183959651 ], [ -96.674256089764782, 32.800617480000582 ], [ -96.674318221661281, 32.800563983808679 ], [ -96.674353600491159, 32.800520810040538 ], [ -96.674366916845955, 32.800504559378794 ], [ -96.674405324015211, 32.800450709490327 ], [ -96.674447587656985, 32.800374015728117 ], [ -96.674458254830711, 32.800335272170585 ], [ -96.674469576410942, 32.800294152564099 ], [ -96.67448787866546, 32.800228558226493 ], [ -96.674488552798962, 32.800195796732211 ], [ -96.67448941031742, 32.800154123072573 ], [ -96.674483693390627, 32.800102494621719 ], [ -96.674482837807588, 32.800094769504028 ], [ -96.67447511387229, 32.800025045570074 ], [ -96.674452860884287, 32.799953130409087 ], [ -96.674429488953578, 32.79990019926251 ], [ -96.674417223947671, 32.799872421421853 ], [ -96.674367788405604, 32.79980296733072 ], [ -96.674331668242033, 32.799757734772577 ], [ -96.67432150915036, 32.799745011587227 ], [ -96.674278328162131, 32.799701424245363 ], [ -96.674199171926816, 32.799640182585534 ], [ -96.674191553909196, 32.79963428836281 ], [ -96.674233764984876, 32.799560450369825 ], [ -96.674232839706221, 32.799560160790882 ], [ -96.673897885604987, 32.799455197420208 ], [ -96.673897910610833, 32.799454708931272 ], [ -96.67390593626881, 32.799298844706485 ], [ -96.673930509610415, 32.798821603948603 ], [ -96.673948717458146, 32.798467972850638 ], [ -96.673951325354864, 32.798467607968966 ], [ -96.674574121553292, 32.798380363622904 ], [ -96.675058968987642, 32.79831244212447 ], [ -96.677002258951688, 32.798043120628741 ], [ -96.679284724640809, 32.79773376808614 ], [ -96.679338120265712, 32.797726530531243 ], [ -96.679342762046275, 32.797725822806463 ], [ -96.681264386324727, 32.797432928855407 ], [ -96.681266628454736, 32.797432587334811 ], [ -96.681691054406613, 32.797144013290726 ], [ -96.68171477830262, 32.797091625971738 ], [ -96.681756756473959, 32.796998927805248 ], [ -96.681824620899874, 32.796830962629166 ], [ -96.681910429069859, 32.796614579819177 ], [ -96.681985539261987, 32.796423807406683 ], [ -96.682123249980549, 32.796156633241068 ], [ -96.682174511079012, 32.796081520602215 ], [ -96.682300502900162, 32.795896902482276 ], [ -96.682339971565312, 32.795839068305916 ], [ -96.682534476724157, 32.795612818914258 ], [ -96.682716616168008, 32.795432225508222 ], [ -96.682839028522139, 32.795310851424503 ], [ -96.683044575885845, 32.795073567628521 ], [ -96.683471042854734, 32.794581250476796 ], [ -96.683595660308555, 32.794424301704339 ], [ -96.683686819040801, 32.794309492005233 ], [ -96.683791424305767, 32.794159670193913 ], [ -96.683805575166218, 32.794139402642344 ], [ -96.683970620436597, 32.793861172764792 ], [ -96.684088392549427, 32.793573660483737 ], [ -96.684194126436807, 32.793211511165509 ], [ -96.684223328770599, 32.7929967094408 ], [ -96.684238031763002, 32.792888556935885 ], [ -96.68424510444072, 32.792271321399404 ], [ -96.682012027569272, 32.792249316371922 ], [ -96.680878990946752, 32.792238136413474 ], [ -96.679985244732848, 32.792220851544435 ], [ -96.678772836609582, 32.792197391421766 ], [ -96.677634423691558, 32.792175353736923 ], [ -96.677634674476451, 32.792056617706713 ], [ -96.677635427700523, 32.79170005515634 ], [ -96.674048574902656, 32.791662830503121 ], [ -96.673123247290562, 32.791653210497074 ], [ -96.673113059915906, 32.791009835810925 ], [ -96.673079783784758, 32.788908288664494 ], [ -96.67305537061533, 32.787366358709228 ], [ -96.673050410981489, 32.787053119073981 ], [ -96.673048882816133, 32.78705177887521 ], [ -96.670516665298905, 32.784830155266633 ], [ -96.670593096290474, 32.784831404161736 ], [ -96.671104705331047, 32.784839759358334 ], [ -96.671104150588988, 32.784778140804519 ], [ -96.671098504119684, 32.784151428938429 ], [ -96.669486469424669, 32.784134440013048 ], [ -96.669498600812076, 32.783299854627082 ], [ -96.668049988040551, 32.783268496844244 ], [ -96.667924511202358, 32.783096673871185 ], [ -96.667724749316619, 32.782865594834064 ], [ -96.667719472798666, 32.78286020640089 ], [ -96.667525550675549, 32.782662200111119 ], [ -96.667515469087093, 32.782652535063733 ], [ -96.667374706142766, 32.782517585268856 ], [ -96.667240073728934, 32.782405315919725 ], [ -96.667236590991109, 32.782402411718607 ], [ -96.667210601903363, 32.782381193608806 ], [ -96.666993555608315, 32.782203988247602 ], [ -96.666986554089533, 32.782198272200525 ], [ -96.666824712797364, 32.782055197442709 ], [ -96.666744202350699, 32.781984021848345 ], [ -96.6666843016786, 32.781931066407168 ], [ -96.666541170342057, 32.78180295898472 ], [ -96.666314949771575, 32.781568709432619 ], [ -96.666286568544237, 32.781539320249358 ], [ -96.666285806963842, 32.781538352950776 ], [ -96.666196718172117, 32.781425231531415 ], [ -96.666077604378657, 32.781273983721846 ], [ -96.665961242496664, 32.781082131763263 ], [ -96.665775710480375, 32.78077623320798 ], [ -96.665775551015187, 32.780776096465061 ], [ -96.665722074449647, 32.780730091926898 ], [ -96.664632058769527, 32.779792365490366 ], [ -96.663690059470952, 32.778981951809243 ], [ -96.663241878407788, 32.778596368381372 ], [ -96.662098819318786, 32.778583450606043 ], [ -96.661946286948961, 32.778455355669458 ], [ -96.655796957908422, 32.773290768230346 ], [ -96.654273698466966, 32.771984293575493 ], [ -96.6520463028194, 32.770072961034359 ], [ -96.650302242254327, 32.768579884790945 ], [ -96.649751619665508, 32.768141008637436 ], [ -96.649028402045346, 32.767561948441262 ], [ -96.647376716709829, 32.766185351795421 ], [ -96.646775766578159, 32.765637686659851 ], [ -96.646674027874383, 32.765484572208472 ], [ -96.644626705983356, 32.763705394443214 ], [ -96.644231109955726, 32.763370948256437 ], [ -96.644076038857804, 32.763109992270444 ], [ -96.643903890740361, 32.762324505033476 ], [ -96.643402089794606, 32.759866243431034 ], [ -96.643385438126316, 32.75979201002167 ], [ -96.643361318442174, 32.759683489070163 ], [ -96.643341526567511, 32.759617921648186 ], [ -96.643296329723682, 32.75950206777749 ], [ -96.643237218994116, 32.759386608581572 ], [ -96.643152861536066, 32.759258162919174 ], [ -96.643104027379451, 32.759194396709951 ], [ -96.643011503782049, 32.75909245470595 ], [ -96.642955297899377, 32.759038335677907 ], [ -96.639077987536751, 32.75568412570459 ], [ -96.639145096249592, 32.748682773314272 ], [ -96.639096547001543, 32.748682046502068 ], [ -96.639096854092912, 32.748598308888212 ], [ -96.639106633958988, 32.745902911922514 ], [ -96.639104648831577, 32.742059419718935 ], [ -96.639102882892388, 32.741448749970843 ], [ -96.639116872012139, 32.740503450785852 ], [ -96.639084308063019, 32.737788511555756 ], [ -96.639106655113594, 32.737789786892755 ], [ -96.63909646338864, 32.735083708355717 ], [ -96.638883581607402, 32.734954942861719 ], [ -96.638873293387235, 32.734135021702251 ], [ -96.638387518857314, 32.734127746241363 ], [ -96.638480924819874, 32.730483517751914 ], [ -96.638509932617637, 32.728586101080836 ], [ -96.638432385125554, 32.728584939477187 ], [ -96.638451601703352, 32.726842308039679 ], [ -96.638993642174199, 32.726850400308088 ], [ -96.639001102629109, 32.726494456719294 ], [ -96.639098661172909, 32.726495102283323 ], [ -96.63912081215156, 32.724787360929461 ], [ -96.6384704851002, 32.724781197059805 ], [ -96.63852290536461, 32.719426752750508 ], [ -96.638498131049232, 32.719423606291492 ], [ -96.638438411453478, 32.715099145737007 ], [ -96.638396839523864, 32.71208878144477 ], [ -96.638494715268038, 32.704989692705382 ], [ -96.635646710825881, 32.704962834743228 ], [ -96.635716303608035, 32.699527552859877 ], [ -96.636803043176002, 32.699541970111959 ], [ -96.636847123608277, 32.699213486092084 ], [ -96.637158719447839, 32.696435822619577 ], [ -96.637218275756666, 32.696030338369077 ], [ -96.637453018379347, 32.694058978135502 ], [ -96.630919956719794, 32.690427575331199 ], [ -96.628389609033007, 32.690443384161448 ], [ -96.62358147402729, 32.690410282091939 ], [ -96.623151333405374, 32.69041237590374 ], [ -96.622787699698605, 32.690472744323976 ], [ -96.622743113285367, 32.694439163881007 ], [ -96.622165833141082, 32.694445007367392 ], [ -96.622163275496547, 32.695019516204397 ], [ -96.6211593347155, 32.695088814161316 ], [ -96.619816313220042, 32.695177317346925 ], [ -96.617636070713004, 32.695138571606797 ], [ -96.617635551968363, 32.695829605639204 ], [ -96.617618303225925, 32.696520629675412 ], [ -96.614306264580364, 32.696484041753706 ], [ -96.614204400230633, 32.700765412323349 ], [ -96.614192101751058, 32.701264949537958 ], [ -96.613379066095945, 32.701272649856868 ], [ -96.612525657056949, 32.701347030608815 ], [ -96.610816814756703, 32.701511497515064 ], [ -96.609988583853067, 32.701596265499909 ], [ -96.60916047429366, 32.701675304164816 ], [ -96.607906428696523, 32.701795104127122 ], [ -96.607426239185983, 32.701817030763848 ], [ -96.6068664062701, 32.701805033102147 ], [ -96.606255220971235, 32.70179715142995 ], [ -96.606250949821018, 32.701679671256812 ], [ -96.6053089869133, 32.701675992008958 ], [ -96.605313688867966, 32.701519892099959 ], [ -96.604931974653383, 32.701397969136224 ], [ -96.604801942531381, 32.701373911783207 ], [ -96.604680762096208, 32.70134262478949 ], [ -96.604418034138462, 32.701562279337516 ], [ -96.604602487666256, 32.701716299910501 ], [ -96.603566457137177, 32.70185207277018 ], [ -96.60284089914542, 32.701886814987461 ], [ -96.602582185261753, 32.70210623660553 ], [ -96.602213536138294, 32.70213611617379 ], [ -96.600726478447854, 32.702282902407489 ], [ -96.600440311333188, 32.70228070010667 ], [ -96.600439522517675, 32.702317581146268 ], [ -96.598411515370785, 32.702536178346755 ], [ -96.598230695439582, 32.702555735111247 ], [ -96.595500571220583, 32.702708087764719 ], [ -96.595517935854602, 32.702767061144158 ], [ -96.59366374379529, 32.702914744287035 ], [ -96.591428476864252, 32.703221212046834 ], [ -96.590062277399625, 32.703277537721156 ], [ -96.589913172447282, 32.703202220328983 ], [ -96.588458630851335, 32.703271487966127 ], [ -96.588119482019081, 32.703292045722655 ], [ -96.585721290998393, 32.70358683282948 ], [ -96.585377949969995, 32.703644545458687 ], [ -96.58307825930271, 32.703716472144635 ], [ -96.582991523174243, 32.703654995991606 ], [ -96.581571807429299, 32.70375765594693 ], [ -96.579746720271331, 32.703653571413177 ], [ -96.579158062403366, 32.703621558852838 ], [ -96.579206083741383, 32.703593665593388 ], [ -96.578403908050092, 32.703551104433899 ], [ -96.577745197525118, 32.703563911859128 ], [ -96.576108706482344, 32.703353867239301 ], [ -96.574926591005678, 32.703276851152701 ], [ -96.573355767555952, 32.701913691902924 ], [ -96.571585461349954, 32.701784563381537 ], [ -96.570601474823022, 32.701709144176768 ], [ -96.570040478895777, 32.701651744856498 ], [ -96.567732909017138, 32.701406622261878 ], [ -96.567458137641822, 32.701379339960596 ], [ -96.567255279607551, 32.70135799236693 ], [ -96.567215392367544, 32.70139052105953 ], [ -96.567474776165113, 32.701616820720396 ], [ -96.566809340918823, 32.702162292063356 ], [ -96.566346613688623, 32.701763440612851 ], [ -96.566091566660532, 32.70154360465186 ], [ -96.565696041285022, 32.701741069734283 ], [ -96.565696769588754, 32.701731287471453 ], [ -96.565697302934666, 32.701721493153492 ], [ -96.565697629454817, 32.701711692909363 ], [ -96.565697753297087, 32.701701892215503 ], [ -96.565697676712205, 32.701692085695143 ], [ -96.565697397272871, 32.701682286840075 ], [ -96.565696918276529, 32.701672491191701 ], [ -96.565696233167728, 32.701662705863825 ], [ -96.565695347317828, 32.701652929136046 ], [ -96.565692971739509, 32.701633428514185 ], [ -96.565691481971953, 32.70162370642344 ], [ -96.565689787950106, 32.70161400730963 ], [ -96.565687901365379, 32.70160433315877 ], [ -96.565684171188508, 32.701587713086909 ], [ -96.565656203601932, 32.701509243601038 ], [ -96.565379690611366, 32.701507662818948 ], [ -96.562958416463545, 32.701099077055616 ], [ -96.562565699130744, 32.69977132301451 ], [ -96.562275816779547, 32.698775939893906 ], [ -96.562111574732256, 32.69838676939743 ], [ -96.561968353414045, 32.698121070101053 ], [ -96.561814033465325, 32.697898150270277 ], [ -96.561708498622693, 32.697767632664551 ], [ -96.561601244705614, 32.697638524079487 ], [ -96.561373002352298, 32.697388677253315 ], [ -96.560486995472701, 32.696628834640471 ], [ -96.559155396370883, 32.695492600111685 ], [ -96.556547414943907, 32.693177994752141 ], [ -96.555214678725719, 32.692005412916394 ], [ -96.55778854272063, 32.6898525234486 ], [ -96.558669812815907, 32.689120288528905 ], [ -96.556500844706264, 32.687280319321509 ], [ -96.559719246596089, 32.6845979556185 ], [ -96.561538501350867, 32.683083661877824 ], [ -96.562011337155212, 32.682642669721716 ], [ -96.562450423698479, 32.682203738932756 ], [ -96.562667372495042, 32.681975645281511 ], [ -96.562902403462829, 32.681727393674265 ], [ -96.562962954562039, 32.681663439276207 ], [ -96.563006134140764, 32.681633612466953 ], [ -96.563059905228783, 32.681615535746943 ], [ -96.563167098524971, 32.681607218882689 ], [ -96.563291070519568, 32.681648753092645 ], [ -96.56276061512952, 32.681200597798686 ], [ -96.562809802336048, 32.681149739662132 ], [ -96.564590116499758, 32.681005778049688 ], [ -96.570273499162596, 32.680526233914904 ], [ -96.573699216670647, 32.680242155609008 ], [ -96.574549440732, 32.680957890141535 ], [ -96.572786140156495, 32.682398224441876 ], [ -96.572914734997809, 32.682510980775454 ], [ -96.574630238940614, 32.681088524031054 ], [ -96.576507181818513, 32.679558284115245 ], [ -96.575320528529858, 32.678533289423591 ], [ -96.57771343161842, 32.676549247603923 ], [ -96.578880497721102, 32.675661644187038 ], [ -96.580335314239363, 32.676342800711318 ], [ -96.582483785960875, 32.674537459697625 ], [ -96.585479428627011, 32.672025333979342 ], [ -96.588712081820958, 32.66936458702677 ], [ -96.595708673378653, 32.672647536298577 ], [ -96.598102772014386, 32.670668446937611 ], [ -96.592641602054599, 32.668137607397263 ], [ -96.59255400007639, 32.668077495074542 ], [ -96.591136913669118, 32.667415735981876 ], [ -96.59378005195326, 32.665214178268627 ], [ -96.591751461151276, 32.663414790070526 ], [ -96.594555252851507, 32.661065624828339 ], [ -96.593948080761152, 32.660739111400076 ], [ -96.593145205630805, 32.660290068229656 ], [ -96.59263257319148, 32.660041633874727 ], [ -96.592333950028348, 32.659916770913277 ], [ -96.592118892118776, 32.659841871322982 ], [ -96.591873127902602, 32.659777957226936 ], [ -96.591496013259786, 32.659692120197626 ], [ -96.591224202220729, 32.65965187442125 ], [ -96.59103997339669, 32.65963163531282 ], [ -96.590872554586156, 32.659622054977753 ], [ -96.590556362272196, 32.659613093878427 ], [ -96.590278127451526, 32.659616563095504 ], [ -96.588343625320789, 32.657978212243997 ], [ -96.586906957038252, 32.656722844061058 ], [ -96.582168021775303, 32.652580491103002 ], [ -96.582519618584783, 32.65201467355832 ], [ -96.584646700482921, 32.648869819235607 ], [ -96.585839015273336, 32.647935500624385 ], [ -96.592415498741488, 32.653854890095062 ], [ -96.589164399981996, 32.656458760281382 ], [ -96.590785066366209, 32.656459349023351 ], [ -96.591113753761078, 32.656724545552372 ], [ -96.5929498065545, 32.658293075542602 ], [ -96.593105512165977, 32.6584401957343 ], [ -96.593189553160244, 32.658510402101726 ], [ -96.593260645677475, 32.658599093863167 ], [ -96.593742356837254, 32.658808642535085 ], [ -96.594241819861125, 32.659039685966 ], [ -96.596023214304338, 32.66011371524904 ], [ -96.59741798116859, 32.660905445789844 ], [ -96.598418476878479, 32.661454861912119 ], [ -96.601486733168542, 32.663149892421124 ], [ -96.603393430982493, 32.664230025751806 ], [ -96.606581319663334, 32.661749984424269 ], [ -96.607773602220718, 32.662834899884125 ], [ -96.608734271979841, 32.663668565684382 ], [ -96.608817422816728, 32.663738561834911 ], [ -96.61059583478044, 32.665283421794229 ], [ -96.613517849021122, 32.662880774706132 ], [ -96.615357949827626, 32.661360857890664 ], [ -96.61591620623831, 32.66089824097859 ], [ -96.616024153612614, 32.660756696316369 ], [ -96.616091430301282, 32.660617388372252 ], [ -96.616117303501454, 32.660514688998362 ], [ -96.616560557470805, 32.656053971869561 ], [ -96.615206500203954, 32.654872824002844 ], [ -96.616088571570344, 32.654205424642058 ], [ -96.616021330526905, 32.654023990635849 ], [ -96.61548315205502, 32.653541869904295 ], [ -96.614114896043731, 32.652296845614394 ], [ -96.61529961060937, 32.651342592672712 ], [ -96.615009589574768, 32.651176078038702 ], [ -96.61407930805052, 32.650623878576319 ], [ -96.614948554457243, 32.649859566127589 ], [ -96.61567987942162, 32.649213440851646 ], [ -96.616814662757122, 32.649654493677595 ], [ -96.617721196285345, 32.650004726954805 ], [ -96.618347351870568, 32.649208049472122 ], [ -96.62352362544128, 32.644831687905423 ], [ -96.623281285856095, 32.645326313437472 ], [ -96.62093740901345, 32.651871028039253 ], [ -96.620905681373955, 32.651977493825584 ], [ -96.620885785946427, 32.652097879200667 ], [ -96.620883187277428, 32.652234586722223 ], [ -96.620895664060285, 32.65234044881074 ], [ -96.620920760724076, 32.652444669089149 ], [ -96.620953911634075, 32.652536875315278 ], [ -96.620991901558682, 32.652630967708475 ], [ -96.62183356509901, 32.655128083172571 ], [ -96.623629215349581, 32.654832367240395 ], [ -96.624858716582565, 32.653823236549783 ], [ -96.626706784990589, 32.652297288985132 ], [ -96.628243761412293, 32.650995423889626 ], [ -96.629169793569559, 32.650187285668061 ], [ -96.634576298670126, 32.645669250413036 ], [ -96.64242291929952, 32.639098370092071 ], [ -96.64256466987527, 32.638968153340471 ], [ -96.642668223168045, 32.638883575185773 ], [ -96.645347689218795, 32.63664558515493 ], [ -96.645955453303401, 32.637121386772201 ], [ -96.646457897849331, 32.637372308061799 ], [ -96.646832846654462, 32.637569773487606 ], [ -96.647184171378882, 32.637764021454615 ], [ -96.647628925748165, 32.638022668969256 ], [ -96.648268256773775, 32.638364398848509 ], [ -96.648985229407515, 32.638715874177528 ], [ -96.649462237022618, 32.638889080489697 ], [ -96.65067226309732, 32.639293716630235 ], [ -96.651050088033259, 32.639353755830307 ], [ -96.651147289854933, 32.639399589794557 ], [ -96.651302902038935, 32.639403340325778 ], [ -96.651466387203641, 32.639354225835632 ], [ -96.651918907175173, 32.639077454221535 ], [ -96.652387036895547, 32.638863916131456 ], [ -96.652538218203816, 32.638709541484552 ], [ -96.652865974154082, 32.638455798499379 ], [ -96.653129129264173, 32.63817047842614 ], [ -96.653299740993702, 32.637941054820232 ], [ -96.653576067082852, 32.637673111195646 ], [ -96.654006790377736, 32.637304367956787 ], [ -96.654141187495199, 32.637188954567399 ], [ -96.654441080414088, 32.636927085127105 ], [ -96.654690445685731, 32.636816243058313 ], [ -96.654941298430273, 32.636797061730313 ], [ -96.655281899817723, 32.636856534947256 ], [ -96.655621785571498, 32.636950361259096 ], [ -96.656201245754232, 32.637242477196594 ], [ -96.65670495205093, 32.63762761937609 ], [ -96.652987166293713, 32.640822422839101 ], [ -96.656819131391543, 32.642107834973679 ], [ -96.66135478996928, 32.644002344523408 ], [ -96.658626725280556, 32.646183965044777 ], [ -96.656620412495855, 32.647772199392051 ], [ -96.666752813265447, 32.656388142795436 ], [ -96.66716626896222, 32.656052701119705 ], [ -96.668666286003315, 32.657349186554434 ], [ -96.669155275050315, 32.657768774730769 ], [ -96.670179526953618, 32.658663034810189 ], [ -96.670128352108208, 32.658682324890144 ], [ -96.67069248122678, 32.65923474300876 ], [ -96.670154166585235, 32.660223386488099 ], [ -96.669714314687297, 32.661033064233081 ], [ -96.669565814191941, 32.661832716841083 ], [ -96.669185352888874, 32.663786484134292 ], [ -96.669061065673887, 32.664135669875364 ], [ -96.669040063553908, 32.664277873912255 ], [ -96.668998578605553, 32.664559219371306 ], [ -96.66894946971307, 32.664892026296577 ], [ -96.669037458488347, 32.664965681303151 ], [ -96.669330726220096, 32.665211271069118 ], [ -96.669655602025031, 32.665483279788781 ], [ -96.672294780526826, 32.667700717116581 ], [ -96.67180556814921, 32.668976320020164 ], [ -96.673626476391775, 32.66900597846714 ], [ -96.678838963435709, 32.66907965858212 ], [ -96.679213678232657, 32.669084100337393 ], [ -96.679396627133656, 32.669549485415743 ], [ -96.679465442636129, 32.669991506037945 ], [ -96.679473933446999, 32.670237910232345 ], [ -96.679450037007769, 32.670423488946433 ], [ -96.679348881425014, 32.670722909084596 ], [ -96.679171192879423, 32.671132680629789 ], [ -96.678943438413569, 32.671507347030186 ], [ -96.678521403228174, 32.672139810792316 ], [ -96.678032374369465, 32.67267670056296 ], [ -96.677176725929783, 32.673454531253505 ], [ -96.676922932279254, 32.673777269710918 ], [ -96.676761649170373, 32.674046951711901 ], [ -96.676593686474988, 32.674476909415418 ], [ -96.676603409482183, 32.674901147931884 ], [ -96.676695061492552, 32.67531173672311 ], [ -96.676858903970839, 32.675577603017594 ], [ -96.677096745207081, 32.675867467557275 ], [ -96.67735701328111, 32.676054564554562 ], [ -96.677632320454478, 32.676213327561065 ], [ -96.677931144531087, 32.676292085183348 ], [ -96.678247978847949, 32.676362599010858 ], [ -96.678613320575266, 32.676379412052221 ], [ -96.678914643634556, 32.676380964126437 ], [ -96.679332169197181, 32.676329813929065 ], [ -96.679705979917983, 32.676263698614285 ], [ -96.680159645529983, 32.676101387166945 ], [ -96.680744630101941, 32.675809269012539 ], [ -96.681381732817243, 32.67545204337938 ], [ -96.682153476177646, 32.674967921257178 ], [ -96.683159074805687, 32.674306798611646 ], [ -96.683978192153987, 32.673823355716664 ], [ -96.684687167501579, 32.673427076150602 ], [ -96.685171387007884, 32.673259464095551 ], [ -96.685586561919081, 32.673156708505893 ], [ -96.686022628327777, 32.673025623248648 ], [ -96.68762139657629, 32.672496264906385 ], [ -96.688460231125646, 32.672175187969238 ], [ -96.68904649671623, 32.671950776916518 ], [ -96.689452413886116, 32.671867181679424 ], [ -96.689843499803288, 32.67183792090762 ], [ -96.690207994722243, 32.671831282958074 ], [ -96.690611241889798, 32.671823935869654 ], [ -96.691081321333726, 32.671850827657018 ], [ -96.691442738668968, 32.671893321159331 ], [ -96.69164104471227, 32.671964937615826 ], [ -96.691784972851906, 32.672042183053293 ], [ -96.691945508358089, 32.672144052592735 ], [ -96.692065439156138, 32.672240302446816 ], [ -96.692207666970432, 32.672405605562581 ], [ -96.692321354110533, 32.672616557644183 ], [ -96.692531641392776, 32.67295728866992 ], [ -96.692646205770416, 32.67315082475691 ], [ -96.692730370524856, 32.67334105196187 ], [ -96.692762433068921, 32.673593175116821 ], [ -96.692785831154026, 32.67377714418528 ], [ -96.692858210511048, 32.674047386113401 ], [ -96.692951596376219, 32.674283566519385 ], [ -96.693145833275466, 32.674555582089134 ], [ -96.693348181303463, 32.674761848415464 ], [ -96.693628854738989, 32.675112441302169 ], [ -96.693968388808003, 32.6754733382989 ], [ -96.694238463830658, 32.675605270372877 ], [ -96.694453002728068, 32.675711481677027 ], [ -96.694633467318596, 32.675828653005723 ], [ -96.695222825169836, 32.676676208329518 ], [ -96.695464811957791, 32.677241087858192 ], [ -96.695445177167187, 32.677707585488818 ], [ -96.695390915730371, 32.677878619036335 ], [ -96.695256001163443, 32.678185940903745 ], [ -96.695095602040851, 32.678382198389912 ], [ -96.694876896462418, 32.678601466739529 ], [ -96.694704398255496, 32.678766623556378 ], [ -96.694483552197099, 32.679021797519567 ], [ -96.694242166035806, 32.679403337279446 ], [ -96.693712725156587, 32.680398778769515 ], [ -96.693630760003288, 32.680641386327899 ], [ -96.69702479981548, 32.680379109973202 ], [ -96.71833818281479, 32.66955346539909 ], [ -96.71857946067972, 32.669451386750005 ], [ -96.71881631399701, 32.669371205745122 ], [ -96.718904213416607, 32.669342676805591 ], [ -96.71899373252208, 32.669315533877587 ], [ -96.719083237905039, 32.669289764357771 ], [ -96.719173549545374, 32.669265370984562 ], [ -96.719263854915297, 32.669242352027055 ], [ -96.719354967616269, 32.669220709229151 ], [ -96.719446887633765, 32.669200443490737 ], [ -96.719538793894316, 32.669181553862117 ], [ -96.719630695978594, 32.669164041382558 ], [ -96.71972340632901, 32.669146528696643 ], [ -96.719816919946908, 32.66913176667574 ], [ -96.719909614846941, 32.669118374635936 ], [ -96.720003113817313, 32.669106363210602 ], [ -96.720097413700074, 32.66909573054874 ], [ -96.720190904318827, 32.66908509162954 ], [ -96.720285189686734, 32.669077204150788 ], [ -96.720379466684264, 32.669070691952996 ], [ -96.720474555289698, 32.669065557766174 ], [ -96.720568820889739, 32.669061796206307 ], [ -96.720663075024618, 32.669059405373311 ], [ -96.720758137546326, 32.66905839430693 ], [ -96.720852380328083, 32.669058753210209 ], [ -96.720947427295442, 32.669060489112837 ], [ -96.721041666037095, 32.669062221482875 ], [ -96.721136701658182, 32.669066708022328 ], [ -96.721230913292587, 32.669072564472913 ], [ -96.721325118768632, 32.669079794431859 ], [ -96.721419315850198, 32.669088403278806 ], [ -96.721513510070508, 32.669098381171509 ], [ -96.721606876232684, 32.66911110529459 ], [ -96.721700242421605, 32.669123829347463 ], [ -96.721793593891078, 32.669137929492976 ], [ -96.721886136310033, 32.669153400671853 ], [ -96.721978665192182, 32.669170242549775 ], [ -96.7220711921061, 32.669188463409782 ], [ -96.722162893990713, 32.669208055077291 ], [ -96.722254590825386, 32.669229020272219 ], [ -96.722345469106983, 32.669251352761925 ], [ -96.722435523328457, 32.669275061488726 ], [ -96.722525573631941, 32.669300141055523 ], [ -96.722614805231075, 32.669326596036484 ], [ -96.722704035907441, 32.669353046429599 ], [ -96.722792437471554, 32.669382245758058 ], [ -96.722880021552299, 32.66941281330643 ], [ -96.722966783798356, 32.669444753523962 ], [ -96.723053549250849, 32.669476696431644 ], [ -96.723138675388498, 32.66951137759029 ], [ -96.723223798376395, 32.669546059546462 ], [ -96.723308097663903, 32.669583487818308 ], [ -96.72339158132543, 32.669620912481584 ], [ -96.723474245282318, 32.669659710755191 ], [ -96.723556090675501, 32.669699879049212 ], [ -96.723644003088893, 32.669744881021813 ], [ -96.723717325745312, 32.669784327508111 ], [ -96.723796712228918, 32.669828607630535 ], [ -96.723887432649704, 32.669880489964818 ], [ -96.723952225154747, 32.669919908119319 ], [ -96.724028346322143, 32.669966925708515 ], [ -96.724103646807663, 32.67001531329948 ], [ -96.724178131925669, 32.670065071871733 ], [ -96.724251800305467, 32.670114829543351 ], [ -96.724323834637204, 32.670167330984725 ], [ -96.724395053405559, 32.670219826134421 ], [ -96.72446545140869, 32.670273695802578 ], [ -96.724531655057447, 32.67033452262563 ], [ -96.724835417782714, 32.669270854232074 ], [ -96.72456091230228, 32.668775806648291 ], [ -96.724072718974426, 32.66779230748805 ], [ -96.723649909873728, 32.666925722144939 ], [ -96.723230550904518, 32.666056319082543 ], [ -96.722809131805391, 32.664952063485146 ], [ -96.721975238850476, 32.663028163740741 ], [ -96.722556222068533, 32.662927152838819 ], [ -96.723534101461468, 32.662332132499337 ], [ -96.724472305225618, 32.661632490356013 ], [ -96.726986786415736, 32.660346561699505 ], [ -96.728981312643384, 32.659753880414179 ], [ -96.729716784900475, 32.659284538301947 ], [ -96.729865760251428, 32.659160978254803 ], [ -96.729197915889088, 32.658173491140744 ], [ -96.729060161148468, 32.658013451179002 ], [ -96.728864773303073, 32.657725084221617 ], [ -96.726161158483649, 32.653708288134396 ], [ -96.726916479081012, 32.65334313299212 ], [ -96.726654666264736, 32.652956827167586 ], [ -96.731277016368523, 32.650790141513085 ], [ -96.729457401332098, 32.648125265532258 ], [ -96.733021763763674, 32.646421134261978 ], [ -96.730229690149571, 32.642335073909429 ], [ -96.732052678174966, 32.64146442692806 ], [ -96.733115792995392, 32.640953031825021 ], [ -96.733454149659551, 32.640779827409787 ], [ -96.729753477775347, 32.635474711514611 ], [ -96.729975777753396, 32.63505308766139 ], [ -96.73009320714813, 32.634728139159904 ], [ -96.730186541817488, 32.634477677244107 ], [ -96.730244293369637, 32.634296784015675 ], [ -96.730723781900224, 32.632958490034262 ], [ -96.730982555752831, 32.632217633556728 ], [ -96.731917198855811, 32.629638213457042 ], [ -96.731979134787764, 32.629460748767109 ], [ -96.744845738615311, 32.623305919963116 ], [ -96.74555922465909, 32.618863647035219 ], [ -96.746342848385936, 32.618864153787456 ], [ -96.746427358099453, 32.61886421040569 ], [ -96.75153479667452, 32.618867457676231 ], [ -96.752044786983078, 32.618867769703478 ], [ -96.753275109495164, 32.618868593189241 ], [ -96.753600755191584, 32.618869050882829 ], [ -96.760874691641348, 32.61887221489944 ], [ -96.765817892265162, 32.6188753998496 ], [ -96.76603509777739, 32.619314171713462 ], [ -96.766178313140841, 32.619591081284199 ], [ -96.766245749948425, 32.619714362963876 ], [ -96.766326477746318, 32.619863945134199 ], [ -96.767233952178614, 32.621471112142274 ], [ -96.768298899244769, 32.623376001664695 ], [ -96.76849919470628, 32.623725183677166 ], [ -96.768582287598036, 32.623878918230943 ], [ -96.768654306023151, 32.624017381682926 ], [ -96.76953031062979, 32.625993847827324 ], [ -96.769610462216363, 32.626173660004739 ], [ -96.769915452283513, 32.626861070161638 ], [ -96.770074950214493, 32.627220679079073 ], [ -96.770143435994896, 32.627374209824204 ], [ -96.770178421910131, 32.627454423743309 ], [ -96.770250805249105, 32.627616257007702 ], [ -96.770400962342819, 32.6279551177782 ], [ -96.770477514326615, 32.628111510733113 ], [ -96.771605057229863, 32.630689401951585 ], [ -96.771692938542074, 32.63088993507197 ], [ -96.77187720352093, 32.631313116953649 ], [ -96.77251708619734, 32.632783186715272 ], [ -96.772722136078599, 32.633265762552519 ], [ -96.772895006080205, 32.633648921944619 ], [ -96.772965258187824, 32.633795600930519 ], [ -96.773025331267277, 32.633922896224128 ], [ -96.773075268082394, 32.634028053903322 ], [ -96.773263703950406, 32.63440456096842 ], [ -96.7734672998576, 32.634795018754332 ], [ -96.774400494745109, 32.636388742599735 ], [ -96.775167845564155, 32.63769836914463 ], [ -96.775248795760362, 32.637838319847177 ], [ -96.77539425254794, 32.638086389500884 ], [ -96.775465804231359, 32.638208345622289 ], [ -96.775827458634978, 32.638826419813064 ], [ -96.7767890403248, 32.640468631726094 ], [ -96.776901707108067, 32.64064888732004 ], [ -96.776978814259692, 32.640777793304785 ], [ -96.777054218689742, 32.640910795679062 ], [ -96.77707950540325, 32.641030735080861 ], [ -96.777243024909296, 32.64126942753547 ], [ -96.777474678657271, 32.641602287092553 ], [ -96.778504325877151, 32.641115899542818 ], [ -96.779152569137622, 32.640819129929277 ], [ -96.780571348465244, 32.640138063431806 ], [ -96.780820079019094, 32.640027031747003 ], [ -96.781081647530129, 32.639879360971761 ], [ -96.781395621646752, 32.639734389461033 ], [ -96.783985941535121, 32.638467644723278 ], [ -96.786591054793945, 32.64229482950708 ], [ -96.787321753454421, 32.643363515350821 ], [ -96.78728979095311, 32.64337648899852 ], [ -96.787394257916247, 32.643531524197975 ], [ -96.788184882511928, 32.644699976786256 ], [ -96.788151166428634, 32.644712928286467 ], [ -96.788270876120109, 32.644889860914311 ], [ -96.788996007637124, 32.644692985145824 ], [ -96.788976437631106, 32.64588684362154 ], [ -96.788936392187154, 32.647643759930958 ], [ -96.790055314696914, 32.647780522523142 ], [ -96.790262802022582, 32.647805371833464 ], [ -96.791100004658972, 32.647907616338706 ], [ -96.791532797069948, 32.647960308995437 ], [ -96.792367565063898, 32.648062514119111 ], [ -96.792829546775792, 32.648118350984895 ], [ -96.796985615827268, 32.648626276354491 ], [ -96.797253937517283, 32.648656071975296 ], [ -96.797445237325448, 32.648677941733638 ], [ -96.798588901918407, 32.648813206648619 ], [ -96.799699348406619, 32.648943876121834 ], [ -96.800687400693718, 32.649060496821065 ], [ -96.80165680011757, 32.649175475423185 ], [ -96.802607575824482, 32.649287447230805 ], [ -96.805131656563603, 32.648050462608879 ], [ -96.805639250526951, 32.647801721726992 ], [ -96.805773438211247, 32.64775132160721 ], [ -96.806123688570651, 32.647745101231585 ], [ -96.814274721643343, 32.647754315643191 ], [ -96.814290486483515, 32.644910580171143 ], [ -96.814270428600878, 32.644768729042241 ], [ -96.814268243133142, 32.643277994661574 ], [ -96.814279968343854, 32.641595370819829 ], [ -96.815038454692157, 32.641536401841343 ], [ -96.818803107834356, 32.641484342929388 ], [ -96.820914345187958, 32.640986000099559 ], [ -96.821200633827686, 32.640881054870178 ], [ -96.821433053166913, 32.640761059743156 ], [ -96.821536725359692, 32.640647918225262 ], [ -96.821639297454155, 32.64048988413365 ], [ -96.82275530662271, 32.640488275609755 ], [ -96.822927848418956, 32.636977285660578 ], [ -96.82286730407732, 32.633135648214598 ], [ -96.823899202970267, 32.633149562089045 ], [ -96.831457911568776, 32.633176203744696 ], [ -96.831456045705181, 32.632678023914124 ], [ -96.831683105327315, 32.632675578241333 ], [ -96.831910519466504, 32.632675880602193 ], [ -96.832128192533602, 32.632676057986835 ], [ -96.832290646606467, 32.63267549319481 ], [ -96.832518089656489, 32.63267442389062 ], [ -96.832761793420474, 32.632672197104121 ], [ -96.833005477726147, 32.632671347733989 ], [ -96.833249184615667, 32.632669122738861 ], [ -96.833492864696453, 32.63266826964972 ], [ -96.833720334506523, 32.632665825758593 ], [ -96.83388278856745, 32.632665257981543 ], [ -96.834142684199051, 32.632665995794412 ], [ -96.834402606651182, 32.632665358875173 ], [ -96.834662502236654, 32.632666098305009 ], [ -96.834742109492893, 32.632665792549695 ], [ -96.83551306700457, 32.632656882829473 ], [ -96.835589450813885, 32.632655161469344 ], [ -96.840045280049594, 32.63261173129488 ], [ -96.840035198481388, 32.633119321014505 ], [ -96.843373440406992, 32.633085944756836 ], [ -96.844103033180133, 32.633094189618262 ], [ -96.851346236459264, 32.633056150150196 ], [ -96.853962890406109, 32.633022145414053 ], [ -96.85724935396216, 32.633002679876661 ], [ -96.860920838850149, 32.633025435056602 ], [ -96.86266697315358, 32.633032726922394 ], [ -96.865767028065349, 32.633008001312753 ], [ -96.865762011136795, 32.633144805857413 ], [ -96.865696027276201, 32.635969205878666 ], [ -96.874409533707407, 32.636034926408641 ], [ -96.874402094990955, 32.638662207893738 ], [ -96.874405824010182, 32.640308845690619 ], [ -96.874240211719496, 32.640312431443498 ], [ -96.874238520507717, 32.642829302505831 ], [ -96.878534739965005, 32.64280832125845 ], [ -96.878518823796753, 32.645458453150425 ], [ -96.878530216796946, 32.646503827274728 ], [ -96.879910894329569, 32.646520420782323 ], [ -96.879911373241569, 32.64742246748569 ], [ -96.881684916933608, 32.647426980376352 ], [ -96.882845263573131, 32.647466950378728 ], [ -96.883932249003621, 32.647443270762111 ], [ -96.885357758966208, 32.647412201569772 ], [ -96.888002230595404, 32.647354524663839 ], [ -96.891175219580049, 32.647337164498353 ], [ -96.891179534489851, 32.659993060393376 ], [ -96.89120803907781, 32.66216541744334 ], [ -96.89119491149917, 32.665899367329999 ], [ -96.891204788013908, 32.667019206944474 ], [ -96.891205970310153, 32.668730236194719 ], [ -96.891223359855047, 32.669359025905933 ], [ -96.891247499311177, 32.670224224612497 ], [ -96.891235631128666, 32.670364316664553 ], [ -96.891258189344441, 32.671081942565429 ], [ -96.891253450210655, 32.672371941017303 ], [ -96.89125759663051, 32.673022626474982 ], [ -96.892176182380709, 32.673023784947198 ], [ -96.89280714582911, 32.673018705837599 ], [ -96.892849854567345, 32.676568721983763 ], [ -96.905805881383088, 32.676491289548835 ], [ -96.905666916451764, 32.675579605064677 ], [ -96.908389518540602, 32.675598070208643 ], [ -96.90837279505358, 32.676448882381266 ], [ -96.908463574912545, 32.676450180945835 ], [ -96.908680156147938, 32.676464720686063 ], [ -96.912009269453591, 32.676449268772693 ], [ -96.912009884882607, 32.676500274039292 ], [ -96.912063362707656, 32.676500495974814 ], [ -96.915124278421132, 32.676512654020826 ], [ -96.920221472129981, 32.67653431303097 ], [ -96.920780205678767, 32.676546634225751 ], [ -96.924418205334419, 32.676551498343819 ], [ -96.925406343525935, 32.676555522423342 ], [ -96.92572359254271, 32.676545685011618 ], [ -96.925657056125942, 32.675321434984937 ], [ -96.925648340042045, 32.674929029588704 ], [ -96.925624630016841, 32.674275302818664 ], [ -96.92561157546794, 32.673573621578782 ], [ -96.925623993443693, 32.670933000852678 ], [ -96.925635933314979, 32.670577345326343 ], [ -96.925637604413268, 32.670483037310944 ], [ -96.925659117527076, 32.668982657935118 ], [ -96.925687117480592, 32.667831798257822 ], [ -96.925693836703402, 32.666437564065625 ], [ -96.925737747413265, 32.663448611262652 ], [ -96.925740552109843, 32.66260771356751 ], [ -96.925754068610772, 32.66241959804357 ], [ -96.925914031185144, 32.662437815217409 ], [ -96.926085991327469, 32.662454159429082 ], [ -96.926484083985159, 32.662472787143805 ], [ -96.931298121840356, 32.662460342728721 ], [ -96.936424723404926, 32.662444548513449 ], [ -96.937983947189281, 32.662428022441411 ], [ -96.938726473578129, 32.662424108841449 ], [ -96.93925920082637, 32.662414906210095 ], [ -96.939760652038345, 32.662402656708132 ], [ -96.940632430389954, 32.662352661159908 ], [ -96.941708022727795, 32.662291963467304 ], [ -96.941971437066101, 32.662276717890215 ], [ -96.94223489775834, 32.662258822498771 ], [ -96.942567035913399, 32.662255038866732 ], [ -96.942820497054811, 32.662271467427772 ], [ -96.943064196481231, 32.66230775510023 ], [ -96.943073534065675, 32.662019466439688 ], [ -96.943081635020008, 32.661772847163611 ], [ -96.943108540680925, 32.661496125792368 ], [ -96.943151706793373, 32.661043128875029 ], [ -96.943163105858005, 32.660671355556623 ], [ -96.943149110471921, 32.659797174556701 ], [ -96.943129634418938, 32.659176553473131 ], [ -96.943132021753186, 32.658960147176003 ], [ -96.943115859149415, 32.658375828362722 ], [ -96.943100250166268, 32.657288185162884 ], [ -96.94308218841752, 32.65650693098393 ], [ -96.94307505186093, 32.656112948142678 ], [ -96.94306486313279, 32.655409824879108 ], [ -96.943052861030111, 32.655211833901213 ], [ -96.943043080633728, 32.654685987054521 ], [ -96.943028121047121, 32.65429541094646 ], [ -96.942998494254908, 32.653013290387385 ], [ -96.942984197517205, 32.652759668180977 ], [ -96.942928868481417, 32.651014836404187 ], [ -96.942932877361855, 32.650887829682411 ], [ -96.942927299355802, 32.650826017939949 ], [ -96.942931739023408, 32.650359357377127 ], [ -96.942928748180051, 32.650209272949567 ], [ -96.942905075740882, 32.648786740215712 ], [ -96.942881345682977, 32.647896588112957 ], [ -96.942869876384293, 32.647394832720146 ], [ -96.942875141221606, 32.647260329646947 ], [ -96.94287685254487, 32.64713071280282 ], [ -96.942860646600508, 32.64608295706158 ], [ -96.942854121835438, 32.643750712251382 ], [ -96.942834562267834, 32.642120734163079 ], [ -96.942841220268889, 32.641544557714028 ], [ -96.942836827783822, 32.641346546576521 ], [ -96.9428328806069, 32.640100830453427 ], [ -96.942796882144108, 32.637622830478684 ], [ -96.9427878926424, 32.635807827644321 ], [ -96.942772888725258, 32.634844836320276 ], [ -96.942789089281263, 32.634403990758251 ], [ -96.942792906794935, 32.634266763720774 ], [ -96.94286287197356, 32.633805240474388 ], [ -96.943006891031416, 32.633178837921477 ], [ -96.94311234330425, 32.632735790797682 ], [ -96.943156317184844, 32.632561759427695 ], [ -96.943192565095757, 32.632390848304688 ], [ -96.943222597813019, 32.632125601380807 ], [ -96.943227938713235, 32.632019902006924 ], [ -96.94322812011589, 32.631905475891941 ], [ -96.943221041268799, 32.631746047625796 ], [ -96.943212529598057, 32.631223070815636 ], [ -96.943228205546703, 32.629041817801699 ], [ -96.943227920286532, 32.62873902342762 ], [ -96.943230156953362, 32.628611310735018 ], [ -96.943229187076525, 32.627826534308802 ], [ -96.943240379668566, 32.626949593456899 ], [ -96.943238008288432, 32.626465211872066 ], [ -96.943315120190476, 32.626466764250317 ], [ -96.943317571643163, 32.62621265915773 ], [ -96.943314122305509, 32.626022060924377 ], [ -96.943309338374149, 32.625958068323818 ], [ -96.943298293622874, 32.625890684456287 ], [ -96.943282358327735, 32.625753408992388 ], [ -96.94323749931911, 32.625522658362229 ], [ -96.943205417902973, 32.625401113715178 ], [ -96.94317735825004, 32.625291716050818 ], [ -96.943125032296294, 32.625138462111266 ], [ -96.943037390667044, 32.624967607967548 ], [ -96.942983126845036, 32.62485108560881 ], [ -96.94291715478272, 32.624684038703911 ], [ -96.942847070019923, 32.624428711626493 ], [ -96.94281230914099, 32.624263052800309 ], [ -96.942789957952982, 32.624106056552385 ], [ -96.942777282284993, 32.623984270885927 ], [ -96.942767084997101, 32.623820299225578 ], [ -96.945465137986986, 32.620124900108607 ], [ -96.94817116302444, 32.620424597788052 ], [ -96.948942577029413, 32.620531161725573 ], [ -96.949570010076997, 32.621423401912786 ], [ -96.950341103428286, 32.622524954046099 ], [ -96.950978393124245, 32.62344287646696 ], [ -96.953256722941433, 32.626668985244727 ], [ -96.953256861062698, 32.627291956736592 ], [ -96.95325693772044, 32.627640860478728 ], [ -96.953251168278655, 32.632520414342721 ], [ -96.953249294125257, 32.632728877610809 ], [ -96.953344514083895, 32.632727697323524 ], [ -96.953426991200502, 32.632710539462735 ], [ -96.953484089566288, 32.632693138449376 ], [ -96.953556858806252, 32.632684727230597 ], [ -96.953656744537369, 32.632685971460084 ], [ -96.953857531528769, 32.632687371985121 ], [ -96.957627482737877, 32.632675292989212 ], [ -96.956819963532951, 32.631465268941788 ], [ -96.971722860832287, 32.624275108166508 ], [ -96.972101631881372, 32.624070395505292 ], [ -96.975681395049037, 32.62213463985681 ], [ -96.975668149676338, 32.623416325513467 ], [ -96.975610031858849, 32.6241415307219 ], [ -96.975564818596553, 32.624508946424505 ], [ -96.975520190922865, 32.624842007201259 ], [ -96.975448744410727, 32.625259213853006 ], [ -96.975385974348399, 32.625564847270716 ], [ -96.975060708253437, 32.626969736882323 ], [ -96.974790349412686, 32.628049768149836 ], [ -96.974680261620435, 32.628532877940962 ], [ -96.974529708458832, 32.629122360233993 ], [ -96.97423404138253, 32.630279912934796 ], [ -96.974140082565015, 32.630529320299573 ], [ -96.973487557185194, 32.63207050059939 ], [ -96.973254072530068, 32.632561598913917 ], [ -96.972770286013287, 32.633537860244857 ], [ -96.972324976381159, 32.634538932383258 ], [ -96.972118748304624, 32.635018908843549 ], [ -96.971910111989075, 32.635540377758751 ], [ -96.971603822153781, 32.636328391534349 ], [ -96.971465686709109, 32.636981020294265 ], [ -96.97270762653234, 32.637453717970118 ], [ -96.975572722142573, 32.638546338138418 ], [ -96.975615253272423, 32.638571215691549 ], [ -96.975907346252725, 32.638925168052687 ], [ -96.975940451435577, 32.638973418366326 ], [ -96.975993461527281, 32.639039929677359 ], [ -96.97607717253473, 32.639092502605571 ], [ -96.976206340041159, 32.639059725035132 ], [ -96.976274851600508, 32.639011885905987 ], [ -96.976356597034709, 32.63898138883966 ], [ -96.97644143806238, 32.638968110298151 ], [ -96.976689277881675, 32.639120060426556 ], [ -96.976835759411443, 32.639064585985729 ], [ -96.976894072234515, 32.638996429310723 ], [ -96.977089635071749, 32.639061971433691 ], [ -96.977185259640351, 32.639209187936849 ], [ -96.977312421923401, 32.639096201633379 ], [ -96.977478712587271, 32.639069609714923 ], [ -96.977571739865169, 32.639170973149817 ], [ -96.977621903779365, 32.639205951255171 ], [ -96.977708806654661, 32.639270017435983 ], [ -96.977790751162161, 32.639228067544288 ], [ -96.977830718760316, 32.639068197015185 ], [ -96.977940219667047, 32.638997950869935 ], [ -96.978083316565147, 32.638942430768964 ], [ -96.978246861359068, 32.63887857490591 ], [ -96.978448947741526, 32.638737871787065 ], [ -96.978560810821165, 32.638727788356256 ], [ -96.978702531569368, 32.638752433662788 ], [ -96.978755690569187, 32.638810356656613 ], [ -96.978871032178986, 32.638794589308176 ], [ -96.978934882425889, 32.638821142921167 ], [ -96.979262657824663, 32.638949723586158 ], [ -96.97948578804646, 32.638963910823996 ], [ -96.979705191845227, 32.638998097093065 ], [ -96.980051211464072, 32.638950791113459 ], [ -96.980217400007717, 32.6389299169414 ], [ -96.98028703526758, 32.638816223423682 ], [ -96.98038319811063, 32.638734360266405 ], [ -96.980466658255438, 32.638603652581146 ], [ -96.980583516460499, 32.638499133925812 ], [ -96.980499557571406, 32.638460878026741 ], [ -96.980403536734642, 32.638336567922963 ], [ -96.980322029839897, 32.638155164692591 ], [ -96.980214242063909, 32.638125207655378 ], [ -96.980094682122044, 32.637992021111252 ], [ -96.980001767073716, 32.637899583603442 ], [ -96.980098648923232, 32.637858910921651 ], [ -96.980001894826373, 32.637777548830471 ], [ -96.979946034289227, 32.637679501360495 ], [ -96.979850357782283, 32.637535152662196 ], [ -96.979726926990878, 32.637430549646751 ], [ -96.979588002953477, 32.637440302706423 ], [ -96.979446720578551, 32.63738989242966 ], [ -96.979434116639311, 32.637335329120383 ], [ -96.979496588267324, 32.637244459656657 ], [ -96.979602313393144, 32.637197074488398 ], [ -96.979765330870876, 32.637211471203301 ], [ -96.979929150386496, 32.637182463835721 ], [ -96.980044880327725, 32.637143788827714 ], [ -96.980112454954337, 32.637150345085132 ], [ -96.980251578552867, 32.637129139565225 ], [ -96.98032641103525, 32.637107146941439 ], [ -96.980375150283194, 32.637027560570381 ], [ -96.980429924559985, 32.636991005365097 ], [ -96.980504999470512, 32.636954697700205 ], [ -96.980558700132192, 32.636981127168362 ], [ -96.980641081625578, 32.636913409460192 ], [ -96.980715962767135, 32.63688855361994 ], [ -96.980772554505663, 32.636943655081282 ], [ -96.980853321036705, 32.636970414723478 ], [ -96.980942173793721, 32.636919959289457 ], [ -96.980940650607664, 32.636811122794207 ], [ -96.981122968801259, 32.636638673256826 ], [ -96.981264043869416, 32.636502947278679 ], [ -96.981394916151828, 32.636271166856034 ], [ -96.981316797417364, 32.636047233517601 ], [ -96.981271582584682, 32.635917639808497 ], [ -96.981144802269483, 32.635756955818586 ], [ -96.980989199115939, 32.635554602302278 ], [ -96.981067946374395, 32.635402363786447 ], [ -96.980961091325284, 32.635318010739155 ], [ -96.980856792293395, 32.635381167331509 ], [ -96.980671717250985, 32.635121179341304 ], [ -96.980526360801463, 32.634894938926301 ], [ -96.98042935934231, 32.634648585847224 ], [ -96.980160349697613, 32.634325256324843 ], [ -96.980088092094121, 32.633924213541057 ], [ -96.980229515020028, 32.633966039546124 ], [ -96.980367018424872, 32.634039308682908 ], [ -96.980481978932559, 32.634046202183058 ], [ -96.980607048724536, 32.634053700925314 ], [ -96.980647886581991, 32.633842297552611 ], [ -96.980785187236819, 32.633729434603843 ], [ -96.980840491453819, 32.633463795659551 ], [ -96.980913788054764, 32.633135380786342 ], [ -96.980866405765354, 32.632838421728096 ], [ -96.98081589134928, 32.632625894088207 ], [ -96.980798920124954, 32.632430962907264 ], [ -96.980703782939472, 32.632255123802899 ], [ -96.980703619061529, 32.632134878456483 ], [ -96.980703468217285, 32.632031767855068 ], [ -96.980811996127883, 32.631962928804967 ], [ -96.981129599509714, 32.631992586380271 ], [ -96.981610493936259, 32.632170286679056 ], [ -96.981994306867534, 32.632385451402804 ], [ -96.982161032717372, 32.632530670812336 ], [ -96.982322620139001, 32.632778915158667 ], [ -96.982374999018447, 32.632882644375343 ], [ -96.982448306803335, 32.632949403767441 ], [ -96.982513535576359, 32.633093378317838 ], [ -96.982700028016893, 32.633270335264847 ], [ -96.982821295779601, 32.63330332033523 ], [ -96.982893961513525, 32.633209708425653 ], [ -96.982900865388189, 32.633003615037239 ], [ -96.982916643815514, 32.632872084079473 ], [ -96.983023682281313, 32.632747391860185 ], [ -96.983204370966163, 32.632668145016652 ], [ -96.983368370646957, 32.632596220509086 ], [ -96.983520166178835, 32.632529644781279 ], [ -96.983661567134462, 32.632467625551072 ], [ -96.983789346335257, 32.632411585442618 ], [ -96.984046948045318, 32.632298599914193 ], [ -96.984124496913097, 32.632195279199195 ], [ -96.984174842188949, 32.632021219196773 ], [ -96.984065094139766, 32.631908198579126 ], [ -96.98390356524061, 32.631854680667509 ], [ -96.983776360213085, 32.631772946870377 ], [ -96.983600034540018, 32.631793701812725 ], [ -96.983358039910058, 32.631696244765848 ], [ -96.983202792190852, 32.631671442076573 ], [ -96.982958987192262, 32.631679917291066 ], [ -96.982956011549277, 32.631734985227787 ], [ -96.982636339249467, 32.631747563555429 ], [ -96.982450397567234, 32.631736699048012 ], [ -96.982351584379444, 32.631577995974673 ], [ -96.982289453516643, 32.631451238867477 ], [ -96.982271595126832, 32.631307840615911 ], [ -96.982328076036239, 32.631171076563483 ], [ -96.982518031421591, 32.631045970718638 ], [ -96.982762466841805, 32.63100027574901 ], [ -96.9828875536693, 32.631007533445427 ], [ -96.983075348381078, 32.630909602111885 ], [ -96.983120898022122, 32.630818524128578 ], [ -96.983227494022174, 32.630719600376743 ], [ -96.983400228490993, 32.63068344069935 ], [ -96.983544345724169, 32.630594611123534 ], [ -96.983730571982036, 32.630580535941149 ], [ -96.983900677163618, 32.630535963767272 ], [ -96.984003206090009, 32.630477078005946 ], [ -96.984045522264651, 32.630441534400831 ], [ -96.984180175308168, 32.630353047600032 ], [ -96.984332648035206, 32.630299940276238 ], [ -96.984532437459038, 32.630230354293879 ], [ -96.984732218326684, 32.630095099472044 ], [ -96.984833999063596, 32.629881575121161 ], [ -96.984735278108573, 32.629717147027108 ], [ -96.984569038239258, 32.629543300282684 ], [ -96.98445802236499, 32.629384951390463 ], [ -96.984351016843434, 32.629330165029749 ], [ -96.984223614004975, 32.62911214628123 ], [ -96.984216189718367, 32.629099438740212 ], [ -96.984172112446885, 32.628907034367636 ], [ -96.984019551686018, 32.628724764947535 ], [ -96.983867192187731, 32.628531044371321 ], [ -96.983633298598249, 32.62845516579182 ], [ -96.983475503536425, 32.62838164958977 ], [ -96.9833958186193, 32.628291906911727 ], [ -96.983457485320258, 32.62804925416691 ], [ -96.982953938543361, 32.627613562607785 ], [ -96.982705686256168, 32.62768498341643 ], [ -96.982550050907548, 32.627584285235507 ], [ -96.982460954247557, 32.62745146956744 ], [ -96.982475649416912, 32.627185337112643 ], [ -96.982394047550386, 32.62700966200525 ], [ -96.982276757239475, 32.626942364770301 ], [ -96.982193208581904, 32.626603718500739 ], [ -96.982217400334065, 32.626298719596733 ], [ -96.982076271653554, 32.626099450157199 ], [ -96.982161086108718, 32.625888584063183 ], [ -96.982097092020652, 32.625771825182994 ], [ -96.982115669076563, 32.625674689687052 ], [ -96.982184655961873, 32.625598218345935 ], [ -96.982266194707179, 32.625579169347475 ], [ -96.982348271079516, 32.625528627479397 ], [ -96.982337758130541, 32.625481180867077 ], [ -96.982433182126684, 32.625312033425701 ], [ -96.982340502837332, 32.625190628156659 ], [ -96.98240213419318, 32.625148427937688 ], [ -96.982463668807341, 32.625111953667833 ], [ -96.982445567050888, 32.624982869427875 ], [ -96.982573930041596, 32.624897102573279 ], [ -96.982685804263596, 32.624686564218493 ], [ -96.982586481556609, 32.624538290137536 ], [ -96.982505279400129, 32.624417059552293 ], [ -96.982668819145047, 32.62429404693011 ], [ -96.982560007913179, 32.62412662732671 ], [ -96.982675965083914, 32.624073636749003 ], [ -96.982893913286475, 32.624190840276164 ], [ -96.982980214733701, 32.62428925854978 ], [ -96.9831814933831, 32.624391944446103 ], [ -96.983257792474902, 32.624481647751104 ], [ -96.983201512693299, 32.624606957615136 ], [ -96.983165676091375, 32.624723928324023 ], [ -96.983251588631674, 32.624845250289738 ], [ -96.983389564525524, 32.624889890719835 ], [ -96.983520434568675, 32.624954483837385 ], [ -96.983616347620043, 32.625084518454024 ], [ -96.983860733268244, 32.625239275141666 ], [ -96.983946403182685, 32.625374907937157 ], [ -96.98402814664945, 32.625541995708261 ], [ -96.984260957409248, 32.625582064314024 ], [ -96.984371426915601, 32.625652139079406 ], [ -96.984667900047469, 32.625927801356752 ], [ -96.984734975306509, 32.625962983099789 ], [ -96.984794895938279, 32.626020986114256 ], [ -96.98492621644769, 32.626158608556807 ], [ -96.985032615300454, 32.62616992829691 ], [ -96.985095266867773, 32.626248443370081 ], [ -96.985259896273774, 32.626335925020818 ], [ -96.985417539581917, 32.626418031480668 ], [ -96.985651781325657, 32.626572658080242 ], [ -96.985709250595221, 32.626576225431499 ], [ -96.986099558750354, 32.626706983574692 ], [ -96.986241214752226, 32.626734482381913 ], [ -96.986332563169469, 32.62673559629048 ], [ -96.986406166706061, 32.62678517371171 ], [ -96.986483881524507, 32.626791849331887 ], [ -96.986511876775381, 32.62673778265674 ], [ -96.986644282347399, 32.62663915991569 ], [ -96.986720001456064, 32.626588323018773 ], [ -96.986805952019793, 32.626558095985096 ], [ -96.986894259196475, 32.626539129160896 ], [ -96.98705409931496, 32.626492394735301 ], [ -96.98702550300122, 32.626383231104384 ], [ -96.987057364007725, 32.626300576540018 ], [ -96.98714409631981, 32.626274429145312 ], [ -96.987232305714997, 32.626261187148963 ], [ -96.987363968192113, 32.626378765175197 ], [ -96.987411980197507, 32.626440916706343 ], [ -96.987431112451191, 32.626509879330676 ], [ -96.987536099416005, 32.626604222593741 ], [ -96.987679767633452, 32.626613131462506 ], [ -96.987859756421472, 32.626575235813512 ], [ -96.988035687576982, 32.626577378779189 ], [ -96.988259614830326, 32.626542876784839 ], [ -96.98839847322192, 32.626535979722625 ], [ -96.988531371894453, 32.626462183491277 ], [ -96.988691378993792, 32.626425000276605 ], [ -96.98885513327366, 32.626346816348743 ], [ -96.989111854427904, 32.626274056889564 ], [ -96.98922310010397, 32.626199523777274 ], [ -96.989399530763237, 32.626271826305114 ], [ -96.989536805372097, 32.626158956317312 ], [ -96.989625692135263, 32.626105629874957 ], [ -96.989791520384301, 32.626104781154496 ], [ -96.989969340957686, 32.625995264841919 ], [ -96.990027924314973, 32.625932979655239 ], [ -96.990058704983511, 32.625895368145294 ], [ -96.990280814264977, 32.625787149518096 ], [ -96.990404262566756, 32.625691288293844 ], [ -96.990639597991986, 32.625582469564776 ], [ -96.990691173308448, 32.625534416749197 ], [ -96.990813454249889, 32.625507268598263 ], [ -96.990973774342166, 32.625431898330696 ], [ -96.991221141084097, 32.62541199928021 ], [ -96.991530919724667, 32.625402879350766 ], [ -96.991872963772735, 32.625386989455912 ], [ -96.992012305825313, 32.6253514539723 ], [ -96.992091329986664, 32.625280825418017 ], [ -96.992257642233795, 32.625251345335514 ], [ -96.992452600892449, 32.62513977258336 ], [ -96.992552433421224, 32.625028702090525 ], [ -96.992647987545425, 32.624981182540822 ], [ -96.992737637502756, 32.624882034218452 ], [ -96.992840745880898, 32.624788799843458 ], [ -96.992853807750379, 32.624617143824835 ], [ -96.992860540150517, 32.624419636960695 ], [ -96.992823745985916, 32.624294623275638 ], [ -96.992583214871189, 32.624111296327193 ], [ -96.992294646408723, 32.623967477328343 ], [ -96.992079485716602, 32.623884683630031 ], [ -96.991846290502878, 32.623867533620889 ], [ -96.991782207483794, 32.623855300707746 ], [ -96.991604842781214, 32.623738599765979 ], [ -96.991487698713698, 32.623662725009758 ], [ -96.991441982663858, 32.623564805995642 ], [ -96.991423676997215, 32.623447177751416 ], [ -96.991493882607045, 32.623397917892937 ], [ -96.991744913883579, 32.623360880035143 ], [ -96.991973814207853, 32.623231934730804 ], [ -96.99212108556479, 32.623127772347118 ], [ -96.992151407191045, 32.622936280100383 ], [ -96.992111018487947, 32.62272388385891 ], [ -96.992139376523014, 32.622548120592803 ], [ -96.992158056342987, 32.622244804704231 ], [ -96.992057505564603, 32.621988725753042 ], [ -96.991909102785485, 32.621760699315573 ], [ -96.991695665163434, 32.621676496277651 ], [ -96.991486494019568, 32.621639591493604 ], [ -96.99146273653507, 32.621444576785088 ], [ -96.99149185763028, 32.621255488121449 ], [ -96.991613308873298, 32.621145728259847 ], [ -96.991856516016227, 32.62097114345238 ], [ -96.991973319042188, 32.620767818114508 ], [ -96.992014560940163, 32.620530638619002 ], [ -96.992024825635738, 32.620324588447446 ], [ -96.992010921668992, 32.620146876822886 ], [ -96.992048551819309, 32.620022767005104 ], [ -96.99191582274176, 32.619825146864564 ], [ -96.991750387750074, 32.619248840182578 ], [ -96.991656085007122, 32.619123129086056 ], [ -96.991554112928924, 32.619150524770795 ], [ -96.991492829026413, 32.619172691321047 ], [ -96.991329864500003, 32.619205068203421 ], [ -96.991194692200224, 32.619194836252575 ], [ -96.991112902705311, 32.619129411975436 ], [ -96.990934770976367, 32.619157825843878 ], [ -96.990889091396127, 32.619158191333355 ], [ -96.990812562449008, 32.619181601733565 ], [ -96.990163231682658, 32.619162250743194 ], [ -96.990004666512377, 32.619134547865883 ], [ -96.989781538909384, 32.619123244351854 ], [ -96.989055773613231, 32.619121567666667 ], [ -96.98889923445401, 32.619174073653241 ], [ -96.988754009923298, 32.619157988604144 ], [ -96.988589317378143, 32.619092983686492 ], [ -96.988511509632318, 32.619092036231073 ], [ -96.988470281493079, 32.619128759806436 ], [ -96.988409778953482, 32.619105114388653 ], [ -96.988459524399389, 32.618965402101665 ], [ -96.988676689351465, 32.618730369413093 ], [ -96.98890765329125, 32.618678775199633 ], [ -96.989024670113992, 32.6185627911781 ], [ -96.989009111573992, 32.618482421573439 ], [ -96.989037929876076, 32.618379683544767 ], [ -96.989163195144712, 32.618375482987851 ], [ -96.989351620169074, 32.61843791061262 ], [ -96.989605190113934, 32.618449588067357 ], [ -96.989762560718589, 32.618348414098556 ], [ -96.989879231306546, 32.618252470126166 ], [ -96.990042535046967, 32.618200051533698 ], [ -96.990101359566694, 32.618123449598869 ], [ -96.990167140025818, 32.618035477935649 ], [ -96.990307150808462, 32.61795986342922 ], [ -96.990417737199905, 32.617823756668358 ], [ -96.990493228302512, 32.61776167514369 ], [ -96.990636870682721, 32.617671787449247 ], [ -96.990828791323921, 32.617528077715619 ], [ -96.991165689327346, 32.617414767712113 ], [ -96.991357657127381, 32.617268195074047 ], [ -96.991648005007164, 32.617006842361526 ], [ -96.991815075828484, 32.616931555023498 ], [ -96.991889351008538, 32.616941049144685 ], [ -96.992006153001384, 32.617036965430579 ], [ -96.992393141685312, 32.617161937636894 ], [ -96.9930384488313, 32.617218454790553 ], [ -96.993484925013021, 32.617127944355012 ], [ -96.993730043042746, 32.617039284737686 ], [ -96.993952175910778, 32.616709805278695 ], [ -96.993902593889416, 32.616640477806627 ], [ -96.993892748646545, 32.616422723778541 ], [ -96.993702739825736, 32.616254332355901 ], [ -96.993568781371323, 32.616172526434276 ], [ -96.993509638938818, 32.616068719835987 ], [ -96.99330165218305, 32.615963106472186 ], [ -96.993071630841825, 32.615759859092449 ], [ -96.993166461841327, 32.61555483281429 ], [ -96.993144021025316, 32.615082071896651 ], [ -96.992955230872781, 32.614842101921248 ], [ -96.992616903783215, 32.614840856179143 ], [ -96.99249439525677, 32.614882325564274 ], [ -96.992409371694592, 32.614808268475777 ], [ -96.992391049607122, 32.614591844449087 ], [ -96.992571646308321, 32.614516723148398 ], [ -96.992740135188214, 32.614157957654903 ], [ -96.992624277899438, 32.613807192359744 ], [ -96.992755348288156, 32.613659878969727 ], [ -96.992885880139454, 32.61354405735969 ], [ -96.993199487366041, 32.613506343578997 ], [ -96.993228878318689, 32.613369245956825 ], [ -96.993534102334721, 32.613327133750396 ], [ -96.993862797718904, 32.613497212148715 ], [ -96.994267499192034, 32.6136707786033 ], [ -96.994308091015611, 32.613774654741846 ], [ -96.994261889091732, 32.613905820600984 ], [ -96.994245400283347, 32.614080297869215 ], [ -96.994423570235057, 32.614148322416035 ], [ -96.994526405468434, 32.614162321950971 ], [ -96.994710305261577, 32.614150257071977 ], [ -96.994780566614395, 32.614196926407061 ], [ -96.994983677694918, 32.614190801414694 ], [ -96.995057612794838, 32.614220331872744 ], [ -96.995109895448863, 32.614329783516744 ], [ -96.994961963625897, 32.614474032222084 ], [ -96.994967906331624, 32.614522784186491 ], [ -96.995154202287338, 32.61451072605108 ], [ -96.995272309684253, 32.614529341227772 ], [ -96.995426800873744, 32.614597073637896 ], [ -96.99550711547738, 32.614649590669522 ], [ -96.997252187301129, 32.617299499182785 ], [ -96.998868761424944, 32.619750242005757 ], [ -96.999409747164719, 32.620575766567327 ], [ -97.000488613553927, 32.622212453715022 ], [ -97.000109130827497, 32.622442680164241 ], [ -96.999885794788199, 32.622680144567703 ], [ -96.999816759716651, 32.622724077617377 ], [ -96.999779918827812, 32.62279271260212 ], [ -96.999657756326499, 32.622922606967983 ], [ -96.999572017054007, 32.62299029640424 ], [ -96.999533242961817, 32.623069011182615 ], [ -96.999378120539802, 32.623251398660592 ], [ -96.99938010208858, 32.623334468076813 ], [ -96.999344704523679, 32.623443268150623 ], [ -96.999314422379868, 32.623617168822456 ], [ -96.99931157085031, 32.623786085237342 ], [ -96.999168751911881, 32.624027761465165 ], [ -96.999107710985001, 32.624236063456941 ], [ -96.99908745665148, 32.62443340789828 ], [ -96.999119113576583, 32.624763101719665 ], [ -96.999157040131379, 32.624829594757252 ], [ -96.999143520353059, 32.624920894309412 ], [ -96.999028134032514, 32.625096453617083 ], [ -96.99899959040691, 32.62522842274732 ], [ -96.998993288742668, 32.6252739752385 ], [ -96.998999685319617, 32.625423144245929 ], [ -96.998953336036593, 32.625562900737926 ], [ -96.998918537293434, 32.625820202535145 ], [ -96.998878301612905, 32.625894919307157 ], [ -96.998854591624223, 32.625999832642208 ], [ -96.998883492355844, 32.626091819217592 ], [ -96.998868267342203, 32.626191861109589 ], [ -96.998792288256581, 32.626282576668096 ], [ -96.998630619426621, 32.626438115328476 ], [ -96.998571703162469, 32.626520451812489 ], [ -96.998536733435785, 32.626587318785226 ], [ -96.998532797162241, 32.626678514125871 ], [ -96.998511209140077, 32.626896278800345 ], [ -96.998536727729501, 32.626988218232349 ], [ -96.99850120477727, 32.627088014571349 ], [ -96.998411835509927, 32.627169979025929 ], [ -96.99834942528345, 32.627278345653949 ], [ -96.998327058318793, 32.627380859818516 ], [ -96.998267464090702, 32.627503273498263 ], [ -96.998164270953509, 32.627602247484567 ], [ -96.998044650191403, 32.627672391391791 ], [ -96.997931258391873, 32.627774105367791 ], [ -96.997865271984182, 32.627917627458942 ], [ -96.99783038210397, 32.628136562293008 ], [ -96.997743433220108, 32.628275824358759 ], [ -96.997596059917683, 32.628385721138613 ], [ -96.997478793946854, 32.628501594766348 ], [ -96.997392233561996, 32.628632385116646 ], [ -96.99734641249249, 32.628740645411732 ], [ -96.997243965089169, 32.628837097819044 ], [ -96.997198121489063, 32.62890493854465 ], [ -96.997098311950921, 32.629003958949298 ], [ -96.996893617977946, 32.629101703938311 ], [ -96.996758955728879, 32.629260433530305 ], [ -96.996476726993222, 32.629540509526521 ], [ -96.996213024004192, 32.629766970497812 ], [ -96.99613798937051, 32.629960215527355 ], [ -96.996111882876477, 32.630103078919156 ], [ -96.996112053779569, 32.630297849188757 ], [ -96.996157403361153, 32.630412896469473 ], [ -96.996171070780548, 32.630604922463284 ], [ -96.996220752165286, 32.630868975890834 ], [ -96.996232690640468, 32.630963617577663 ], [ -96.996272104867089, 32.631034251242518 ], [ -96.996293897657537, 32.631146197344101 ], [ -96.996269841195371, 32.631254568470638 ], [ -96.996243285926866, 32.631337444702666 ], [ -96.996290309598606, 32.631414878062927 ], [ -96.99633903079706, 32.631478918710201 ], [ -96.996359249233549, 32.631825526280807 ], [ -96.996382031231235, 32.631937611511667 ], [ -96.996373134493567, 32.632063501044392 ], [ -96.996342072402228, 32.632299371988168 ], [ -96.996359791394667, 32.632419849528965 ], [ -96.996348693097929, 32.632716203770592 ], [ -96.996375574240275, 32.632919742146868 ], [ -96.99633711403439, 32.633025284496064 ], [ -96.99619947194202, 32.633327101172533 ], [ -96.996189994629603, 32.63348734655515 ], [ -96.996255082605501, 32.633585720185629 ], [ -96.996244655382071, 32.633656956868961 ], [ -96.996223069706076, 32.633732582386024 ], [ -96.996230362500299, 32.633901622531198 ], [ -96.996253749488957, 32.63411954019341 ], [ -96.996255963410476, 32.634295634910352 ], [ -96.996237520234828, 32.634478722677144 ], [ -96.99626384925557, 32.634922892946349 ], [ -96.995885543901977, 32.636679413920803 ], [ -96.995741687568952, 32.637380678065689 ], [ -96.995656966782121, 32.638787099732646 ], [ -96.995451583534688, 32.639723868778539 ], [ -96.994291584079519, 32.640671968898992 ], [ -96.993894410494619, 32.640942054665153 ], [ -96.992491730577512, 32.64222796327342 ], [ -96.991896513154217, 32.64279917519336 ], [ -96.990993313974798, 32.642771018689913 ], [ -96.990313690506113, 32.642532240197475 ], [ -96.990044820905737, 32.643217662025776 ], [ -96.989867988129618, 32.643665094611123 ], [ -96.989602313576484, 32.644047818020319 ], [ -96.989587920901613, 32.645009001832982 ], [ -96.989417004969198, 32.645506618829842 ], [ -96.989517088243517, 32.645990346747645 ], [ -96.989186728523521, 32.64630991596978 ], [ -96.988855415492495, 32.646486287608596 ], [ -96.988391073355373, 32.646523589939406 ], [ -96.988123520216519, 32.646732237920759 ], [ -96.988110641991753, 32.647091457707702 ], [ -96.988680493233332, 32.64741768534239 ], [ -96.988783306759984, 32.648338146491547 ], [ -96.988981072857754, 32.649049292459928 ], [ -96.989041765325126, 32.649261933844031 ], [ -96.989083501737227, 32.649594616519799 ], [ -96.989031231186388, 32.650080791962807 ], [ -96.989870200494295, 32.651205775173189 ], [ -96.990334704437814, 32.651897496447667 ], [ -96.990462978803052, 32.652087906686674 ], [ -96.990932583797928, 32.652778744200262 ], [ -96.993225176684319, 32.656151226505571 ], [ -96.993663017655535, 32.656795258804735 ], [ -96.994993075874262, 32.658750822840155 ], [ -96.989001486984051, 32.661736527561779 ], [ -96.989802197584154, 32.663043490058783 ], [ -96.989415461843848, 32.663428091844821 ], [ -96.989216685268886, 32.663623839451937 ], [ -96.988454864793667, 32.664374445580883 ], [ -96.988423407172419, 32.664958156106003 ], [ -96.988402502759286, 32.665088478850478 ], [ -96.988381602503068, 32.665218804347816 ], [ -96.988304241286244, 32.665753922903171 ], [ -96.988275813323497, 32.665944634538931 ], [ -96.988264016924049, 32.666017343882359 ], [ -96.988243526931228, 32.66617103570497 ], [ -96.988254716448395, 32.666277014127253 ], [ -96.988269535254929, 32.666409148013244 ], [ -96.988283581033329, 32.66653852525905 ], [ -96.988296818821311, 32.666667889961147 ], [ -96.988311633537421, 32.666800021082764 ], [ -96.98832561674574, 32.666933522007263 ], [ -96.98833963937011, 32.667064269867886 ], [ -96.988354431779626, 32.667197782439928 ], [ -96.988366900997576, 32.667324387840495 ], [ -96.988402322317114, 32.668050498235608 ], [ -96.988415761018999, 32.668257705865166 ], [ -96.987449990208049, 32.668473383857865 ], [ -96.987774314438155, 32.668977704838603 ], [ -96.983728702174091, 32.670871732507798 ], [ -96.983680624161778, 32.671066431459018 ], [ -96.983223244053391, 32.67315560923084 ], [ -96.983174465008361, 32.673347447583161 ], [ -96.983197317306704, 32.67396076087109 ], [ -96.983216279954348, 32.674468187992012 ], [ -96.983218982263764, 32.674547947435954 ], [ -96.983259851573166, 32.675652185622511 ], [ -96.983307663310455, 32.676921451315728 ], [ -96.983309874088548, 32.676982412478488 ], [ -96.983394647383662, 32.679272946351091 ], [ -96.984972526027121, 32.679277649148155 ], [ -96.984947764175431, 32.682033052914008 ], [ -96.984930305018949, 32.686047523631473 ], [ -96.984915285492207, 32.687530666668273 ], [ -96.985566224825391, 32.687532794178701 ], [ -96.9858319695918, 32.687533289201298 ], [ -96.986091212125103, 32.687533695391977 ], [ -96.986358558606995, 32.687535579715558 ], [ -96.986666555107561, 32.68753658508215 ], [ -96.98710945755677, 32.687537855567406 ], [ -96.987510108275629, 32.687538613637685 ], [ -96.987884557579548, 32.687546690670381 ], [ -96.99122490749545, 32.687542548977625 ], [ -96.991104559523777, 32.691257555564867 ], [ -96.991090729986041, 32.692329377308525 ], [ -96.991118924798215, 32.692329662949255 ], [ -96.991104071263834, 32.693507853578517 ], [ -96.991063172080302, 32.694485842529708 ], [ -96.985231770611421, 32.69441105074015 ], [ -96.985255752675982, 32.69506215405768 ], [ -96.9853523004371, 32.703815926992256 ], [ -96.985329950352863, 32.703966229607637 ], [ -96.985279814609257, 32.70409315774171 ], [ -96.98525132901473, 32.704154611259973 ], [ -96.985206594205223, 32.704232488896636 ], [ -96.985142635787113, 32.704316799066099 ], [ -96.985092716021072, 32.704371499247877 ], [ -96.985050639333039, 32.704412851145285 ], [ -96.985008305052389, 32.704450165636011 ], [ -96.984953211901654, 32.704493332165498 ], [ -96.984893368134621, 32.70453408133794 ], [ -96.984821025880748, 32.704577172750191 ], [ -96.984737973477706, 32.704618700364605 ], [ -96.984652074697209, 32.70465392672461 ], [ -96.984585654549761, 32.704676587969352 ], [ -96.982185835205854, 32.705377879975266 ], [ -96.982039887990538, 32.705426291081139 ], [ -96.981900252363928, 32.705491503294006 ], [ -96.981793398634025, 32.705568277996626 ], [ -96.981698687057431, 32.705706548155959 ], [ -96.981613076320244, 32.705890518422542 ], [ -96.980013021141986, 32.705870545613323 ], [ -96.980008262925296, 32.706239448947336 ], [ -96.980004742177272, 32.706508182984969 ], [ -96.980002837806893, 32.706651742335602 ], [ -96.980001356072776, 32.706738319521953 ], [ -96.980000222496074, 32.706856288419679 ], [ -96.979996979842184, 32.707088762660327 ], [ -96.979996193223855, 32.707182220018687 ], [ -96.979994311579205, 32.707292162663158 ], [ -96.979991188147707, 32.707569777265682 ], [ -96.979731115172143, 32.70756659536152 ], [ -96.979568552947327, 32.707565982509877 ], [ -96.979406006818536, 32.707563993324165 ], [ -96.979080681394748, 32.707560985525873 ], [ -96.978938227212225, 32.707547210158353 ], [ -96.978905673042547, 32.710491735990857 ], [ -96.979152182851507, 32.710499325299189 ], [ -96.980990816927587, 32.710555923204701 ], [ -96.980940443987848, 32.710818817221124 ], [ -96.980897841913233, 32.711169685826277 ], [ -96.980884119181198, 32.711444237754911 ], [ -96.980895224980728, 32.713297103673511 ], [ -96.980893105307274, 32.713452015406013 ], [ -96.98086445774608, 32.713722466931443 ], [ -96.98084248431536, 32.713876229510774 ], [ -96.980790652693926, 32.714064043993069 ], [ -96.980724944842834, 32.714219769229302 ], [ -96.980640343546071, 32.714368833685064 ], [ -96.98053776743501, 32.714509607978322 ], [ -96.980418349298148, 32.714640542905251 ], [ -96.980283400159919, 32.714760211393063 ], [ -96.98010830186243, 32.714883835981432 ], [ -96.979940979063045, 32.714974138705813 ], [ -96.978222461435024, 32.715696049839913 ], [ -96.97807046019247, 32.715763170079327 ], [ -96.977934978536396, 32.715836871709953 ], [ -96.977759149065065, 32.715956216241963 ], [ -96.977601835076484, 32.716092784814379 ], [ -96.977521169387515, 32.716177783907071 ], [ -96.977430520140842, 32.71629038269613 ], [ -96.977351823630016, 32.716409227518483 ], [ -96.977310593582558, 32.716483162520433 ], [ -96.977274002606947, 32.716558821091375 ], [ -96.977227487904244, 32.716676819166217 ], [ -96.977192961208104, 32.716794037872418 ], [ -96.977178805257182, 32.717450809118972 ], [ -96.977152046855096, 32.71879100043418 ], [ -96.977127334951746, 32.720028672033386 ], [ -96.977127159940608, 32.720373832527869 ], [ -96.977137343739187, 32.722413445463076 ], [ -96.977156440640869, 32.726237729648538 ], [ -96.977202428397888, 32.726309966285569 ], [ -96.977314649172229, 32.726328025791986 ], [ -96.981403979225831, 32.726395932795739 ], [ -96.981461997577597, 32.729150106845019 ], [ -96.982578973053094, 32.729153914571931 ], [ -96.984797142823112, 32.727187115281787 ], [ -96.98513880764466, 32.727179623268945 ], [ -96.985629122768884, 32.727177353716336 ], [ -96.985813729709648, 32.727179614836466 ], [ -96.985812385208604, 32.727302568550698 ], [ -96.985939934652521, 32.727307596711277 ], [ -96.987376478097801, 32.727371497620915 ], [ -96.987384102072085, 32.726820739625232 ], [ -96.987392762119555, 32.7261693202733 ], [ -96.987401822830805, 32.725518550638917 ], [ -96.989936202484373, 32.725542362311394 ], [ -96.989919291784304, 32.725956756806553 ], [ -96.989903397443967, 32.726369477068857 ], [ -96.989884472030852, 32.726856642028594 ], [ -96.989872439585511, 32.727156392647068 ], [ -96.989065123620477, 32.727608164116873 ], [ -96.989469100619175, 32.729001336397971 ], [ -96.989817805719284, 32.729294222370129 ], [ -96.991014681590158, 32.730298408948499 ], [ -96.991257560663016, 32.73050340981964 ], [ -96.991352968965188, 32.730582915110453 ], [ -96.992586733340659, 32.730373839582157 ], [ -96.993301092292867, 32.73135290611512 ], [ -96.993829455451149, 32.731265847386013 ], [ -96.994004369101617, 32.731355935665306 ], [ -96.99400755875719, 32.731599260749618 ], [ -96.992992069031217, 32.731595199373821 ], [ -96.993003152594383, 32.734811048275887 ], [ -96.991214371189415, 32.734798545664077 ], [ -96.991233467727312, 32.732791835756231 ], [ -96.989282295182889, 32.732777622874863 ], [ -96.989262259108628, 32.734784654404812 ], [ -96.98588809131175, 32.734760565112254 ], [ -96.985618557501653, 32.734783675653965 ], [ -96.985554791583567, 32.734783177368179 ], [ -96.985375881323222, 32.734781775553209 ], [ -96.983865916480994, 32.734769928373034 ], [ -96.983856434220073, 32.734994950278214 ], [ -96.983878172089589, 32.736392738144602 ], [ -96.983891935738995, 32.738157792863561 ], [ -96.987056332514172, 32.738183983051165 ], [ -96.98752245916009, 32.738195326420005 ], [ -96.987415580988753, 32.744506697397647 ], [ -96.987411447105686, 32.744959399281605 ], [ -96.987403041044573, 32.745340195852968 ], [ -96.981589373830488, 32.745597675010607 ], [ -96.970714716425448, 32.746071016181602 ], [ -96.970196328361226, 32.746097384014114 ], [ -96.96930010431376, 32.746133633587924 ], [ -96.968179948293198, 32.746190660832546 ], [ -96.967084132917137, 32.746236902697909 ], [ -96.965568918518301, 32.746305505538906 ], [ -96.964306287212835, 32.746347799363598 ], [ -96.963871412959435, 32.746362117422876 ], [ -96.963279229599109, 32.7463816116977 ], [ -96.96262915275743, 32.746402235164169 ], [ -96.961671361707928, 32.746430045378446 ], [ -96.961229183368346, 32.746442881179902 ], [ -96.960904053417408, 32.746452317856942 ], [ -96.960441920645806, 32.746463666363283 ], [ -96.960089929585479, 32.746472264954114 ], [ -96.95881105349153, 32.746502547148083 ], [ -96.958398134842255, 32.746512194755788 ], [ -96.95827663261403, 32.746515031443586 ], [ -96.958072746890537, 32.746519794461172 ], [ -96.958090998281918, 32.74553419573656 ], [ -96.958174441471357, 32.742111513755759 ], [ -96.958230967347149, 32.738733284348093 ], [ -96.95338852916548, 32.738703614377634 ], [ -96.953229079162753, 32.738900221720932 ], [ -96.951442129754795, 32.738876591036266 ], [ -96.95143949867817, 32.738794088121608 ], [ -96.951410271154145, 32.737952508552837 ], [ -96.950358624354024, 32.73782532077778 ], [ -96.948664295366967, 32.736690836743499 ], [ -96.948642785755297, 32.738759212301652 ], [ -96.943073796070237, 32.738733561606558 ], [ -96.942898659653792, 32.74222815333362 ], [ -96.942674183274988, 32.742229456492602 ], [ -96.938274345549459, 32.742159132960516 ], [ -96.937095396797233, 32.743117474424338 ], [ -96.935004538294095, 32.743076043378814 ], [ -96.935010575421614, 32.742825962147108 ], [ -96.931271262778907, 32.742604257716017 ], [ -96.931092535438083, 32.742593759293548 ], [ -96.930403554090759, 32.743478498640116 ], [ -96.929730875063342, 32.744406056700051 ], [ -96.929506719012309, 32.744481568843774 ], [ -96.928248119445698, 32.744465660430983 ], [ -96.928060303551632, 32.744463285387546 ], [ -96.927312010849192, 32.7448373087365 ], [ -96.927039747000237, 32.745562366341964 ], [ -96.926933358179767, 32.745691597739786 ], [ -96.926654545784658, 32.746096992725931 ], [ -96.926589006709989, 32.74644529700511 ], [ -96.926703790509819, 32.746943631228348 ], [ -96.926334720840799, 32.747274742168379 ], [ -96.926329226871232, 32.747465996249517 ], [ -96.926312131746926, 32.748057544633014 ], [ -96.926264661466121, 32.749492658159369 ], [ -96.926254871464465, 32.749815989533026 ], [ -96.926245957494217, 32.750048785861871 ], [ -96.925740076800778, 32.756586471721384 ], [ -96.925720613126927, 32.756679878442178 ], [ -96.925643641581672, 32.756975286053581 ], [ -96.925557926167215, 32.757243457744529 ], [ -96.925452962029965, 32.757408136000791 ], [ -96.925384269456487, 32.75765067244938 ], [ -96.925344154016472, 32.757810525075115 ], [ -96.925306358978034, 32.758030541451923 ], [ -96.925238115752165, 32.758343239978316 ], [ -96.92516712769438, 32.758651610574105 ], [ -96.925144103950842, 32.758803087988547 ], [ -96.925084320583736, 32.758925465684719 ], [ -96.924963805693181, 32.759191684511471 ], [ -96.92473509134777, 32.759571074757524 ], [ -96.924522662438378, 32.759891969751102 ], [ -96.924527089141577, 32.760039355688519 ], [ -96.924570061088147, 32.760117361329485 ], [ -96.924595795429298, 32.76019500241059 ], [ -96.92447760042981, 32.760362459676784 ], [ -96.92431605903171, 32.760489272771267 ], [ -96.924227355341188, 32.760522511506707 ], [ -96.924144917747071, 32.76058446635227 ], [ -96.924092109667271, 32.76069547496008 ], [ -96.924036114243492, 32.760794994215999 ], [ -96.924009910549202, 32.760934974075063 ], [ -96.923931807820026, 32.761134435788009 ], [ -96.923971298518367, 32.76120079975508 ], [ -96.924237543290801, 32.761380288202247 ], [ -96.924386409069257, 32.761585486708285 ], [ -96.924658621697773, 32.761810864494542 ], [ -96.924661639206647, 32.762022809746604 ], [ -96.924740524154416, 32.762161261313025 ], [ -96.924827604491455, 32.762219635410318 ], [ -96.925003190103226, 32.762256222927661 ], [ -96.925254981374962, 32.762391139113966 ], [ -96.92535354797424, 32.762375206954125 ], [ -96.925456521920836, 32.76230205705982 ], [ -96.925682136091169, 32.762193236248073 ], [ -96.925862176739557, 32.762169739201269 ], [ -96.926132382112513, 32.762221842831266 ], [ -96.926384629745172, 32.762330987532749 ], [ -96.926659686325394, 32.762491966662317 ], [ -96.926796228110931, 32.762628283828647 ], [ -96.927094080902648, 32.763032956769457 ], [ -96.927334892861978, 32.76330947394495 ], [ -96.927592445428317, 32.763693587146356 ], [ -96.927622037944062, 32.763856433406808 ], [ -96.92784382558132, 32.764139191897605 ], [ -96.927927218275599, 32.764214697724967 ], [ -96.928012225809042, 32.764390452892656 ], [ -96.928012871764565, 32.764545096294981 ], [ -96.927990058450817, 32.764685122462538 ], [ -96.927847988211496, 32.764860869032702 ], [ -96.92757729873793, 32.765122325827143 ], [ -96.927448529393217, 32.765312560789766 ], [ -96.927314844943012, 32.765588633698798 ], [ -96.9271146409083, 32.766080072168592 ], [ -96.926990405424192, 32.766492288484514 ], [ -96.926986447541054, 32.766715599612176 ], [ -96.927119097231895, 32.766880501066737 ], [ -96.927189545370581, 32.766921484215757 ], [ -96.927469531220197, 32.766996614401116 ], [ -96.927520911971641, 32.767061694385369 ], [ -96.927535773957928, 32.767179291004034 ], [ -96.927492727151105, 32.767313333105584 ], [ -96.927327539420517, 32.767454423749065 ], [ -96.927013710460372, 32.767567862405294 ], [ -96.926722837437097, 32.767724539979092 ], [ -96.926533824998742, 32.767871057082424 ], [ -96.926405758033368, 32.768021205237133 ], [ -96.926343039521655, 32.768117775029339 ], [ -96.926290581830983, 32.768208745696647 ], [ -96.92621884996754, 32.768431198049015 ], [ -96.926143019477763, 32.768693685018725 ], [ -96.926112356539235, 32.768893748510791 ], [ -96.926101975509013, 32.769096935023263 ], [ -96.926142726615495, 32.769283582784084 ], [ -96.926389867277649, 32.769681886069591 ], [ -96.926516196402602, 32.769916864489353 ], [ -96.926607309957774, 32.770321787001258 ], [ -96.926688464569622, 32.770715123670747 ], [ -96.926714130591904, 32.771179350397105 ], [ -96.926588879128488, 32.77231747075966 ], [ -96.926509279288496, 32.772604445909323 ], [ -96.926434582588541, 32.772799465155913 ], [ -96.926451718248913, 32.772980088511702 ], [ -96.926422011237207, 32.773221686496541 ], [ -96.926279435099119, 32.773902844731147 ], [ -96.926206669253247, 32.77437441637737 ], [ -96.926143733726519, 32.774578370767941 ], [ -96.926076335839639, 32.774938324317155 ], [ -96.926094721447228, 32.775335165202478 ], [ -96.926175278773158, 32.775570999349249 ], [ -96.926197596370145, 32.775690954229866 ], [ -96.926288153734021, 32.775896011640327 ], [ -96.926341660604209, 32.776032708429383 ], [ -96.926360065837969, 32.776141761015182 ], [ -96.926299544797814, 32.776496079024881 ], [ -96.926228821697947, 32.776661272492007 ], [ -96.926157235171033, 32.776875135854475 ], [ -96.926146557905142, 32.776999565095323 ], [ -96.926128082935264, 32.777181168141603 ], [ -96.926161235593824, 32.77760539940703 ], [ -96.92618833329081, 32.777797603135561 ], [ -96.926249784684259, 32.777868539948379 ], [ -96.926295552695919, 32.777963616419378 ], [ -96.92639089160501, 32.778130908792157 ], [ -96.926423499801459, 32.778394773485061 ], [ -96.926380078010922, 32.778740716230857 ], [ -96.926279605821676, 32.778958509917572 ], [ -96.926236297506506, 32.77910686795358 ], [ -96.926213417748372, 32.779345688634812 ], [ -96.926215245025915, 32.78000720133484 ], [ -96.926181251096537, 32.780777073048384 ], [ -96.926192303003774, 32.780876735606469 ], [ -96.926238281344055, 32.781193015614555 ], [ -96.926244743210063, 32.781402137769533 ], [ -96.92620512467731, 32.781629293158652 ], [ -96.926090116139051, 32.781997241070435 ], [ -96.925974873629656, 32.78218763950624 ], [ -96.925566038677275, 32.782398666402216 ], [ -96.924236251542382, 32.783215124563498 ], [ -96.923636087884532, 32.783509628931071 ], [ -96.923337349174702, 32.78364114513046 ], [ -96.923126467892871, 32.78376375354339 ], [ -96.922965183937208, 32.783817522398209 ], [ -96.922707005130661, 32.783904477364558 ], [ -96.922589387443168, 32.783995616652945 ], [ -96.922142786292056, 32.784273879116107 ], [ -96.921842495783039, 32.784384614513229 ], [ -96.921504009678358, 32.784546404306923 ], [ -96.921321420512015, 32.784619124039686 ], [ -96.921162489692335, 32.784688109611494 ], [ -96.92091950993813, 32.784816750997614 ], [ -96.920385921789418, 32.78505375210726 ], [ -96.920005930685548, 32.78519602896062 ], [ -96.91989650623556, 32.785249044875847 ], [ -96.919667642091852, 32.785346362013456 ], [ -96.919349378661309, 32.78551413198074 ], [ -96.919000769043308, 32.785672923704873 ], [ -96.918584076448951, 32.785752104272021 ], [ -96.918323304998822, 32.785737333535749 ], [ -96.918083486018133, 32.78568846309917 ], [ -96.917868509740146, 32.785576913972626 ], [ -96.917604335425779, 32.785373100229123 ], [ -96.916208061482806, 32.784494818419518 ], [ -96.915999822057771, 32.784386214466181 ], [ -96.915743673197127, 32.784302768451518 ], [ -96.915514072854975, 32.78425116319405 ], [ -96.915346336397363, 32.78424759541987 ], [ -96.914983434612068, 32.784257284776977 ], [ -96.914779669778611, 32.784277599733812 ], [ -96.91408843714963, 32.784449192113343 ], [ -96.913819339427519, 32.784616141888151 ], [ -96.913343370345174, 32.784882111279991 ], [ -96.912869308996108, 32.785231148961415 ], [ -96.912746095844724, 32.785391366598894 ], [ -96.91258973835474, 32.785604140495423 ], [ -96.91210056650344, 32.786512811715752 ], [ -96.911969193443923, 32.786750244785942 ], [ -96.911434273633247, 32.787656902443018 ], [ -96.911291292806681, 32.787974361477822 ], [ -96.911089065297645, 32.788436475731352 ], [ -96.911003888109605, 32.788689449092935 ], [ -96.910636345883518, 32.789619717456162 ], [ -96.910599035338265, 32.789715171125401 ], [ -96.910503711709197, 32.790200123486656 ], [ -96.910610478279239, 32.790517536547142 ], [ -96.910590344723758, 32.79082675188468 ], [ -96.910530575238369, 32.791216158680434 ], [ -96.910546286823177, 32.791812761350087 ], [ -96.910405749782583, 32.792290318152858 ], [ -96.910206230372737, 32.792744823673885 ], [ -96.910082283656365, 32.793033078908657 ], [ -96.909900084115719, 32.793315751375175 ], [ -96.909762729344763, 32.793520702575947 ], [ -96.909240724961066, 32.794373728691212 ], [ -96.908876651569742, 32.794822943543359 ], [ -96.908558366394772, 32.795367254141837 ], [ -96.908244747678907, 32.796029021564799 ], [ -96.908037206744766, 32.796447312849644 ], [ -96.907791038371855, 32.796750573192206 ], [ -96.907524992222633, 32.79701682366948 ], [ -96.907322663861635, 32.797155490985901 ], [ -96.907144292219442, 32.797279362211491 ], [ -96.906975881784035, 32.797397310720385 ], [ -96.906691864684021, 32.797542590681594 ], [ -96.90633051984976, 32.797651071320793 ], [ -96.905863207784236, 32.797808295105234 ], [ -96.905481385393074, 32.797923666638766 ], [ -96.904984933984636, 32.798073664429417 ], [ -96.904572190824936, 32.798142546033496 ], [ -96.904262945284927, 32.798181536164719 ], [ -96.903665999383207, 32.798193907472609 ], [ -96.902517037746804, 32.798170563803886 ], [ -96.901805468375457, 32.798132793696269 ], [ -96.901578971744144, 32.798108407520608 ], [ -96.90139525551055, 32.798093266177126 ], [ -96.900936367185281, 32.79801995523642 ], [ -96.900399818108625, 32.798067479248026 ], [ -96.899364135131307, 32.798154381343878 ], [ -96.898345951185533, 32.798211426665084 ], [ -96.898719931403491, 32.798342242579679 ], [ -96.899210715735848, 32.798577632717802 ], [ -96.89982664997116, 32.799016547703083 ], [ -96.90086874646299, 32.799890450235033 ], [ -96.901365187463483, 32.800376483856361 ], [ -96.901747795649854, 32.800782308204241 ], [ -96.902690762950115, 32.802456729041126 ], [ -96.903025659436082, 32.803065246402241 ], [ -96.903189689577303, 32.803559887776707 ], [ -96.903597217115177, 32.804344866723525 ], [ -96.903304318165937, 32.804610217252716 ], [ -96.902016742803255, 32.805760830203781 ], [ -96.901852490606061, 32.805910722569031 ], [ -96.90127007112558, 32.806442335018822 ], [ -96.901172215249076, 32.80653105330142 ], [ -96.901070275432261, 32.806626810778361 ], [ -96.900970319821013, 32.806724043060363 ], [ -96.900875612134683, 32.806819493803452 ], [ -96.900910993256247, 32.80683425214491 ], [ -96.901017180602096, 32.806881008844471 ], [ -96.901122164482388, 32.806929659338714 ], [ -96.901225839321071, 32.806980254584744 ], [ -96.901328221176001, 32.807032733461867 ], [ -96.901444701150638, 32.807095848444121 ], [ -96.901837720115822, 32.807368967914151 ], [ -96.901883750150063, 32.807405267962423 ], [ -96.901929031117433, 32.807442244727547 ], [ -96.901973536600565, 32.807479882538281 ], [ -96.902017261390597, 32.807518174113248 ], [ -96.902060180267767, 32.807557096581405 ], [ -96.902143585594175, 32.807636819581184 ], [ -96.902184035175353, 32.807677591681419 ], [ -96.904597261853141, 32.805562456959642 ], [ -96.904703326520874, 32.80574451342757 ], [ -96.904782731325938, 32.805875996604179 ], [ -96.904825513313924, 32.805944054551624 ], [ -96.904868312325164, 32.806013248213162 ], [ -96.904910427619569, 32.806082457442699 ], [ -96.904952547331717, 32.806151662203789 ], [ -96.904995339387042, 32.806219709393908 ], [ -96.90503744536629, 32.806288913045762 ], [ -96.905080248230234, 32.806356960342818 ], [ -96.905122344731296, 32.806426163841884 ], [ -96.905164470013304, 32.806495374007895 ], [ -96.905206579807171, 32.806563429507904 ], [ -96.90524870547948, 32.806632625217212 ], [ -96.905291482899713, 32.806700680226392 ], [ -96.905333599538011, 32.806768722238729 ], [ -96.90537640866124, 32.80683793207448 ], [ -96.905419175844173, 32.806905973376089 ], [ -96.905460619170967, 32.80697518190609 ], [ -96.905502735826204, 32.807043237385166 ], [ -96.90554485599236, 32.807111279365031 ], [ -96.905595985109045, 32.807208177243972 ], [ -96.905647140933695, 32.807305080853482 ], [ -96.90569818072882, 32.807403573931367 ], [ -96.905741779999161, 32.807500102854043 ], [ -96.905783477807546, 32.807596542451655 ], [ -96.905833156168654, 32.807698485883549 ], [ -96.905870194515401, 32.807786901819576 ], [ -96.905894198869291, 32.807888347532305 ], [ -96.906035617027328, 32.808532446156292 ], [ -96.906076613588937, 32.808738988780405 ], [ -96.906702616426386, 32.808782762457355 ], [ -96.908902114952241, 32.808907631089077 ], [ -96.908853132079287, 32.809532527588395 ], [ -96.906696796095972, 32.809418403705799 ], [ -96.906175124475908, 32.809393867210524 ], [ -96.906184159387095, 32.809715306494802 ], [ -96.906165574509416, 32.812364759568347 ], [ -96.906130628685958, 32.812894819092577 ], [ -96.906140167570413, 32.813379862178451 ], [ -96.906146644772093, 32.813799914615203 ], [ -96.906135933016472, 32.814003866269857 ], [ -96.906083998992713, 32.81413482539741 ], [ -96.906077866854616, 32.814249563290346 ], [ -96.906072161881937, 32.814342014026622 ], [ -96.906132945129414, 32.814685513244378 ], [ -96.906130438651303, 32.814885696290581 ], [ -96.905969814384406, 32.815717441240075 ], [ -96.905904912270827, 32.815869332610177 ], [ -96.90551802322706, 32.816507228491616 ], [ -96.905357496611927, 32.816766734268882 ], [ -96.905024733522126, 32.817199170912247 ], [ -96.904557497335304, 32.817683316111356 ], [ -96.903888608626943, 32.818301389971708 ], [ -96.903111271890666, 32.819099710343657 ], [ -96.902810668336343, 32.819396211562164 ], [ -96.902472906027512, 32.819656444224691 ], [ -96.90210066304239, 32.820005741856463 ], [ -96.901797558102174, 32.820294638785825 ], [ -96.901679924229555, 32.82041687026031 ], [ -96.90159215878414, 32.820582008870467 ], [ -96.901534155634323, 32.820638996997275 ], [ -96.901341244280943, 32.82076761603718 ], [ -96.900730830327404, 32.821355918358179 ], [ -96.900544189253239, 32.821518197793345 ], [ -96.900044271572, 32.821976548949785 ], [ -96.89974904645193, 32.822199989360236 ], [ -96.899660450391735, 32.822411220057724 ], [ -96.899296459476545, 32.822848013925352 ], [ -96.898385203252261, 32.823697763797419 ], [ -96.897751208892856, 32.824241158510759 ], [ -96.897623732938797, 32.824359107076333 ], [ -96.897521708607798, 32.824508979233968 ], [ -96.897320308195376, 32.824753797418076 ], [ -96.897137746010543, 32.824946630786961 ], [ -96.8969332273508, 32.82509382728238 ], [ -96.896832654437958, 32.82516399911578 ], [ -96.896735633439178, 32.825217726926624 ], [ -96.89651621423863, 32.825287751369025 ], [ -96.896359352960147, 32.825320095264395 ], [ -96.896222195410274, 32.825343063210774 ], [ -96.895972790825823, 32.825451187596975 ], [ -96.895433700911013, 32.825734267724869 ], [ -96.895100568584994, 32.825970502678764 ], [ -96.894809570641954, 32.826218288256754 ], [ -96.894214263833575, 32.826728798112519 ], [ -96.893998350606353, 32.826978662065102 ], [ -96.89356122310727, 32.827279816065612 ], [ -96.89298405376995, 32.827776802850366 ], [ -96.892671728263181, 32.82803254435656 ], [ -96.892176255087776, 32.828512724045567 ], [ -96.892056745821137, 32.828639009887304 ], [ -96.892001711252462, 32.828711159868924 ], [ -96.891890470355165, 32.828920010040626 ], [ -96.891801796172814, 32.829087247010186 ], [ -96.891742359590125, 32.829201711971081 ], [ -96.891669260052581, 32.829305975497341 ], [ -96.891549667817756, 32.829421657776827 ], [ -96.89142986396844, 32.829540037543282 ], [ -96.891283762640583, 32.829647923415152 ], [ -96.891179396994616, 32.829792135898387 ], [ -96.891010775494493, 32.830004034982451 ], [ -96.890934151565219, 32.830114701207634 ], [ -96.890835413177953, 32.830227962094746 ], [ -96.89077858749566, 32.830368983006252 ], [ -96.890415678541487, 32.830742278817901 ], [ -96.890213688242255, 32.830845634355619 ], [ -96.890113948033047, 32.830921652452766 ], [ -96.890020945167592, 32.831000618527334 ], [ -96.889941171730797, 32.831096940827145 ], [ -96.889884794175487, 32.831213639775086 ], [ -96.88982825121964, 32.831338911068833 ], [ -96.889768737677898, 32.831441209984334 ], [ -96.889708486095685, 32.83158361923018 ], [ -96.889672398187798, 32.831703418100233 ], [ -96.889642046652398, 32.831880591701911 ], [ -96.88961846942658, 32.832057801564318 ], [ -96.889617398969023, 32.832206707491117 ], [ -96.889615004754774, 32.83262189494944 ], [ -96.889625047991117, 32.832816737663435 ], [ -96.889651601596668, 32.833034716238132 ], [ -96.889666317766256, 32.833380053498381 ], [ -96.889629276489771, 32.83370451166828 ], [ -96.889603403382623, 32.833821571914491 ], [ -96.889520683232973, 32.834081113326057 ], [ -96.889435189714902, 32.834306216124737 ], [ -96.889378280125158, 32.834451531142314 ], [ -96.889369832093877, 32.834543047368541 ], [ -96.889379698617205, 32.834746484840814 ], [ -96.889398286186761, 32.834844082692655 ], [ -96.889427138278336, 32.834936090751007 ], [ -96.889860780661195, 32.835712018889062 ], [ -96.889903725448889, 32.83577557247358 ], [ -96.889933107787982, 32.83583894964687 ], [ -96.889974649382054, 32.835979799018524 ], [ -96.889989836815332, 32.836077367193894 ], [ -96.889998597683743, 32.8361547809927 ], [ -96.889960180691986, 32.83658955896297 ], [ -96.88995167777766, 32.836683943486797 ], [ -96.889848447643814, 32.836951799597117 ], [ -96.889789406040876, 32.83706279186994 ], [ -96.889695138436579, 32.837231453065229 ], [ -96.889679112804458, 32.837549002072997 ], [ -96.889652321203585, 32.837704641554751 ], [ -96.88964144648638, 32.838114702594602 ], [ -96.889621567273693, 32.838833173253612 ], [ -96.889784799607838, 32.839554928068338 ], [ -96.889675984913652, 32.84066720345465 ], [ -96.891098519507352, 32.840643432704873 ], [ -96.89103443881433, 32.837426228245384 ], [ -96.891034858296209, 32.837426602552711 ], [ -96.891708204828731, 32.837421437869658 ], [ -96.891834878674572, 32.838020689218837 ], [ -96.891935740632775, 32.842878025796239 ], [ -96.889726725431416, 32.842906247268324 ], [ -96.889687760758207, 32.843265753071513 ], [ -96.88969847150841, 32.843609537348904 ], [ -96.889644806739597, 32.84404059387861 ], [ -96.889622656107591, 32.844235674534588 ], [ -96.889660148880566, 32.844360150413451 ], [ -96.889699054295278, 32.844511569410145 ], [ -96.889778066770575, 32.844830452628841 ], [ -96.889785693215543, 32.845158422447334 ], [ -96.889699524053128, 32.845420767442867 ], [ -96.889543304715005, 32.845616326418693 ], [ -96.889295844069963, 32.845979695063143 ], [ -96.889145070309013, 32.846249747304398 ], [ -96.888931264616446, 32.846627839915016 ], [ -96.888787482968169, 32.847072702004645 ], [ -96.88876347606589, 32.847460404643286 ], [ -96.888883409274825, 32.847768361138854 ], [ -96.889062292804581, 32.848005493883583 ], [ -96.889212412325705, 32.848144888800675 ], [ -96.889370887406074, 32.848198486149897 ], [ -96.889580776723989, 32.84822268694198 ], [ -96.889805552391337, 32.848174038478639 ], [ -96.890052467225445, 32.848028324322769 ], [ -96.890283533148562, 32.84784549384554 ], [ -96.89056873506614, 32.84761978440978 ], [ -96.890851199661569, 32.847384332540052 ], [ -96.891162580630336, 32.847236580804854 ], [ -96.891570819259599, 32.847173132059879 ], [ -96.892023996747682, 32.847250582422404 ], [ -96.892391815003322, 32.847358426900023 ], [ -96.89278130429372, 32.847581077880378 ], [ -96.893076569212525, 32.847761006692842 ], [ -96.8933239288001, 32.847964649034132 ], [ -96.8936574094663, 32.848282521447608 ], [ -96.893811511044717, 32.848576593388991 ], [ -96.893826019055609, 32.848900363763157 ], [ -96.893707501961785, 32.849450076386717 ], [ -96.893659171121541, 32.849870398117908 ], [ -96.893700050924465, 32.850048466533678 ], [ -96.893904847356765, 32.850354661320452 ], [ -96.894336157406826, 32.850703849564376 ], [ -96.894627925337389, 32.85089088242124 ], [ -96.894932192245022, 32.850949215834277 ], [ -96.89530292145632, 32.850896719793866 ], [ -96.895638476648955, 32.850726365375202 ], [ -96.896015775390211, 32.850605612162262 ], [ -96.89643724846438, 32.850454610459202 ], [ -96.896733464731142, 32.850395412981371 ], [ -96.897267769465856, 32.850302069257324 ], [ -96.897769113655244, 32.850344326305084 ], [ -96.898033349296597, 32.850364907587057 ], [ -96.898314084401505, 32.850411487247719 ], [ -96.898603505256347, 32.850541214439495 ], [ -96.89872465992535, 32.850783293661436 ], [ -96.898771962101478, 32.850981498726355 ], [ -96.898501212268087, 32.851321643584335 ], [ -96.898132852137167, 32.851617586042437 ], [ -96.897866676314791, 32.851891925351048 ], [ -96.897834771994624, 32.852154966032792 ], [ -96.897844103831716, 32.852389885608289 ], [ -96.897968066330151, 32.852663527117684 ], [ -96.898160225801178, 32.852919430797385 ], [ -96.898520654225862, 32.853250512105667 ], [ -96.89887597002533, 32.853488465420362 ], [ -96.899263655748655, 32.853625174986149 ], [ -96.89963037513013, 32.853606982655165 ], [ -96.900000874460005, 32.853568798252233 ], [ -96.900258000857391, 32.853420331660132 ], [ -96.900487870427071, 32.853242461837773 ], [ -96.900624968551639, 32.853012691192731 ], [ -96.900769399517401, 32.852716736704195 ], [ -96.901003141427324, 32.85236036414458 ], [ -96.901433345425389, 32.852208390766322 ], [ -96.901854811952362, 32.852165123929538 ], [ -96.902479223869634, 32.852343533582626 ], [ -96.902876982656409, 32.852486075718126 ], [ -96.903131823400784, 32.85263856090971 ], [ -96.903356035408763, 32.852824394050081 ], [ -96.903517294396877, 32.853101373650297 ], [ -96.903534191024121, 32.85348101389237 ], [ -96.9035244370627, 32.853834544629365 ], [ -96.903678179486917, 32.854151499481105 ], [ -96.903868072894454, 32.854156794975616 ], [ -96.904202105092267, 32.85410660754151 ], [ -96.904586456295121, 32.854015670141386 ], [ -96.904998473839584, 32.853932203122291 ], [ -96.90543361341129, 32.853884892808516 ], [ -96.905944940721909, 32.853937156513162 ], [ -96.906248411759421, 32.854041268921051 ], [ -96.90649751188279, 32.854150400745702 ], [ -96.906848638657948, 32.854434102534235 ], [ -96.907132189779844, 32.854891604368319 ], [ -96.907169288680819, 32.855281524443114 ], [ -96.907256654081493, 32.855517467745265 ], [ -96.907469150106891, 32.855775043636214 ], [ -96.907791705283159, 32.855950979231622 ], [ -96.907939760778248, 32.855998154597103 ], [ -96.90815975871439, 32.856048756378193 ], [ -96.908372979790627, 32.856077404269541 ], [ -96.908566253076202, 32.856084011064482 ], [ -96.908861991350548, 32.856052016214583 ], [ -96.908991655128887, 32.856010708617418 ], [ -96.909302222770933, 32.855908724613791 ], [ -96.909442480019763, 32.855844659646259 ], [ -96.909604257064728, 32.855715004774716 ], [ -96.909759129860745, 32.855592425356349 ], [ -96.909988469708651, 32.855479377013857 ], [ -96.910305497073551, 32.855396102034106 ], [ -96.910571168466106, 32.85533792626326 ], [ -96.91081586389798, 32.855313832260414 ], [ -96.910977932948441, 32.855354216588246 ], [ -96.911257205741478, 32.855486974337424 ], [ -96.911508267157501, 32.855676323424149 ], [ -96.911712140619443, 32.855847884792027 ], [ -96.911861816637028, 32.856015874437304 ], [ -96.911952236225034, 32.856205827835794 ], [ -96.91207087709671, 32.856466676943491 ], [ -96.912147468394124, 32.85692582462535 ], [ -96.912307969770865, 32.857814179503848 ], [ -96.912473880133305, 32.858023882229702 ], [ -96.912712759705158, 32.858135751665522 ], [ -96.912807015980718, 32.85817703370234 ], [ -96.912955909768712, 32.858198980958186 ], [ -96.913159899117971, 32.858175818878081 ], [ -96.913343979465779, 32.858126611638546 ], [ -96.913511325851047, 32.858065731153104 ], [ -96.913648645977204, 32.857975856443801 ], [ -96.913753468175557, 32.857805381280365 ], [ -96.913818030538636, 32.857676606846695 ], [ -96.9139275021369, 32.857370918706678 ], [ -96.913897719283241, 32.857138568771475 ], [ -96.913896055707639, 32.856852199209435 ], [ -96.913933889261259, 32.856635047722364 ], [ -96.914055504874597, 32.856473375210207 ], [ -96.914186891581267, 32.856336171443665 ], [ -96.914526125990719, 32.856148628281055 ], [ -96.914901597534566, 32.856021688708481 ], [ -96.915306368514948, 32.855963845730507 ], [ -96.915655460359048, 32.855979829208465 ], [ -96.915858731202306, 32.855996012980192 ], [ -96.916146772455917, 32.856018933826043 ], [ -96.9163596505215, 32.856067450752619 ], [ -96.916742810860413, 32.856269914244734 ], [ -96.916828450891089, 32.856414194478923 ], [ -96.91692241002454, 32.856661654326835 ], [ -96.916878277229088, 32.857043367427664 ], [ -96.91685294081428, 32.85726701820191 ], [ -96.916766855054519, 32.857496582054075 ], [ -96.916669096465554, 32.857757268364708 ], [ -96.916656626764691, 32.858055688748443 ], [ -96.916804004580015, 32.858352507863529 ], [ -96.916951139074754, 32.858473232145805 ], [ -96.917126193488158, 32.858549898596905 ], [ -96.917398068379228, 32.858524718528891 ], [ -96.917717048083233, 32.858235369453226 ], [ -96.917915756080887, 32.858033039370724 ], [ -96.918198152404685, 32.857798961160256 ], [ -96.91838379753527, 32.857662428185769 ], [ -96.918647946359471, 32.857499702547813 ], [ -96.918923719158443, 32.857445928581527 ], [ -96.919185529065146, 32.857414888767487 ], [ -96.919409571381706, 32.857407718525607 ], [ -96.919690597485058, 32.857439924570201 ], [ -96.920306414589277, 32.857533647375568 ], [ -96.921274200337891, 32.857676230492615 ], [ -96.921764625435785, 32.8577626274013 ], [ -96.922058358767458, 32.857843660730559 ], [ -96.922635342904343, 32.858022790937369 ], [ -96.923025820435527, 32.85819668918122 ], [ -96.923371066630793, 32.858261223163375 ], [ -96.923973624218476, 32.858318935912266 ], [ -96.924352578955805, 32.858378147937437 ], [ -96.924917738240453, 32.858550308341222 ], [ -96.925200862130197, 32.85875541436689 ], [ -96.925335409965939, 32.859011978026999 ], [ -96.925371474904509, 32.859273019120891 ], [ -96.925272644961964, 32.85948939564549 ], [ -96.925098603644841, 32.859660927240419 ], [ -96.924916945538186, 32.859839981529831 ], [ -96.924302275676453, 32.86006272194436 ], [ -96.924021725631363, 32.860193751771781 ], [ -96.923649192987966, 32.860346533532073 ], [ -96.922958956555917, 32.860497501452734 ], [ -96.922424596172618, 32.8609051593563 ], [ -96.922194115856882, 32.861273063905941 ], [ -96.922154017294602, 32.861619050862608 ], [ -96.922209855994581, 32.861913275869966 ], [ -96.922392659214168, 32.862127491959612 ], [ -96.922596416855953, 32.862307622337994 ], [ -96.922875636941967, 32.86244288261085 ], [ -96.92319232275203, 32.862570026207329 ], [ -96.923485834501449, 32.862663944981513 ], [ -96.924019071869338, 32.862714922073231 ], [ -96.924413923734889, 32.862753013820985 ], [ -96.92473476346062, 32.862837274296595 ], [ -96.924969938574293, 32.862969095270934 ], [ -96.925114303710359, 32.863055400138968 ], [ -96.925207553549129, 32.863153950899694 ], [ -96.925288744521012, 32.863358288955034 ], [ -96.92529474307743, 32.863593163091132 ], [ -96.92518395023184, 32.863909619914658 ], [ -96.924832937067436, 32.864377669903021 ], [ -96.924423822899925, 32.864869330488602 ], [ -96.924190269579512, 32.865218578014627 ], [ -96.924169416121202, 32.865437374849641 ], [ -96.924211164713427, 32.865569625257208 ], [ -96.924273145593034, 32.865710728764448 ], [ -96.92440751559208, 32.865786886747642 ], [ -96.924555950250905, 32.865834574395727 ], [ -96.924787926979576, 32.865856629875829 ], [ -96.924989479402484, 32.86574688114186 ], [ -96.925128640471129, 32.865671108539324 ], [ -96.925295908772839, 32.865604004261399 ], [ -96.925494572116534, 32.865524296799641 ], [ -96.926111271085077, 32.865380343056451 ], [ -96.926366191488938, 32.865397891177409 ], [ -96.926643758389119, 32.865584653258338 ], [ -96.926896358032977, 32.865881362785657 ], [ -96.927022370870716, 32.866238033637501 ], [ -96.927085795463313, 32.866487960048566 ], [ -96.927067397089061, 32.866759770837639 ], [ -96.926995143166081, 32.867007982667033 ], [ -96.926941932150925, 32.867137605187388 ], [ -96.926724635515328, 32.867336741850927 ], [ -96.926381386200632, 32.867558627474907 ], [ -96.92616449180143, 32.867701206033402 ], [ -96.925920047678034, 32.867838651214548 ], [ -96.925575566516642, 32.868032368736088 ], [ -96.925200216189566, 32.868150754369779 ], [ -96.925192816085527, 32.868567324947158 ], [ -96.925208258317156, 32.869226139243601 ], [ -96.925187953654827, 32.870942573984415 ], [ -96.925568303251069, 32.87066751623621 ], [ -96.925797245734302, 32.870478873681293 ], [ -96.925965931792774, 32.870318139512435 ], [ -96.926580746321847, 32.869651810625228 ], [ -96.926728918439579, 32.869511056747228 ], [ -96.926879125286789, 32.869422258432294 ], [ -96.927023765433347, 32.869410881471552 ], [ -96.927139029635981, 32.869360752491993 ], [ -96.927273128904531, 32.869343944246481 ], [ -96.92754757171727, 32.869328894402202 ], [ -96.927769813164971, 32.869289144284551 ], [ -96.927951554701792, 32.869306232768928 ], [ -96.928323608779252, 32.869407164490738 ], [ -96.928630398202301, 32.869509905687224 ], [ -96.9291894911875, 32.869746058428994 ], [ -96.929643416929608, 32.86998087018673 ], [ -96.930206769863403, 32.870205090185834 ], [ -96.93065619859513, 32.870337840318406 ], [ -96.930908926029971, 32.87048653001424 ], [ -96.931043628794896, 32.870600406173011 ], [ -96.931179022636243, 32.870764388197436 ], [ -96.931344365481621, 32.871040891451393 ], [ -96.931475363735473, 32.87127203773715 ], [ -96.931535871773619, 32.871441867962126 ], [ -96.931558240058465, 32.871558978268624 ], [ -96.931595295779672, 32.871765342306638 ], [ -96.931593009703462, 32.871940157999219 ], [ -96.931556040518174, 32.872088489629185 ], [ -96.931427147705605, 32.872621686139311 ], [ -96.93133390268062, 32.872967760446848 ], [ -96.931239038803412, 32.873290643402171 ], [ -96.931086970103507, 32.873255834363526 ], [ -96.930582261803281, 32.874046936114546 ], [ -96.93085076962511, 32.874130059478894 ], [ -96.930829807822164, 32.874204845582447 ], [ -96.93076201669551, 32.874247221201323 ], [ -96.930737909062032, 32.874266962167191 ], [ -96.930699639719691, 32.874320885428872 ], [ -96.930657755649776, 32.874386220025649 ], [ -96.930605999723113, 32.874434252443265 ], [ -96.93056427406971, 32.874490994740675 ], [ -96.930526490890983, 32.874516301178787 ], [ -96.930481380168331, 32.874572989045689 ], [ -96.930443248594727, 32.874618330524449 ], [ -96.930332506522433, 32.874740065147932 ], [ -96.930234463329597, 32.874910642011756 ], [ -96.930185801885671, 32.874975887381986 ], [ -96.930140375382805, 32.875049776814187 ], [ -96.930112734432043, 32.875078059252225 ], [ -96.93007069001105, 32.875151980488454 ], [ -96.930038949519542, 32.875220308163215 ], [ -96.93002080805455, 32.875285941982646 ], [ -96.929979506470559, 32.875319783720741 ], [ -96.929982226096783, 32.87535704330471 ], [ -96.929902020004349, 32.875479161772539 ], [ -96.929890677588702, 32.875544886739036 ], [ -96.929851886140042, 32.875627440491961 ], [ -96.929809855244201, 32.875701355499054 ], [ -96.929767114052581, 32.87581536389704 ], [ -96.929752681057394, 32.875863861335226 ], [ -96.929674642305969, 32.876054726850626 ], [ -96.929663299743936, 32.876120446382131 ], [ -96.929613362158307, 32.876257301229515 ], [ -96.929625864167491, 32.876317567390387 ], [ -96.929601333543289, 32.876363068466041 ], [ -96.929569602403546, 32.876428530783876 ], [ -96.929549911411016, 32.876582918722697 ], [ -96.92955067224085, 32.876588357796876 ], [ -96.929555927364234, 32.876625956923284 ], [ -96.929538308889533, 32.876662940097518 ], [ -96.92949843801911, 32.876997483563379 ], [ -96.929475147874555, 32.877163282091402 ], [ -96.929474285459079, 32.877211957013138 ], [ -96.929433014452314, 32.877242924587378 ], [ -96.92947833636515, 32.877366627319127 ], [ -96.929463988227269, 32.877793130923777 ], [ -96.92948692284503, 32.877839243411515 ], [ -96.929472212002565, 32.877904903288069 ], [ -96.929447776306745, 32.877941820284839 ], [ -96.92948438689541, 32.877982372791998 ], [ -96.929498354672333, 32.8783433493508 ], [ -96.92952761718071, 32.8786071707028 ], [ -96.929553843451103, 32.878659049996223 ], [ -96.929552423254592, 32.878739208827355 ], [ -96.929627416039835, 32.878911970659779 ], [ -96.929692030020945, 32.87909604671097 ], [ -96.929650402852687, 32.879147072768596 ], [ -96.929561525356505, 32.879183174179673 ], [ -96.929557419199313, 32.879223211202927 ], [ -96.929597629003538, 32.879252371997261 ], [ -96.929666954657762, 32.879362059655648 ], [ -96.929691452881457, 32.879511257124548 ], [ -96.929695917311804, 32.87964303500587 ], [ -96.929720737834273, 32.879775072355635 ], [ -96.929715252690684, 32.879892408778311 ], [ -96.929720457567498, 32.879981247230624 ], [ -96.929715716602786, 32.880058506925792 ], [ -96.929765423917829, 32.880125001898037 ], [ -96.929771301272467, 32.880176607327584 ], [ -96.929726072542906, 32.880239042188741 ], [ -96.92969776623319, 32.880304541413921 ], [ -96.929682578020277, 32.880395986181483 ], [ -96.929656487130615, 32.880527382236828 ], [ -96.929651820934808, 32.880598908551434 ], [ -96.929633849546249, 32.880655950178038 ], [ -96.929580929021029, 32.88076983819748 ], [ -96.929565988038959, 32.880846955684731 ], [ -96.929538331109185, 32.880875243212586 ], [ -96.929495796486009, 32.880977794479442 ], [ -96.929420179969853, 32.881031251618346 ], [ -96.929429957111395, 32.881054286080023 ], [ -96.929372660252895, 32.881175525252836 ], [ -96.928985504840568, 32.881449394997354 ], [ -96.928790766030886, 32.881578245871061 ], [ -96.928289947063689, 32.882172997549986 ], [ -96.928196030641089, 32.88227080954951 ], [ -96.928197515364374, 32.882679055261242 ], [ -96.928209769211307, 32.882792130390818 ], [ -96.928310787989176, 32.882989746136282 ], [ -96.928615438735008, 32.883225538532415 ], [ -96.928711185130624, 32.883270294621781 ], [ -96.928832133806111, 32.883254047222991 ], [ -96.929505378293868, 32.883028973581681 ], [ -96.93003403121233, 32.882881011419258 ], [ -96.930529256067629, 32.882895844374353 ], [ -96.931023362904156, 32.882973662974429 ], [ -96.93143802279728, 32.883130658043079 ], [ -96.931692901741741, 32.883302816703406 ], [ -96.931869776024087, 32.88351916064159 ], [ -96.932048477288404, 32.883829559967431 ], [ -96.932176211959501, 32.884044908451877 ], [ -96.932263153752217, 32.884153992021552 ], [ -96.932242185639325, 32.884188095978622 ], [ -96.932261583905927, 32.884242744980099 ], [ -96.932267210623465, 32.884308678364526 ], [ -96.93227033238864, 32.884337957442007 ], [ -96.932273045294266, 32.884363157464968 ], [ -96.932275800562891, 32.884397565571412 ], [ -96.932308783984638, 32.884452381122713 ], [ -96.932304787165194, 32.884486715929427 ], [ -96.932283363708649, 32.884546559944589 ], [ -96.932272711777586, 32.88457219414466 ], [ -96.932272002263559, 32.884612307363973 ], [ -96.932274597349704, 32.884658128866072 ], [ -96.932291008696382, 32.884689840874067 ], [ -96.93228037603437, 32.884715472611454 ], [ -96.932242089146797, 32.884769400620065 ], [ -96.932244670903458, 32.884815249913359 ], [ -96.932237120735792, 32.884858117991179 ], [ -96.932229069598591, 32.884929609837009 ], [ -96.932224256771249, 32.885009711461876 ], [ -96.932150477778563, 32.885151955294127 ], [ -96.932133203178552, 32.885168920845565 ], [ -96.932125810472357, 32.885203184920172 ], [ -96.932056128882238, 32.88530539782996 ], [ -96.93202791743046, 32.885365178859672 ], [ -96.931951502249063, 32.885464441554916 ], [ -96.931927135276808, 32.88549850265133 ], [ -96.931888145238574, 32.885592505066953 ], [ -96.931853041834103, 32.885657925446807 ], [ -96.931828640307216, 32.885694840618839 ], [ -96.931783872661811, 32.885731501958801 ], [ -96.931693624667048, 32.885844915217469 ], [ -96.931611067937368, 32.885906892247952 ], [ -96.931562489220582, 32.885966394048346 ], [ -96.931504112088291, 32.886005750092565 ], [ -96.9314387469026, 32.886056483086634 ], [ -96.931346152476465, 32.886109704052231 ], [ -96.931294559333409, 32.886149140064013 ], [ -96.931194831801477, 32.886222345646338 ], [ -96.931122908787799, 32.886258681706664 ], [ -96.930999043422389, 32.88635446519833 ], [ -96.930947693568484, 32.886379598115283 ], [ -96.930844374012324, 32.886464206034837 ], [ -96.930775444164865, 32.886523457349213 ], [ -96.930668779782593, 32.8866051549087 ], [ -96.93062715285626, 32.886656181291542 ], [ -96.930599362804244, 32.88669305080932 ], [ -96.930557769632031, 32.886741200517449 ], [ -96.930502884731609, 32.886774888357934 ], [ -96.930381988358093, 32.886893619773353 ], [ -96.930312499812899, 32.886984380870139 ], [ -96.930270470040568, 32.887058312253124 ], [ -96.930245706102667, 32.887115268297812 ], [ -96.93014137205374, 32.887257125717809 ], [ -96.930122881815777, 32.887342798137666 ], [ -96.930110770632282, 32.887451486438863 ], [ -96.930107069048148, 32.887660464402792 ], [ -96.930190422580694, 32.887936407072509 ], [ -96.930358462628533, 32.888222017931049 ], [ -96.930501115501556, 32.888407083412929 ], [ -96.930599120747758, 32.888623102101185 ], [ -96.930624694999167, 32.888712187251514 ], [ -96.930636385927187, 32.8888182759814 ], [ -96.93067269701298, 32.888876027187486 ], [ -96.930725522685989, 32.888959735922427 ], [ -96.930751752162863, 32.889011586036787 ], [ -96.930805134416545, 32.889063807229974 ], [ -96.930877509830992, 32.889193575451309 ], [ -96.930903838220473, 32.889239726737955 ], [ -96.930932611872251, 32.889340313541119 ], [ -96.930984869756344, 32.889455520340185 ], [ -96.931030853499905, 32.889542009865245 ], [ -96.931082615025005, 32.889685813372317 ], [ -96.931115072023218, 32.889769289603294 ], [ -96.931123688358198, 32.889858160040433 ], [ -96.931125762866387, 32.889932640225894 ], [ -96.931156954680731, 32.890087657624768 ], [ -96.931180005146629, 32.890128058482425 ], [ -96.931148645552923, 32.890173466569486 ], [ -96.931164299683644, 32.890248111548821 ], [ -96.931143245481564, 32.890287939528008 ], [ -96.931124888251333, 32.890365030312097 ], [ -96.931099124236567, 32.890479244859989 ], [ -96.931064118575662, 32.890538940954173 ], [ -96.931032721877145, 32.890587218405884 ], [ -96.93101108764526, 32.890658534469082 ], [ -96.930975936214949, 32.890726819344572 ], [ -96.930924329404291, 32.890766262261756 ], [ -96.930889888659905, 32.890794460090923 ], [ -96.930821975428003, 32.890796466834047 ], [ -96.930743009900823, 32.890847013647019 ], [ -96.93064991980745, 32.890928885911315 ], [ -96.930526349171117, 32.891007507635337 ], [ -96.930417354725037, 32.891029050156568 ], [ -96.930342250332259, 32.891053863544357 ], [ -96.93023324946769, 32.891075400413229 ], [ -96.930137939281821, 32.89109137820342 ], [ -96.930052701758186, 32.891113234377592 ], [ -96.929943859666764, 32.891126162511455 ], [ -96.929831371481967, 32.891153374935456 ], [ -96.929715648369054, 32.891171963933253 ], [ -96.929620789178074, 32.891162175988299 ], [ -96.929502219112479, 32.891149223539259 ], [ -96.929413997557376, 32.891148110707192 ], [ -96.929352973802708, 32.891144500814704 ], [ -96.929267885813317, 32.89115772440524 ], [ -96.92923752180242, 32.891148752501174 ], [ -96.929183206542078, 32.891148067257092 ], [ -96.929125774129247, 32.891133025822185 ], [ -96.929041037849771, 32.891126225092442 ], [ -96.928911840432093, 32.891138935176841 ], [ -96.928738730700161, 32.891139590778629 ], [ -96.9286201606498, 32.891126645604935 ], [ -96.928548912039957, 32.891125746370413 ], [ -96.928344955496954, 32.891143215028258 ], [ -96.928273433797628, 32.891156629029631 ], [ -96.928215450204263, 32.891173096384982 ], [ -96.928133554337151, 32.891197814596318 ], [ -96.928017722870067, 32.891222125946626 ], [ -96.927901187771013, 32.891286522495591 ], [ -96.927856611383675, 32.891311727971619 ], [ -96.927821820360677, 32.891359965382868 ], [ -96.927784137419266, 32.891379532584651 ], [ -96.927736274435503, 32.89139897663491 ], [ -96.92759912298483, 32.891477426699261 ], [ -96.927557235142572, 32.891542748489485 ], [ -96.927453093543306, 32.891673160962171 ], [ -96.927408625546875, 32.891692661296311 ], [ -96.927325563325283, 32.891783248419628 ], [ -96.927248521623682, 32.891916843122765 ], [ -96.927229455529584, 32.892034029424856 ], [ -96.927163367109912, 32.892316675079819 ], [ -96.927170591823568, 32.892482847650662 ], [ -96.927186021542568, 32.892760803155525 ], [ -96.927170006151158, 32.892898048464666 ], [ -96.927167414868791, 32.893044060305265 ], [ -96.927205499594109, 32.893193456727396 ], [ -96.927313514393518, 32.89341816253549 ], [ -96.927449238379239, 32.893611748937374 ], [ -96.92766188838749, 32.893869306490757 ], [ -96.927704898428303, 32.893932826927141 ], [ -96.927856577789555, 32.894183870855564 ], [ -96.927896581348691, 32.894224467424856 ], [ -96.9280512208868, 32.894309464516461 ], [ -96.928150990497727, 32.894425255136298 ], [ -96.928211455284028, 32.894460386415489 ], [ -96.928280885055202, 32.894564355968008 ], [ -96.928273032779074, 32.894624404872062 ], [ -96.92827819408744, 32.894716089108769 ], [ -96.928337976081977, 32.89480830226848 ], [ -96.928367361293837, 32.894804535242223 ], [ -96.928391486658313, 32.894822720919052 ], [ -96.928404620481913, 32.894908104959036 ], [ -96.928520288728336, 32.895036990462124 ], [ -96.928522499491422, 32.895060805196451 ], [ -96.92854774889328, 32.89510646170951 ], [ -96.928504080465672, 32.895180141829634 ], [ -96.928506702434177, 32.895215914695399 ], [ -96.928499419965107, 32.895257219301349 ], [ -96.928518944523447, 32.895352139548912 ], [ -96.928542582610234, 32.895397815407875 ], [ -96.928533387448397, 32.895433402151625 ], [ -96.928531539595781, 32.895773339125157 ], [ -96.928513142004135, 32.895973511019022 ], [ -96.928294605305112, 32.896214913574582 ], [ -96.928277903507635, 32.896271993531073 ], [ -96.928264572097731, 32.896311792247396 ], [ -96.928247858318997, 32.896368038688692 ], [ -96.92822126638282, 32.896440199903502 ], [ -96.928201308634911, 32.896494238112417 ], [ -96.928184742149483, 32.896531265917503 ], [ -96.928171428907106, 32.8965696741163 ], [ -96.928158100746543, 32.896610007691443 ], [ -96.928141418019365, 32.89666298961582 ], [ -96.928128092422057, 32.896703177111505 ], [ -96.92810892614132, 32.896760382864564 ], [ -96.928085635309245, 32.896825126973376 ], [ -96.928063291017949, 32.896873391703863 ], [ -96.928038531254529, 32.896917100179252 ], [ -96.928008846835198, 32.896966020814197 ], [ -96.927985762710321, 32.897004098198593 ], [ -96.927957779443148, 32.897042152507865 ], [ -96.927919952407365, 32.897091162424729 ], [ -96.927887076649412, 32.897130021678073 ], [ -96.927852591355659, 32.897167104592839 ], [ -96.927814858004098, 32.897202210098065 ], [ -96.927777144289919, 32.897235423644467 ], [ -96.927723060589727, 32.897279926149608 ], [ -96.927667321482332, 32.897327043994821 ], [ -96.927613207126669, 32.897373629465427 ], [ -96.927577126390034, 32.897406565043319 ], [ -96.92754105398123, 32.897438668258239 ], [ -96.927504995551402, 32.897467752965149 ], [ -96.927459126684425, 32.897500908521984 ], [ -96.927401904854321, 32.897527823804282 ], [ -96.927343111750744, 32.897549240145366 ], [ -96.927269637057549, 32.897571378336792 ], [ -96.927212491250998, 32.897587980313297 ], [ -96.926996469075519, 32.897637182274259 ], [ -96.926890805451535, 32.897651552255354 ], [ -96.926742722193552, 32.897666453138179 ], [ -96.926547776654061, 32.89767583818206 ], [ -96.926286373447937, 32.897692489326062 ], [ -96.926131564869777, 32.897698277321794 ], [ -96.926008883000449, 32.897696242259428 ], [ -96.925823747849236, 32.897686748854561 ], [ -96.925491610575037, 32.89765915131342 ], [ -96.925130247976853, 32.897618212053686 ], [ -96.924892980756042, 32.897607154181244 ], [ -96.924694346947931, 32.897612621398636 ], [ -96.92444595165658, 32.89762736788677 ], [ -96.924330302298586, 32.897624970103315 ], [ -96.924211706366066, 32.897607372999317 ], [ -96.924042415071099, 32.897590012614764 ], [ -96.92385560597495, 32.89756850606917 ], [ -96.923628212569469, 32.897561076471526 ], [ -96.923379190316453, 32.89756406828787 ], [ -96.923214158232938, 32.897593886144129 ], [ -96.923069581883922, 32.897643099466514 ], [ -96.922951439169111, 32.897694243789708 ], [ -96.922860457885847, 32.897748296150908 ], [ -96.922792659899045, 32.897797515674981 ], [ -96.922669802870445, 32.897901237906083 ], [ -96.922571178475337, 32.898024413552079 ], [ -96.922442575771953, 32.89822181490576 ], [ -96.922402760864784, 32.898318151623627 ], [ -96.922347869270425, 32.898463332080489 ], [ -96.922304635749811, 32.898626535082727 ], [ -96.922283930601481, 32.898789398498458 ], [ -96.922280697870875, 32.898970977760044 ], [ -96.922308909961245, 32.899114026513011 ], [ -96.922337764699677, 32.899277971517812 ], [ -96.922395841497888, 32.899413491627115 ], [ -96.922475313461561, 32.899511224176599 ], [ -96.922570832469589, 32.899591856012044 ], [ -96.922687722531194, 32.899646562657288 ], [ -96.922832089614815, 32.899697006681443 ], [ -96.922992984474476, 32.899737575659067 ], [ -96.923084449233158, 32.899752772152937 ], [ -96.92318764378868, 32.899750206188564 ], [ -96.923366722143271, 32.89969517124166 ], [ -96.923523656624212, 32.899622614877082 ], [ -96.923660612454881, 32.899535583264452 ], [ -96.923794847735735, 32.899431208611666 ], [ -96.923934828816442, 32.899342177594477 ], [ -96.924055835586856, 32.899241229318839 ], [ -96.92421524514026, 32.899138165828738 ], [ -96.924619928390456, 32.898934189762052 ], [ -96.92549918267936, 32.8988830658623 ], [ -96.926645525626455, 32.899310812022563 ], [ -96.927187789029205, 32.900084754760051 ], [ -96.927531952266406, 32.900638654187645 ], [ -96.927565079124875, 32.900822694788793 ], [ -96.927562439032144, 32.901010583999145 ], [ -96.927589639317006, 32.901199120593375 ], [ -96.927580486694623, 32.901416324219326 ], [ -96.927528609468823, 32.901536361924265 ], [ -96.927427611412554, 32.901678743558847 ], [ -96.926926336782614, 32.902337714212486 ], [ -96.926862535678723, 32.902466636287961 ], [ -96.926782900106929, 32.902621296139891 ], [ -96.926730413319845, 32.902772977237852 ], [ -96.92668512808109, 32.902931401746663 ], [ -96.926664687543251, 32.903091802357132 ], [ -96.926658810685325, 32.903225110689355 ], [ -96.926672171882558, 32.903372815667076 ], [ -96.926712997522046, 32.903537009013512 ], [ -96.926748305763013, 32.903776700460703 ], [ -96.92690645366028, 32.904113450859143 ], [ -96.926963349411281, 32.904202903405263 ], [ -96.927012528617865, 32.904299254517568 ], [ -96.927072193529327, 32.904405521909503 ], [ -96.927120012068443, 32.904496925980858 ], [ -96.927169818814107, 32.90458721513734 ], [ -96.92721831022925, 32.904674753988495 ], [ -96.9272759195688, 32.904755664440557 ], [ -96.927321069111869, 32.90481620764708 ], [ -96.927391046246953, 32.904889371756944 ], [ -96.927447963194055, 32.904958165322107 ], [ -96.92753554997185, 32.905039566040216 ], [ -96.927620500957289, 32.905111593297711 ], [ -96.927712633069277, 32.905182508926863 ], [ -96.927794956719396, 32.905245173596292 ], [ -96.927890308345951, 32.90530560452153 ], [ -96.927984342520389, 32.905359426726847 ], [ -96.928094062679335, 32.905425899446954 ], [ -96.928191367064471, 32.905486326825958 ], [ -96.928293854299966, 32.905533527286821 ], [ -96.928380101050976, 32.905597842852998 ], [ -96.92850481387967, 32.905666475979096 ], [ -96.928612537226925, 32.905718619743745 ], [ -96.928716291254716, 32.905753135229951 ], [ -96.928802417346787, 32.905776648663966 ], [ -96.928941354321253, 32.90580612339177 ], [ -96.929071836449666, 32.905833965284607 ], [ -96.929231004575996, 32.905874412220257 ], [ -96.929370622988841, 32.905907199634598 ], [ -96.929488054865317, 32.905937827516489 ], [ -96.929619170505489, 32.905968975982994 ], [ -96.929783561382976, 32.906000589889516 ], [ -96.929876863020525, 32.906025200477636 ], [ -96.930003432045851, 32.906054701154098 ], [ -96.930111725841215, 32.906080937309781 ], [ -96.930202425990871, 32.906114922608275 ], [ -96.930314061735842, 32.906168162209816 ], [ -96.930415270630405, 32.906223052448297 ], [ -96.930519100669841, 32.906274656634054 ], [ -96.930683312185735, 32.90636884923903 ], [ -96.930873004407985, 32.906472902123653 ], [ -96.931038190554077, 32.906556896986849 ], [ -96.93120337401399, 32.906640879867624 ], [ -96.931354900256238, 32.906734816156394 ], [ -96.931471237828902, 32.906840953717236 ], [ -96.931562076312929, 32.906917936170181 ], [ -96.931647792513203, 32.907025241860175 ], [ -96.931718564536723, 32.907140843488065 ], [ -96.931764452110471, 32.907226740486095 ], [ -96.931819536376807, 32.907334660499338 ], [ -96.93185046484561, 32.907432715232851 ], [ -96.931866438225612, 32.907543477947101 ], [ -96.931846333257866, 32.907691247783781 ], [ -96.931778649596012, 32.90784133972825 ], [ -96.931719572654259, 32.907924682867531 ], [ -96.931643554180894, 32.908013582090078 ], [ -96.931565587845299, 32.908104695257443 ], [ -96.931479125210785, 32.908190870771428 ], [ -96.931392633521938, 32.908264907149878 ], [ -96.931344692986883, 32.908322568008394 ], [ -96.93129143175193, 32.90843490191785 ], [ -96.93127210852812, 32.908512661378026 ], [ -96.931266510760452, 32.908604728357204 ], [ -96.931209638773467, 32.908705212642104 ], [ -96.931178504466843, 32.908983132309437 ], [ -96.931170149432745, 32.90911594227773 ], [ -96.931167912986595, 32.909181747597358 ], [ -96.931174282004136, 32.909271200988677 ], [ -96.931191399337067, 32.909336949784851 ], [ -96.931301545696456, 32.909713199659024 ], [ -96.931362180361035, 32.909852094345148 ], [ -96.93142892582037, 32.909986398619431 ], [ -96.931483914265115, 32.910125476456329 ], [ -96.931518550138208, 32.91024788510591 ], [ -96.931660465405628, 32.910454350195664 ], [ -96.931745967733377, 32.910633747520663 ], [ -96.931833497590162, 32.910753821514199 ], [ -96.931883947049627, 32.910838047805555 ], [ -96.931928382847147, 32.910911783183884 ], [ -96.932011611735021, 32.911037292767141 ], [ -96.932111713559976, 32.911156086304452 ], [ -96.93232259036651, 32.911323251651169 ], [ -96.932397889629044, 32.911386753655322 ], [ -96.932558871348789, 32.911517776308436 ], [ -96.932822866797579, 32.911707177422677 ], [ -96.933016201827698, 32.911805491449996 ], [ -96.933260425988692, 32.911940322163431 ], [ -96.933480675098039, 32.912025563660798 ], [ -96.933626446272044, 32.912068461703861 ], [ -96.93375093602134, 32.912095711791103 ], [ -96.933920481941129, 32.912150176854375 ], [ -96.934150241557717, 32.912189646164258 ], [ -96.934310698540969, 32.912208511976125 ], [ -96.934648308589814, 32.912235979048653 ], [ -96.934758762058294, 32.912252075545872 ], [ -96.934828125107856, 32.912274301647059 ], [ -96.935203419822614, 32.912246026173108 ], [ -96.935315598184516, 32.912299234565772 ], [ -96.935457818998572, 32.912323096295424 ], [ -96.935558945315861, 32.912323344832622 ], [ -96.935661078864356, 32.91235211866632 ], [ -96.935710206435843, 32.912342317889014 ], [ -96.935729377614138, 32.912359848152128 ], [ -96.935782972739219, 32.912370142819334 ], [ -96.935836909956791, 32.912351974129209 ], [ -96.935864811054529, 32.912307873422165 ], [ -96.936099147059721, 32.912371946365411 ], [ -96.936149769197385, 32.912361006141516 ], [ -96.936171303098476, 32.912342028157809 ], [ -96.936205564214333, 32.912339713886112 ], [ -96.93626704259529, 32.912345121619637 ], [ -96.936371238283343, 32.912370177868105 ], [ -96.936435097016172, 32.912380786909615 ], [ -96.936567673435235, 32.912423201058949 ], [ -96.936636394292464, 32.912434405862733 ], [ -96.936757540147127, 32.912456602687939 ], [ -96.936930919960218, 32.912512384326568 ], [ -96.937026825431445, 32.912525962088317 ], [ -96.937053940819126, 32.912559288541729 ], [ -96.937104490682643, 32.912557173033072 ], [ -96.937214641593926, 32.912594288675912 ], [ -96.93753486256206, 32.912733017348714 ], [ -96.937688166138159, 32.912817413202795 ], [ -96.93775413582955, 32.91286429997691 ], [ -96.937877234629781, 32.912907744648663 ], [ -96.937944598788604, 32.91296773269621 ], [ -96.938104594982832, 32.913043916279008 ], [ -96.938195569247497, 32.9131522770505 ], [ -96.938219583174273, 32.91325761905793 ], [ -96.938418320858489, 32.913475994810582 ], [ -96.938470643980466, 32.913552877777349 ], [ -96.93853293069364, 32.913745158561852 ], [ -96.938523373983557, 32.913847129466475 ], [ -96.938554451130258, 32.91393122818085 ], [ -96.93861286099866, 32.91410094343572 ], [ -96.938632356454619, 32.914183618928938 ], [ -96.938617311993283, 32.914287185042113 ], [ -96.938620024925385, 32.914424913228743 ], [ -96.938586878553494, 32.91451707692989 ], [ -96.938554616686545, 32.914600183996114 ], [ -96.93850048053632, 32.914675586030086 ], [ -96.93833381825452, 32.915013764712917 ], [ -96.93824679119578, 32.915150944805909 ], [ -96.938160655626149, 32.915282909501279 ], [ -96.938098303694318, 32.91538189045523 ], [ -96.938032356247788, 32.915534454235313 ], [ -96.937941382747837, 32.915683024339032 ], [ -96.937892269615602, 32.915817763867942 ], [ -96.937869455291846, 32.915979570106437 ], [ -96.93786376804519, 32.916209955275612 ], [ -96.937886506042886, 32.9163778660267 ], [ -96.937947390519582, 32.91653563803677 ], [ -96.938002608515319, 32.916673602641282 ], [ -96.938069572402355, 32.916802501605375 ], [ -96.938178200489986, 32.917030784905549 ], [ -96.938242244879177, 32.917166281537462 ], [ -96.93838422044378, 32.917357002847844 ], [ -96.93849607027353, 32.917473980243763 ], [ -96.938521468813391, 32.917594464358764 ], [ -96.938644758067539, 32.91780625486814 ], [ -96.938714373710894, 32.91794533668206 ], [ -96.938730616315809, 32.918088746826399 ], [ -96.938785878877894, 32.91828250227487 ], [ -96.93881099285359, 32.918500186009197 ], [ -96.938806915983932, 32.918814508669875 ], [ -96.938821264105499, 32.918991049810927 ], [ -96.938812866980996, 32.9191631958765 ], [ -96.938793718624922, 32.91927199385006 ], [ -96.938774709291707, 32.919431034845189 ], [ -96.938737273210435, 32.919580905208882 ], [ -96.938698148421167, 32.919778597518125 ], [ -96.938647516825938, 32.919978624887413 ], [ -96.938521183678802, 32.920201423166645 ], [ -96.938387422975921, 32.920502319373156 ], [ -96.938291236963394, 32.920775511209747 ], [ -96.938251639347996, 32.920985502071126 ], [ -96.938248526283346, 32.921173871880548 ], [ -96.938312198856408, 32.921361092216294 ], [ -96.938388203140818, 32.921586800606555 ], [ -96.938430531687459, 32.921768021675028 ], [ -96.938443144861665, 32.921886510063629 ], [ -96.938459607101265, 32.921988534711552 ], [ -96.938518525075082, 32.922207374554475 ], [ -96.938508392326938, 32.922361876551854 ], [ -96.938480906030094, 32.922504107986505 ], [ -96.93846790961986, 32.922722606298599 ], [ -96.938429839198122, 32.922868496612082 ], [ -96.93834174074604, 32.923018465780608 ], [ -96.938257975579347, 32.923175324725172 ], [ -96.938192068816221, 32.923264909322029 ], [ -96.938094698418809, 32.923369786987735 ], [ -96.937961851511176, 32.923464202260647 ], [ -96.937781505295575, 32.923571119038094 ], [ -96.937540092119121, 32.92367380712399 ], [ -96.937439294567227, 32.923730702581622 ], [ -96.937273198767713, 32.923838960860465 ], [ -96.937177032728044, 32.923888319315161 ], [ -96.937073443126778, 32.923949241608014 ], [ -96.936868535223311, 32.924048580460266 ], [ -96.936779773169903, 32.924103515987944 ], [ -96.936665156401801, 32.924183838321298 ], [ -96.936563256868439, 32.92424954434572 ], [ -96.936426689445639, 32.924365912268343 ], [ -96.936289259514098, 32.924503255538568 ], [ -96.936219274358052, 32.92459701602224 ], [ -96.936151547746036, 32.924712700262894 ], [ -96.936087514441766, 32.924870499988884 ], [ -96.936040154290069, 32.92504469815016 ], [ -96.936059390387356, 32.925143520110318 ], [ -96.936153522904874, 32.925360203010747 ], [ -96.936235229433493, 32.925508601170726 ], [ -96.936326791467522, 32.925634546626767 ], [ -96.93638593984312, 32.925729714518518 ], [ -96.936464887696459, 32.925818687744233 ], [ -96.936545020526097, 32.925907241976951 ], [ -96.936710372751648, 32.926055324227825 ], [ -96.936776019852189, 32.926119507530288 ], [ -96.936868653831596, 32.926218659735362 ], [ -96.937047967744789, 32.926354172879861 ], [ -96.937113880243373, 32.926431708350968 ], [ -96.937188071882318, 32.926493324504555 ], [ -96.937226821182421, 32.926565713770842 ], [ -96.937256277167322, 32.926656781123945 ], [ -96.93730477422487, 32.926770405778342 ], [ -96.93734328397808, 32.926853780748843 ], [ -96.937393289454263, 32.926975572954611 ], [ -96.937455321882439, 32.927109671820695 ], [ -96.937499549359657, 32.927258395282337 ], [ -96.93757645063188, 32.927467310117592 ], [ -96.937538881305457, 32.927575251746106 ], [ -96.937522553649003, 32.927754766740406 ], [ -96.937511588102609, 32.927837932277725 ], [ -96.937479239834559, 32.927926332976213 ], [ -96.93739115516496, 32.928042767191307 ], [ -96.937240645445556, 32.928159775520264 ], [ -96.937157476667366, 32.928197935824862 ], [ -96.93706515870268, 32.928254223103409 ], [ -96.936882469137402, 32.928255316378227 ], [ -96.936791913050143, 32.928233318097341 ], [ -96.936673861491315, 32.928179453256412 ], [ -96.936597664872437, 32.928120370347756 ], [ -96.936483030082712, 32.928040106300465 ], [ -96.936399934099782, 32.927972517425744 ], [ -96.936331137037442, 32.927916719961075 ], [ -96.936249341261401, 32.927823711014597 ], [ -96.936155845911983, 32.927745733201185 ], [ -96.936016490597311, 32.927644105284202 ], [ -96.935905286953101, 32.927583932107986 ], [ -96.935798735165221, 32.927541645109756 ], [ -96.935682042711477, 32.927502711999097 ], [ -96.935487822375038, 32.927464536667244 ], [ -96.93537521913909, 32.927456211911988 ], [ -96.935122677127808, 32.927458018784364 ], [ -96.93500014869943, 32.927492908012397 ], [ -96.934860784776376, 32.927530239869299 ], [ -96.934604389978517, 32.927614442701078 ], [ -96.934477709814132, 32.927648471140117 ], [ -96.934307612940827, 32.927708682437071 ], [ -96.934169351987549, 32.92775357990562 ], [ -96.933836669194193, 32.927877433810011 ], [ -96.933625948702058, 32.92799293397465 ], [ -96.933536105439572, 32.928061319918733 ], [ -96.933411608656783, 32.928197395018501 ], [ -96.933275474690262, 32.928417353689575 ], [ -96.933196535749119, 32.928525170547623 ], [ -96.933159103775083, 32.928664502384677 ], [ -96.9331455987449, 32.928781506507988 ], [ -96.933147385927953, 32.929005645831936 ], [ -96.933192285212129, 32.92917353568199 ], [ -96.933304033895254, 32.929339023105456 ], [ -96.933427658099362, 32.929448275672875 ], [ -96.933515854158344, 32.929514858308139 ], [ -96.933638584425054, 32.929605079240474 ], [ -96.933915716537243, 32.929736892537321 ], [ -96.934123251289307, 32.929811455238529 ], [ -96.934221395609711, 32.929832518153702 ], [ -96.934339667048008, 32.929859643115286 ], [ -96.934485453151112, 32.929881169350494 ], [ -96.934675206773633, 32.929885642853861 ], [ -96.934836609693832, 32.929883054208815 ], [ -96.935003586488918, 32.929869698153546 ], [ -96.935121943389873, 32.929886915168332 ], [ -96.935350839009089, 32.929894192750865 ], [ -96.935479344629798, 32.929920040919356 ], [ -96.935647110781858, 32.929925512059576 ], [ -96.935776937768892, 32.929907907641301 ], [ -96.935902135085442, 32.929902958136609 ], [ -96.936108739914189, 32.929908907317547 ], [ -96.936234528379302, 32.929944018275947 ], [ -96.936425037961257, 32.930000438113666 ], [ -96.936566952471821, 32.930064308911383 ], [ -96.9367116236388, 32.930134699702649 ], [ -96.936840033112702, 32.930203493719404 ], [ -96.936976966142637, 32.930264242283016 ], [ -96.937055505794973, 32.930317755323145 ], [ -96.937175103696759, 32.930369860604351 ], [ -96.937313509592684, 32.930431715862852 ], [ -96.937469757832105, 32.930483191147033 ], [ -96.93759904631645, 32.930566726118336 ], [ -96.938029994620038, 32.93075292466056 ], [ -96.938176727802372, 32.93080663639244 ], [ -96.93833386973553, 32.930889745084691 ], [ -96.938419462492675, 32.930928414722089 ], [ -96.938505725631217, 32.930962730215299 ], [ -96.93860029917002, 32.931016068963892 ], [ -96.938676274208049, 32.931070099869849 ], [ -96.938761621309595, 32.931103550503515 ], [ -96.93888184941494, 32.931169106628801 ], [ -96.938977395165097, 32.931222042394779 ], [ -96.939089458802144, 32.931287377849664 ], [ -96.939229475417761, 32.931380401823809 ], [ -96.939339433924744, 32.931413667990853 ], [ -96.939426445005765, 32.931458086262268 ], [ -96.93964641505805, 32.931587206111288 ], [ -96.939846968602112, 32.931716971647809 ], [ -96.939931353841516, 32.93178839921638 ], [ -96.940052478012404, 32.931871981744806 ], [ -96.940182793028882, 32.931994710731331 ], [ -96.940344939890281, 32.932225547442172 ], [ -96.940401303752338, 32.932350463594844 ], [ -96.940427790057782, 32.932461429366334 ], [ -96.940440178648871, 32.932569645510235 ], [ -96.940441019883167, 32.932664621505289 ], [ -96.940442381003223, 32.932819610959747 ], [ -96.940429845308813, 32.932940993027131 ], [ -96.940378111262106, 32.933123977363053 ], [ -96.940359789308232, 32.933213475192389 ], [ -96.940320971747724, 32.933408099690382 ], [ -96.940298518806472, 32.933484380766259 ], [ -96.940265345886758, 32.933568696110569 ], [ -96.940099183274981, 32.933848016049325 ], [ -96.940056785076635, 32.933927314895705 ], [ -96.939957600719339, 32.934092569653686 ], [ -96.939909258643411, 32.934191442782634 ], [ -96.93984508513141, 32.93429902116025 ], [ -96.939614946471238, 32.934630018878494 ], [ -96.939481137074296, 32.934797328777698 ], [ -96.939307415209285, 32.934974567149396 ], [ -96.939073368062267, 32.935180646106488 ], [ -96.938818839651645, 32.935354185379879 ], [ -96.938700272262224, 32.93541721040237 ], [ -96.938499219232881, 32.935509552080553 ], [ -96.93839182885219, 32.935525934514708 ], [ -96.938265893102695, 32.935556373141743 ], [ -96.938044522502594, 32.935579869950068 ], [ -96.937902603467052, 32.93558574660544 ], [ -96.937781080782074, 32.935553331721906 ], [ -96.937636670658193, 32.935537873074942 ], [ -96.937500689512333, 32.935509501072005 ], [ -96.937109079245175, 32.935404083506988 ], [ -96.936984978990182, 32.935359333595287 ], [ -96.936864606166552, 32.935301734073818 ], [ -96.936768935325219, 32.935268555796327 ], [ -96.936652311684767, 32.935218699922665 ], [ -96.936542113052298, 32.935164770429253 ], [ -96.936410276433122, 32.935120870733833 ], [ -96.93628869726048, 32.935080391590631 ], [ -96.936115676165471, 32.9349886050301 ], [ -96.93601158656007, 32.934943558800086 ], [ -96.935887717494765, 32.934916916310662 ], [ -96.935513595314831, 32.934901355739633 ], [ -96.935403285566764, 32.934994018565291 ], [ -96.935331256936593, 32.93510770018856 ], [ -96.935304842733217, 32.935192659234524 ], [ -96.935287714370176, 32.935271124892637 ], [ -96.935240158177351, 32.935416661397262 ], [ -96.93526719475318, 32.935561009090819 ], [ -96.935275830029127, 32.935659708690942 ], [ -96.935289423451181, 32.935795719011743 ], [ -96.935286322183586, 32.936195620109203 ], [ -96.935279860269873, 32.936345826935572 ], [ -96.935294087991906, 32.936463735974144 ], [ -96.935284462234819, 32.936578710945724 ], [ -96.935292751941603, 32.936821347508925 ], [ -96.935311176757835, 32.936940885775243 ], [ -96.935345612953384, 32.937035647946338 ], [ -96.935438535760639, 32.937057541585901 ], [ -96.935526059127412, 32.937057839011558 ], [ -96.935603769405006, 32.937033305613852 ], [ -96.935672114331467, 32.936956101798486 ], [ -96.935711150293315, 32.93686430605667 ], [ -96.935740390670631, 32.936771818200803 ], [ -96.935841899456804, 32.936727941032132 ], [ -96.936054090242649, 32.936725417448486 ], [ -96.936122976483801, 32.936734619421003 ], [ -96.936187487943286, 32.936744023477878 ], [ -96.936266596796202, 32.936756867498509 ], [ -96.936334817995359, 32.936817499919911 ], [ -96.936333625345256, 32.936917053710239 ], [ -96.936306364860059, 32.936992115703234 ], [ -96.93626966194411, 32.937156626761329 ], [ -96.936185666960057, 32.93740799047044 ], [ -96.936078777895901, 32.93756465591143 ], [ -96.93599308868194, 32.937623459905382 ], [ -96.935879557500769, 32.93763369964261 ], [ -96.935825528809005, 32.937692034317799 ], [ -96.935817500564312, 32.937765755756971 ], [ -96.935825892569824, 32.937828551232222 ], [ -96.935849458037964, 32.937888642129629 ], [ -96.935930592764691, 32.937956958736244 ], [ -96.93609426852511, 32.937995301544717 ], [ -96.936172214829455, 32.938016080352618 ], [ -96.936252351852573, 32.938002918388882 ], [ -96.936314119672801, 32.937932350814798 ], [ -96.936340539949597, 32.937825469202949 ], [ -96.936338749108671, 32.937758965042171 ], [ -96.936307427956834, 32.937604964958311 ], [ -96.936334958256396, 32.937452888686074 ], [ -96.936429166608065, 32.937225242245844 ], [ -96.936563799969662, 32.937146434823042 ], [ -96.936699163271058, 32.937139702660431 ], [ -96.936805769382488, 32.937181528499067 ], [ -96.936859793991005, 32.937238164736648 ], [ -96.936962381313052, 32.93739083029449 ], [ -96.937106146907482, 32.937398550518914 ], [ -96.937179357682695, 32.937421651204865 ], [ -96.937239888796597, 32.937461432137582 ], [ -96.937283490904065, 32.937527049318788 ], [ -96.937315169812791, 32.937675657564547 ], [ -96.937318485146506, 32.937764007681494 ], [ -96.937351569713954, 32.93789272322519 ], [ -96.937419113112284, 32.938026853983736 ], [ -96.937476757215265, 32.938093540100823 ], [ -96.937567160818361, 32.938142590976597 ], [ -96.937731873731437, 32.93807391359173 ], [ -96.937847487661784, 32.937959178130761 ], [ -96.937874292954433, 32.937826174840495 ], [ -96.937882365580037, 32.937738316583221 ], [ -96.937871174451047, 32.937633718326637 ], [ -96.937817714514409, 32.937513780832795 ], [ -96.937817137084565, 32.937369131561361 ], [ -96.937839815623406, 32.937285572730012 ], [ -96.937930534019912, 32.937224850877946 ], [ -96.938056006826358, 32.937171555349053 ], [ -96.938169724628438, 32.937156383493381 ], [ -96.938264249730238, 32.937183472002665 ], [ -96.938351492189156, 32.937224279018942 ], [ -96.938430797782615, 32.937349346487665 ], [ -96.938374131800501, 32.937488827294011 ], [ -96.938274908973852, 32.937561343404873 ], [ -96.938329578376766, 32.937663128908703 ], [ -96.938468781118047, 32.93767537650789 ], [ -96.938729888160921, 32.937672782366747 ], [ -96.938877762038302, 32.937676583673245 ], [ -96.939005576964817, 32.937679443500151 ], [ -96.939121130505853, 32.937648009993431 ], [ -96.939270079522885, 32.937612763976944 ], [ -96.939385555525377, 32.937625484409388 ], [ -96.939489595898394, 32.937633225502161 ], [ -96.939623843648079, 32.937702416044147 ], [ -96.939762961693518, 32.937829998629113 ], [ -96.939817603156996, 32.937948171501716 ], [ -96.939858983860844, 32.938024229167617 ], [ -96.939941335477656, 32.93809644554343 ], [ -96.940042641420675, 32.938138145379192 ], [ -96.940128956808095, 32.93818529338953 ], [ -96.940321585411937, 32.938261308294784 ], [ -96.940425815725135, 32.938284429243041 ], [ -96.940574194176648, 32.938321659194081 ], [ -96.94104936078341, 32.938419836366556 ], [ -96.941440395327973, 32.938683539770913 ], [ -96.941536708991208, 32.938785230610954 ], [ -96.941605067107758, 32.938923726259674 ], [ -96.941629171815578, 32.939067273584875 ], [ -96.941642277806309, 32.939169136474305 ], [ -96.94173045555263, 32.939651573507014 ], [ -96.941784366156085, 32.940069057332686 ], [ -96.941908569521686, 32.94101166199971 ], [ -96.942035737868551, 32.941974360782083 ], [ -96.942150736827656, 32.942871008149851 ], [ -96.942284339947534, 32.943850983329369 ], [ -96.942381481512058, 32.944530512314273 ], [ -96.9425243516786, 32.94565301692456 ], [ -96.942525699264991, 32.945907903637412 ], [ -96.942626416842444, 32.946185121613055 ], [ -96.942658835848789, 32.946254361461655 ], [ -96.94268608986475, 32.946308555323839 ], [ -96.94292242079409, 32.946654188661114 ], [ -96.943215034990118, 32.946947860340785 ], [ -96.943411687811221, 32.947122663693357 ], [ -96.943781704268744, 32.94737026258494 ], [ -96.944016807505861, 32.947494101023871 ], [ -96.944154795420815, 32.947553466324749 ], [ -96.944303213301055, 32.947601539183175 ], [ -96.944898624295476, 32.947871160227102 ], [ -96.945140120816561, 32.947942831229348 ], [ -96.945431276913581, 32.947978034509489 ], [ -96.945655493519411, 32.947975706527629 ], [ -96.945931366901434, 32.947939794622734 ], [ -96.946353605572625, 32.947888915899355 ], [ -96.946473768577889, 32.947884601583027 ], [ -96.946633407859935, 32.947888224504368 ], [ -96.94692440525948, 32.947947321667193 ], [ -96.947197141271985, 32.948029981672626 ], [ -96.947434162119009, 32.948069750061038 ], [ -96.9477067164066, 32.948092943744378 ], [ -96.947865989497657, 32.948111198296473 ], [ -96.948109516330746, 32.948122474369704 ], [ -96.948254987255822, 32.948140435646231 ], [ -96.948507621321085, 32.948160268824473 ], [ -96.948682630749417, 32.948155438545527 ], [ -96.948888249838546, 32.948135110326561 ], [ -96.949099168416623, 32.948094478412813 ], [ -96.949204093974586, 32.948062731811156 ], [ -96.94939170740237, 32.948016463777165 ], [ -96.94957750810147, 32.94800603229578 ], [ -96.949740217527008, 32.948042051275152 ], [ -96.949966245625347, 32.948109061417505 ], [ -96.950154940467073, 32.94817458218175 ], [ -96.950281173909829, 32.948236789602177 ], [ -96.950426775885092, 32.948326286553225 ], [ -96.950566184921357, 32.948427999154035 ], [ -96.950694410807245, 32.948492955552105 ], [ -96.951172192734205, 32.948734997926515 ], [ -96.95138545025597, 32.9488211093866 ], [ -96.95177021671509, 32.948966335452276 ], [ -96.951994426828833, 32.94903402635385 ], [ -96.952168244976221, 32.949084101807465 ], [ -96.95244951241223, 32.949190090824196 ], [ -96.952696285760624, 32.949325918430226 ], [ -96.952904786185698, 32.949480911770912 ], [ -96.953069409301762, 32.9496356052883 ], [ -96.953332240106064, 32.949842539795227 ], [ -96.953482524319782, 32.949924265464084 ], [ -96.953805387963598, 32.950054036572638 ], [ -96.95395367066628, 32.950093591252035 ], [ -96.954458324041539, 32.950179490702126 ], [ -96.954940141048183, 32.950243939226461 ], [ -96.955324118223189, 32.950317398594322 ], [ -96.955459820146629, 32.950350941288804 ], [ -96.955608876341969, 32.950390804803384 ], [ -96.955948919278256, 32.95045207596889 ], [ -96.956243232479579, 32.950459413563387 ], [ -96.956569371956746, 32.950426526984209 ], [ -96.956726535626061, 32.950399685325657 ], [ -96.956930094120196, 32.950350454029881 ], [ -96.957065482177882, 32.950321734174636 ], [ -96.957201624988983, 32.950295675992223 ], [ -96.957338614304874, 32.950272969663772 ], [ -96.957522218161941, 32.950247185817155 ], [ -96.957706783332867, 32.950226821362754 ], [ -96.957872564458455, 32.950212966704285 ], [ -96.958272508717101, 32.950243678985402 ], [ -96.958518142862388, 32.950203536463398 ], [ -96.958583385452684, 32.95016492002263 ], [ -96.958626603625049, 32.950109907002023 ], [ -96.958686228549738, 32.950109800459956 ], [ -96.958729320033839, 32.950130047150758 ], [ -96.958765511888501, 32.950158964972069 ], [ -96.958815471813793, 32.950196064623867 ], [ -96.958932245382087, 32.95021337427692 ], [ -96.958978502308796, 32.950198081188745 ], [ -96.959063612572834, 32.950195415342236 ], [ -96.959154958716667, 32.950203906334224 ], [ -96.959274912748242, 32.950220407217515 ], [ -96.959334758106294, 32.950236165613532 ], [ -96.959404260591981, 32.950260174875034 ], [ -96.959514273440917, 32.950303213508718 ], [ -96.959599517387403, 32.950331428917913 ], [ -96.959660882291033, 32.950348207947307 ], [ -96.959733170405954, 32.950342511487392 ], [ -96.959820443609573, 32.950296116445756 ], [ -96.959875868965241, 32.950206691499233 ], [ -96.959935580367713, 32.950035148792374 ], [ -96.960007800592678, 32.949961546790298 ], [ -96.960041352470554, 32.94988755609581 ], [ -96.960131617114982, 32.949742406985081 ], [ -96.960180466302347, 32.949680304695207 ], [ -96.960263907199064, 32.94964306401706 ], [ -96.96028426407419, 32.949633187316358 ], [ -96.960318943749428, 32.949618966415471 ], [ -96.960353050939247, 32.949606171541056 ], [ -96.960387651263261, 32.94959436040498 ], [ -96.960422707953001, 32.949583556001727 ], [ -96.960457037932017, 32.949574065688296 ], [ -96.960548833625296, 32.949557032192168 ], [ -96.960632709721082, 32.949540464463404 ], [ -96.960716239374804, 32.9495226559008 ], [ -96.960799262339577, 32.949503655933462 ], [ -96.960915401062778, 32.949474857356918 ], [ -96.960938065167241, 32.949469412101301 ], [ -96.960958277875548, 32.949463823823201 ], [ -96.960984619498063, 32.949454997689443 ], [ -96.961003872773645, 32.949447372799213 ], [ -96.961022616423037, 32.949438911868079 ], [ -96.961040809477183, 32.949429633329892 ], [ -96.961058406626648, 32.949419559172654 ], [ -96.961076364573614, 32.949408050947689 ], [ -96.961111478612736, 32.949387226110488 ], [ -96.961144190790563, 32.949369378513801 ], [ -96.961192658159504, 32.949345391495797 ], [ -96.961227613625226, 32.949329811890195 ], [ -96.961288462004546, 32.949303829435692 ], [ -96.961318195144543, 32.949290284918682 ], [ -96.961376814215015, 32.949261902005219 ], [ -96.961434217670075, 32.949231818411988 ], [ -96.961462394455381, 32.949216174872852 ], [ -96.961496288143564, 32.94919656233732 ], [ -96.961524195588765, 32.949179118884565 ], [ -96.961547678502527, 32.949165755977447 ], [ -96.961571757413793, 32.94915305971017 ], [ -96.961606971614358, 32.949136247598894 ], [ -96.961632812402485, 32.949125145978996 ], [ -96.961670184472084, 32.94911077847339 ], [ -96.961708406021955, 32.949098064696862 ], [ -96.961733543142515, 32.949090769381968 ], [ -96.961754828990678, 32.949084481729038 ], [ -96.961779120427636, 32.949079501047834 ], [ -96.96180572374108, 32.949077152673851 ], [ -96.96183077036261, 32.949077346455901 ], [ -96.961857319247855, 32.949080103023626 ], [ -96.961881123587375, 32.949084937939951 ], [ -96.961903802155533, 32.949091708849558 ], [ -96.961926756779192, 32.949101247469507 ], [ -96.96197556678446, 32.949125144153648 ], [ -96.962005127850659, 32.949142812819318 ], [ -96.962028094402811, 32.949160906036312 ], [ -96.962040748228929, 32.949172583939351 ], [ -96.962054967851017, 32.949187417056301 ], [ -96.96207282174457, 32.949209796990615 ], [ -96.962088328562714, 32.949234466721038 ], [ -96.962100696096314, 32.949260354038039 ], [ -96.962109797266322, 32.949287261662896 ], [ -96.96211482160173, 32.949311903911735 ], [ -96.962141680541833, 32.949440780649844 ], [ -96.96214639058482, 32.949461038516148 ], [ -96.962152639558894, 32.949480516299161 ], [ -96.962160471467129, 32.949499575299456 ], [ -96.962172454162854, 32.949522679121046 ], [ -96.962183733053706, 32.949540481938051 ], [ -96.962196450291358, 32.949557568365172 ], [ -96.962210558027394, 32.949573860248563 ], [ -96.962227724944057, 32.94959096191009 ], [ -96.962355649324394, 32.949735661476076 ], [ -96.962389628909079, 32.949789599241974 ], [ -96.962419167027832, 32.949824750742373 ], [ -96.962461472641706, 32.949856046365952 ], [ -96.962525989007219, 32.949887617864604 ], [ -96.96265929324484, 32.949979167218522 ], [ -96.962820807404157, 32.950031609308503 ], [ -96.962937277299375, 32.950052269207085 ], [ -96.963053583763596, 32.950082534859042 ], [ -96.963158490843455, 32.950112657084141 ], [ -96.963237594931925, 32.95015207154227 ], [ -96.96330555107798, 32.950226171488104 ], [ -96.96335748344579, 32.95026085850801 ], [ -96.963413518987466, 32.950302527166556 ], [ -96.963466473447298, 32.950345266229363 ], [ -96.963517825760803, 32.95039070562359 ], [ -96.963581870149625, 32.950455324260517 ], [ -96.963636378690595, 32.950505731376253 ], [ -96.963693893643395, 32.950553706152171 ], [ -96.963747152601314, 32.950593769318182 ], [ -96.963819507903324, 32.950643337580807 ], [ -96.963932024224974, 32.950725483116635 ], [ -96.964140447318783, 32.950870264086653 ], [ -96.964276517706409, 32.95097236454756 ], [ -96.964358105973872, 32.951036881545669 ], [ -96.964392262636906, 32.951065465973677 ], [ -96.96444537980247, 32.95110973261464 ], [ -96.964535108582297, 32.951177905086418 ], [ -96.964659992494944, 32.951267928883048 ], [ -96.9647248871713, 32.95131844635371 ], [ -96.964787797986062, 32.951370360729278 ], [ -96.964848891761193, 32.951423798529575 ], [ -96.964908121213398, 32.951478710472436 ], [ -96.964964805493807, 32.951534446925628 ], [ -96.965010481068319, 32.951579646184122 ], [ -96.965060682351506, 32.951622209928871 ], [ -96.965103088560596, 32.951653235297286 ], [ -96.9653128648186, 32.951814797112505 ], [ -96.965524881222521, 32.951980284135459 ], [ -96.965566449399674, 32.95201567590955 ], [ -96.965625302786151, 32.952069620544947 ], [ -96.965677507002169, 32.952122258498335 ], [ -96.96573392233725, 32.952182641437595 ], [ -96.965785169399084, 32.95223101152105 ], [ -96.965846050318831, 32.952283713853106 ], [ -96.965911261435309, 32.952335312340864 ], [ -96.96597412427657, 32.952382913549286 ], [ -96.966039279906553, 32.952433833060503 ], [ -96.966105676166478, 32.952482177571568 ], [ -96.966173877841769, 32.952528442859737 ], [ -96.966263812239944, 32.952585085862687 ], [ -96.966303244870261, 32.952612192454055 ], [ -96.966346481619524, 32.952648310679379 ], [ -96.966385530432945, 32.952687145251829 ], [ -96.966417911043109, 32.952725272723697 ], [ -96.966471913416441, 32.95278370908953 ], [ -96.966517886125999, 32.952827582938838 ], [ -96.966566453064914, 32.952869413441547 ], [ -96.966619168002836, 32.952910406608467 ], [ -96.966895571130394, 32.953133574126987 ], [ -96.966935940302733, 32.953171613963299 ], [ -96.966973927327203, 32.953209708352119 ], [ -96.967010502588636, 32.953248776539631 ], [ -96.96704563580407, 32.953288775765543 ], [ -96.967077879013019, 32.953327948464434 ], [ -96.967142357557208, 32.953397420912154 ], [ -96.967178799382395, 32.953427581209496 ], [ -96.967245206282442, 32.953473102295163 ], [ -96.967350419963623, 32.95353267420338 ], [ -96.967407121613235, 32.953563647327933 ], [ -96.967468783783914, 32.953593131987724 ], [ -96.967533752663286, 32.95362836085998 ], [ -96.967578439860191, 32.953655517231425 ], [ -96.967621517553823, 32.953684317784621 ], [ -96.967671837444058, 32.953720785096188 ], [ -96.967713812711196, 32.953748201180808 ], [ -96.967784353938825, 32.953787458660472 ], [ -96.967840028878882, 32.953811448224911 ], [ -96.967895418586068, 32.953827749224992 ], [ -96.967974394229884, 32.95384540174021 ], [ -96.968042008619662, 32.953871869412218 ], [ -96.968096070458188, 32.953889491502984 ], [ -96.968158482908564, 32.953904012711519 ], [ -96.968217959680644, 32.95391490285165 ], [ -96.968253266528365, 32.951710157425083 ], [ -96.968766008281889, 32.951716701688724 ], [ -96.969880076285918, 32.951730917806003 ], [ -96.970065686358822, 32.949425789755153 ], [ -96.968291291460531, 32.949407644350778 ], [ -96.968323692283377, 32.947500687130372 ], [ -96.968103006842199, 32.947502654666906 ], [ -96.9675677533195, 32.947484756121746 ], [ -96.967609339879345, 32.942565802585541 ], [ -96.967613804519388, 32.942055303119687 ], [ -96.96763142870023, 32.940040486960456 ], [ -96.967633353463043, 32.939820598016851 ], [ -96.967631268657144, 32.938068140932607 ], [ -96.967659268417165, 32.936301551055429 ], [ -96.967660707572989, 32.936136496678365 ], [ -96.967662144584892, 32.935971442271587 ], [ -96.9676635805221, 32.93580638784826 ], [ -96.967665017523245, 32.93564133343461 ], [ -96.967666515602986, 32.935469409130484 ], [ -96.967668011600736, 32.935297481189515 ], [ -96.967669447516087, 32.93513242675219 ], [ -96.967670887656482, 32.934967375069149 ], [ -96.967672323607914, 32.934802317919868 ], [ -96.967673763721962, 32.934637267131713 ], [ -96.96767519829875, 32.934472350654474 ], [ -96.967676635055525, 32.934307431495057 ], [ -96.967678072876211, 32.934142512345396 ], [ -96.967759932574097, 32.928569468863621 ], [ -96.967759794606579, 32.928287207962924 ], [ -96.967761493032626, 32.9273300437589 ], [ -96.967784737290913, 32.925494153586683 ], [ -96.969174181281247, 32.925547634826394 ], [ -96.973469608202848, 32.925715250327592 ], [ -96.991456976093616, 32.925846116927033 ], [ -96.991391323941272, 32.931226663809589 ], [ -96.993427393120072, 32.931240780969347 ], [ -96.993423957680292, 32.933272859191838 ], [ -96.99338492184097, 32.939916173520139 ], [ -96.993358994113848, 32.944229829145634 ], [ -96.991997751287784, 32.944223985687763 ], [ -96.991891486057995, 32.944226811993751 ], [ -96.991775141339673, 32.94426006414664 ], [ -96.991665196990098, 32.944335097136062 ], [ -96.991601357450818, 32.944435897919568 ], [ -96.991582865187397, 32.944554132937093 ], [ -96.991582337389289, 32.946640766341346 ], [ -96.991582148614768, 32.947531601491335 ], [ -96.991484494582622, 32.947613178450929 ], [ -96.98918469059565, 32.94759565584733 ], [ -96.989050983496909, 32.947594636842496 ], [ -96.98890388717291, 32.947598958641116 ], [ -96.988783572637885, 32.947605693904407 ], [ -96.988611506179879, 32.947619530464372 ], [ -96.98843995522013, 32.947638696004326 ], [ -96.988267273664817, 32.947663056012956 ], [ -96.988100378394307, 32.947691958480455 ], [ -96.987944340930255, 32.947723509679754 ], [ -96.987821151773247, 32.947751681359357 ], [ -96.987695086823223, 32.947782134067566 ], [ -96.987500179932326, 32.94783526233666 ], [ -96.987508902288582, 32.948196860731542 ], [ -96.987332111640796, 32.948239268731598 ], [ -96.987244250564487, 32.948275784673271 ], [ -96.987176759035194, 32.948304924204422 ], [ -96.986949061200079, 32.948411877876012 ], [ -96.986775520775609, 32.948503986315757 ], [ -96.986691985568442, 32.948549483138564 ], [ -96.986599987609466, 32.948603268306726 ], [ -96.986453760427793, 32.948695958803867 ], [ -96.986364302157682, 32.94875277795191 ], [ -96.986270534277935, 32.9488191579374 ], [ -96.986211925383046, 32.948862649347653 ], [ -96.986043228609816, 32.94899119883722 ], [ -96.985908878480672, 32.94910388365993 ], [ -96.985822584765629, 32.94918253238459 ], [ -96.985765662779642, 32.949233941953615 ], [ -96.985715213537048, 32.949282528782746 ], [ -96.985662569478777, 32.949334855213714 ], [ -96.985597778662708, 32.949401654542136 ], [ -96.985530410125932, 32.949497773660198 ], [ -96.985475907112999, 32.949542819896386 ], [ -96.985431967226916, 32.949597250630688 ], [ -96.985388596349651, 32.949651994910127 ], [ -96.985345808677934, 32.949707035771937 ], [ -96.985302837981322, 32.949763330728999 ], [ -96.984334114237768, 32.951147624711837 ], [ -96.984221892791069, 32.951304830950505 ], [ -96.984162666316308, 32.951385437556759 ], [ -96.984102660006414, 32.95146553860701 ], [ -96.984041888087816, 32.951545115333516 ], [ -96.983980357609283, 32.951624130843463 ], [ -96.983913104663642, 32.951709795782442 ], [ -96.983843893494054, 32.951779181165612 ], [ -96.983770610762321, 32.951851134251754 ], [ -96.983690523243027, 32.951928221021632 ], [ -96.983621721020214, 32.951993506752586 ], [ -96.983533476102892, 32.952075496033054 ], [ -96.983467048199245, 32.952132799077006 ], [ -96.983387142666714, 32.952199602700631 ], [ -96.983306505314744, 32.952265844506002 ], [ -96.983231906950053, 32.952326060284712 ], [ -96.983143548254972, 32.952396726465601 ], [ -96.983062377843922, 32.952460343435227 ], [ -96.982972932535617, 32.952522486922 ], [ -96.982885481337419, 32.952582242066967 ], [ -96.982789563620386, 32.95264658839907 ], [ -96.982707102829266, 32.952698766972695 ], [ -96.982607492625149, 32.952760400405566 ], [ -96.982525106387385, 32.952810525259736 ], [ -96.982433270948533, 32.952865404281901 ], [ -96.982358567589444, 32.952907523619054 ], [ -96.982227575406313, 32.952972079029628 ], [ -96.982134225122948, 32.953022948511496 ], [ -96.982048735554116, 32.953064806391517 ], [ -96.981974517919554, 32.953099224756279 ], [ -96.981848876871652, 32.953153493961132 ], [ -96.98177852232773, 32.953188449007804 ], [ -96.981947024152646, 32.95347452126807 ], [ -96.98146847659558, 32.953578873022828 ], [ -96.980899545570338, 32.953698055636806 ], [ -96.980240287554693, 32.953853612053507 ], [ -96.979608797963948, 32.954023302796166 ], [ -96.979404197315873, 32.954082172513246 ], [ -96.979236081509896, 32.954138034774267 ], [ -96.976787843430657, 32.954994789731217 ], [ -96.976593957776842, 32.955040774271701 ], [ -96.975077751686683, 32.955556983304739 ], [ -96.974819378068602, 32.955637024957475 ], [ -96.974636448340021, 32.955685510757718 ], [ -96.974406703890594, 32.955737311159176 ], [ -96.974172902965975, 32.955779900946531 ], [ -96.973973511490485, 32.955808117090854 ], [ -96.973773555588068, 32.955829473426988 ], [ -96.973549720868164, 32.955845018231713 ], [ -96.973380250393404, 32.955851022915823 ], [ -96.973137033984671, 32.955851024399131 ], [ -96.972883984748577, 32.955840139908645 ], [ -96.972692060406217, 32.955824396204051 ], [ -96.972535042055071, 32.95580676676596 ], [ -96.972359091174553, 32.955781746690484 ], [ -96.972139808165409, 32.95574284701938 ], [ -96.971944499697273, 32.955700363744128 ], [ -96.971680979279753, 32.955631504611155 ], [ -96.968221675951625, 32.954613872380634 ], [ -96.96822025585513, 32.954236556079636 ], [ -96.968214969764929, 32.95399122397226 ], [ -96.968078660720778, 32.953966341513471 ], [ -96.967960934315258, 32.953930019605728 ], [ -96.967848797381919, 32.953896668610732 ], [ -96.96772112130185, 32.953852193666584 ], [ -96.967603453693727, 32.953785472927613 ], [ -96.967499954778461, 32.95371413007792 ], [ -96.967316220220155, 32.953612541852891 ], [ -96.967104172948893, 32.953485876012564 ], [ -96.966940276122855, 32.953326965230993 ], [ -96.966839018477913, 32.953216496397175 ], [ -96.966496635290554, 32.952932642701732 ], [ -96.96639141739162, 32.95284157317456 ], [ -96.966297854670032, 32.95274221341846 ], [ -96.96622362532662, 32.952668616975643 ], [ -96.966090951535989, 32.952579382759886 ], [ -96.965982797650923, 32.952504023789281 ], [ -96.965850695366683, 32.952403006793212 ], [ -96.965717936434814, 32.95229594609382 ], [ -96.965627029850879, 32.952211419495363 ], [ -96.965556812464939, 32.952137543755548 ], [ -96.965456970716787, 32.952043451532425 ], [ -96.965222590611447, 32.951857967206024 ], [ -96.964985933315873, 32.951676043002244 ], [ -96.964896745237937, 32.951599523289616 ], [ -96.964781436206295, 32.951487129000618 ], [ -96.964694923118856, 32.951409664444959 ], [ -96.964604185743681, 32.951335909568982 ], [ -96.96444974725253, 32.951222342801628 ], [ -96.964358931604067, 32.951153309994162 ], [ -96.964270538822021, 32.951079351977071 ], [ -96.964192987782965, 32.951016864344354 ], [ -96.964058138159487, 32.950913210448086 ], [ -96.963847525312445, 32.950763315660055 ], [ -96.963734131256004, 32.950678491422565 ], [ -96.963658787276017, 32.950625527603563 ], [ -96.963601123093653, 32.950581097219505 ], [ -96.963538225867055, 32.950527361467373 ], [ -96.963478693118176, 32.950470964197741 ], [ -96.963393935405989, 32.950385976907825 ], [ -96.963292252859787, 32.950301614158562 ], [ -96.963191751785445, 32.950222287642958 ], [ -96.963120995524633, 32.950181028940705 ], [ -96.96303629551322, 32.950144284429769 ], [ -96.9629044534678, 32.950122167817739 ], [ -96.962760764733773, 32.95010817526876 ], [ -96.962656013767841, 32.950092484941536 ], [ -96.962536664312879, 32.950037189875808 ], [ -96.962424215669628, 32.949960696954577 ], [ -96.962348986372234, 32.949885557057243 ], [ -96.962276236522442, 32.949771554422234 ], [ -96.962119680947239, 32.949626965845304 ], [ -96.962078627098094, 32.949582610790465 ], [ -96.962052092800548, 32.949545801625227 ], [ -96.96202833943812, 32.949501124383538 ], [ -96.962009026053181, 32.949448212633996 ], [ -96.961971944968738, 32.949299891097404 ], [ -96.96193720003825, 32.949228699538622 ], [ -96.961829795890282, 32.949161543410852 ], [ -96.961742510167227, 32.94916554974278 ], [ -96.961663357947955, 32.949194337684538 ], [ -96.961564024315152, 32.949248222319596 ], [ -96.961514291738638, 32.949277069498933 ], [ -96.961442339468306, 32.949315708315567 ], [ -96.961368140541651, 32.949351651542074 ], [ -96.961279671765865, 32.949390677936584 ], [ -96.961211661378812, 32.94942474580121 ], [ -96.961161347708483, 32.949454703111947 ], [ -96.961118033962634, 32.949479742249899 ], [ -96.961070335961239, 32.949501554354278 ], [ -96.961025563908279, 32.949517559208019 ], [ -96.960752588005647, 32.949614281102328 ], [ -96.960586493933533, 32.949662543887534 ], [ -96.960364627517052, 32.949699377496103 ], [ -96.960295220228389, 32.949725281692075 ], [ -96.960195647703856, 32.949816635116917 ], [ -96.96015213747296, 32.94991976654871 ], [ -96.960165683362249, 32.950033266940423 ], [ -96.960137280174095, 32.950114323610187 ], [ -96.960080887667857, 32.950244995687278 ], [ -96.960035693780057, 32.950311683255407 ], [ -96.959970707674614, 32.950369169450283 ], [ -96.95988746947819, 32.950418759380931 ], [ -96.959777457790125, 32.950452585963745 ], [ -96.959647447196318, 32.950457050240416 ], [ -96.959530621052409, 32.950439231945303 ], [ -96.959398629842113, 32.950382910832126 ], [ -96.959312061529573, 32.950349411843817 ], [ -96.959133885815305, 32.950289048833753 ], [ -96.959013428956979, 32.950285766078537 ], [ -96.958898402054515, 32.950278172574301 ], [ -96.958793621484247, 32.950250438333541 ], [ -96.958725211986334, 32.950216986785676 ], [ -96.958661196821282, 32.950171245329038 ], [ -96.958571693692505, 32.950222628315828 ], [ -96.95842393664114, 32.950257102365725 ], [ -96.95833602306304, 32.950304541025446 ], [ -96.958198063113812, 32.950299079280796 ], [ -96.957927712852467, 32.950301016744554 ], [ -96.957769572445699, 32.950311678650635 ], [ -96.95747962414066, 32.950341986970102 ], [ -96.957321305780084, 32.950364024411705 ], [ -96.957148364692117, 32.950397469926571 ], [ -96.956989438462742, 32.950434064122476 ], [ -96.956819912482985, 32.950473476026822 ], [ -96.956667901809567, 32.95050981455438 ], [ -96.956488148830047, 32.950537581226463 ], [ -96.956336723473314, 32.950547565114938 ], [ -96.956188353825482, 32.950541616827785 ], [ -96.956013132519814, 32.950546521815646 ], [ -96.955839578872443, 32.950525412220969 ], [ -96.95567665163685, 32.95048891248431 ], [ -96.955518658151391, 32.950443204015251 ], [ -96.955371632543333, 32.950419943302478 ], [ -96.955045609624278, 32.950356589667841 ], [ -96.954861857113016, 32.95031505057414 ], [ -96.954688558280822, 32.950287040322422 ], [ -96.954515102577545, 32.950267658118058 ], [ -96.954253044263467, 32.95021923032477 ], [ -96.954007753899901, 32.950165773638318 ], [ -96.953853175300381, 32.950121532209756 ], [ -96.953669958008547, 32.950076170341987 ], [ -96.953514276945455, 32.950023225043132 ], [ -96.953365292744706, 32.949960336308308 ], [ -96.953238941962923, 32.949877451967609 ], [ -96.953086271, 32.949756928388723 ], [ -96.952981878778871, 32.949671147152287 ], [ -96.952850763775757, 32.949546409408484 ], [ -96.952723809163857, 32.949425101688668 ], [ -96.952333604516312, 32.949216432153257 ], [ -96.952009896492683, 32.949133308039897 ], [ -96.951857487944068, 32.949079697812863 ], [ -96.951705085996664, 32.949026087478764 ], [ -96.951542615114349, 32.948963735102254 ], [ -96.951386119302569, 32.948906363092419 ], [ -96.951075486122036, 32.948785549175092 ], [ -96.950626033494615, 32.948582592460163 ], [ -96.950477456625094, 32.948493677454387 ], [ -96.950325358033069, 32.948422833043907 ], [ -96.95018363119172, 32.948343498944887 ], [ -96.950021156215854, 32.948281144499163 ], [ -96.949868907577468, 32.948218914369043 ], [ -96.949715565175367, 32.948146705389505 ], [ -96.949548468564828, 32.948098173892568 ], [ -96.949362670893166, 32.948108604468743 ], [ -96.949175050790998, 32.948154875083731 ], [ -96.949070128258668, 32.948186625307265 ], [ -96.948859203078513, 32.948227254386431 ], [ -96.948653587071931, 32.948247577186962 ], [ -96.948478583892467, 32.948252406603281 ], [ -96.948225942037382, 32.94823257597826 ], [ -96.94808047524468, 32.948214614721309 ], [ -96.947836948098711, 32.948203342198219 ], [ -96.947677673841739, 32.948185083989067 ], [ -96.947405120252824, 32.948161895666018 ], [ -96.947168099314553, 32.948122119107524 ], [ -96.946886137682071, 32.94803948473259 ], [ -96.946642161666375, 32.947991811843799 ], [ -96.946370576172299, 32.947985560111213 ], [ -96.946118703162156, 32.948016781230365 ], [ -96.945955321054143, 32.94803765427892 ], [ -96.945757882509042, 32.948063824797941 ], [ -96.945608075772981, 32.948084866745511 ], [ -96.945434904711746, 32.94808270610384 ], [ -96.945143443359612, 32.948047566669608 ], [ -96.944867996575184, 32.947971112140678 ], [ -96.944514133311998, 32.947814926162174 ], [ -96.944278311448471, 32.947706031358841 ], [ -96.944129658507734, 32.947661222208474 ], [ -96.943887048774684, 32.94755223917749 ], [ -96.943678641456842, 32.947429369814799 ], [ -96.943507433882857, 32.947315552707117 ], [ -96.943386706810173, 32.947228137787604 ], [ -96.943174292438414, 32.947043647685305 ], [ -96.942877229129493, 32.946747857670587 ], [ -96.942619183004823, 32.946358056564698 ], [ -96.942474453627767, 32.945994011982158 ], [ -96.942475385687189, 32.945747758771596 ], [ -96.942327077973445, 32.944621968156888 ], [ -96.942110005474063, 32.943061494583709 ], [ -96.941973119301764, 32.942058978376508 ], [ -96.941832486337105, 32.941076459670946 ], [ -96.941720354535477, 32.940211704442923 ], [ -96.941652593952057, 32.939719757094153 ], [ -96.941564220894648, 32.939241875756117 ], [ -96.941520817065722, 32.939006524474145 ], [ -96.941455332161439, 32.938868255928668 ], [ -96.941361830085242, 32.938778314058922 ], [ -96.940960571332553, 32.938528711709019 ], [ -96.94057831913905, 32.938390573479552 ], [ -96.940430107257441, 32.938353170652235 ], [ -96.940317116550943, 32.938330629980442 ], [ -96.940120777061466, 32.938249233874835 ], [ -96.940024111931834, 32.938197990608387 ], [ -96.939925870657774, 32.938161184959917 ], [ -96.939838541685063, 32.938103943593092 ], [ -96.939809840106832, 32.938049105852869 ], [ -96.939785696083021, 32.937997661308664 ], [ -96.93974565140266, 32.937913220067401 ], [ -96.939701654220514, 32.937865971403902 ], [ -96.939605105515895, 32.937770815817188 ], [ -96.939525654281368, 32.937715342310639 ], [ -96.93935026333223, 32.937717035034893 ], [ -96.939129020333709, 32.937739800379155 ], [ -96.938925434442808, 32.937787634811208 ], [ -96.938710000036764, 32.937790125369105 ], [ -96.938414996316936, 32.937768266181152 ], [ -96.938350416913167, 32.937778556300792 ], [ -96.938269546539502, 32.937781657850657 ], [ -96.938208152037006, 32.93775064929433 ], [ -96.938169960266848, 32.937697938809677 ], [ -96.938164653180905, 32.937629147584225 ], [ -96.938229676652441, 32.937530819768504 ], [ -96.938337097839309, 32.937432203603485 ], [ -96.938345959390304, 32.937345189464523 ], [ -96.938274344236859, 32.937290235464374 ], [ -96.938194465264147, 32.937268191822902 ], [ -96.938100604014551, 32.93726707995873 ], [ -96.938007718007896, 32.937295092645478 ], [ -96.937930358386723, 32.937346711446757 ], [ -96.937888555895739, 32.937400333661842 ], [ -96.937992457567006, 32.937780930969424 ], [ -96.937949710088503, 32.937986569023408 ], [ -96.93789577124393, 32.93808760610392 ], [ -96.937826109934505, 32.938155457249138 ], [ -96.937769637534316, 32.938215228594551 ], [ -96.937710146045859, 32.938261213507381 ], [ -96.937631390500528, 32.938290467374905 ], [ -96.937562979545319, 32.938300145350816 ], [ -96.93749583728443, 32.938300473885057 ], [ -96.937434343723979, 32.938277743139217 ], [ -96.937346203619839, 32.938194052472589 ], [ -96.93729140009269, 32.938113979870188 ], [ -96.937297704205761, 32.938013575693802 ], [ -96.937290712039299, 32.937900897631643 ], [ -96.937281868433189, 32.937835268248698 ], [ -96.937255415721722, 32.937711193174458 ], [ -96.937230380238802, 32.937628403157817 ], [ -96.93716971421928, 32.937479687372957 ], [ -96.937082289536121, 32.937461529334762 ], [ -96.936958667986744, 32.937459980999748 ], [ -96.93687855757706, 32.937425665978957 ], [ -96.936753281496152, 32.937225695129968 ], [ -96.93664542838151, 32.937193982825583 ], [ -96.936569612904421, 32.937277815260146 ], [ -96.936529121942939, 32.937335013285093 ], [ -96.936572399951302, 32.937405689015172 ], [ -96.936600714734098, 32.937463774025105 ], [ -96.936553628531158, 32.937545652727962 ], [ -96.936497829511978, 32.937596756591908 ], [ -96.936436012415399, 32.937688981839763 ], [ -96.936465867568188, 32.937805831403196 ], [ -96.936549467997068, 32.937966196596008 ], [ -96.936486230529596, 32.938039625602428 ], [ -96.936413705529034, 32.938085449026978 ], [ -96.936315388616791, 32.938114453835681 ], [ -96.93618808182876, 32.938123853539963 ], [ -96.936039516090986, 32.938101892351135 ], [ -96.935875770390751, 32.938086943856398 ], [ -96.935734641381003, 32.93795596753457 ], [ -96.935683414850502, 32.93790309529988 ], [ -96.935674655194319, 32.937845255642678 ], [ -96.935672417315686, 32.937787498783351 ], [ -96.935784618654949, 32.937557432587795 ], [ -96.935879200652892, 32.937523437997598 ], [ -96.935964477744207, 32.937494273428683 ], [ -96.936050481661951, 32.937423878591034 ], [ -96.936134337872204, 32.937290231803033 ], [ -96.936165443455153, 32.937219299210767 ], [ -96.936175924747374, 32.937150554557469 ], [ -96.93618672254658, 32.937027349090414 ], [ -96.936193312997233, 32.93692363586046 ], [ -96.936138378862893, 32.936866936497566 ], [ -96.936009735318265, 32.936826996156007 ], [ -96.935856198740765, 32.936834090123853 ], [ -96.93575260991382, 32.936935789000032 ], [ -96.935687516392008, 32.93705878522983 ], [ -96.935542808265197, 32.937136564192819 ], [ -96.93540271927003, 32.937192725661752 ], [ -96.935302729766249, 32.937241434998505 ], [ -96.9352870200198, 32.937329906993519 ], [ -96.935231993293002, 32.937560189489332 ], [ -96.935196095346811, 32.937772730175844 ], [ -96.93515895030059, 32.937887967321991 ], [ -96.935066610229427, 32.938193377302142 ], [ -96.93500884487824, 32.938311269398639 ], [ -96.934895602592889, 32.938463819838063 ], [ -96.934762914442899, 32.938666953274371 ], [ -96.934601005301076, 32.93887999652727 ], [ -96.934489304862765, 32.938971067282424 ], [ -96.934358110065332, 32.939100629506179 ], [ -96.934266984020468, 32.939158205064928 ], [ -96.934182912490158, 32.939211440001387 ], [ -96.934103723626947, 32.939300060037823 ], [ -96.934038524697996, 32.939399084321963 ], [ -96.933994158952302, 32.939466704783776 ], [ -96.933847289402678, 32.939742338533705 ], [ -96.933758591494666, 32.939962986869062 ], [ -96.93372163787572, 32.940056291810741 ], [ -96.933602745821759, 32.940255113246479 ], [ -96.933541197631854, 32.940321332405489 ], [ -96.933395162406384, 32.940451118294405 ], [ -96.933265999792084, 32.940559725872212 ], [ -96.933154615625398, 32.940676919332482 ], [ -96.933064491205513, 32.940780826361795 ], [ -96.932901117842846, 32.940952727844532 ], [ -96.932843454436664, 32.941096270247165 ], [ -96.932832918912794, 32.941221710925426 ], [ -96.932833190694083, 32.941416365807058 ], [ -96.93284858244327, 32.941510059303845 ], [ -96.932901053565999, 32.941641874416071 ], [ -96.93297710863645, 32.941795149215331 ], [ -96.933118331440767, 32.942000210829114 ], [ -96.93340539254298, 32.942390662538024 ], [ -96.933661875076666, 32.94286976632867 ], [ -96.933746336606603, 32.94306035773787 ], [ -96.933802503428424, 32.943210015144437 ], [ -96.933858764997254, 32.943446697916123 ], [ -96.933863325182955, 32.94358508575629 ], [ -96.933851522803593, 32.943723318403514 ], [ -96.933809628033785, 32.943906097216598 ], [ -96.933801480484817, 32.944049712335861 ], [ -96.933801073010287, 32.944166759223179 ], [ -96.933822025797483, 32.944296469431023 ], [ -96.933881256892207, 32.944534755177202 ], [ -96.93396129622873, 32.944768795662483 ], [ -96.934035699344577, 32.944940196933715 ], [ -96.934101735564198, 32.945051784605667 ], [ -96.934178143371639, 32.945168749838729 ], [ -96.934195731534388, 32.945229560429738 ], [ -96.934274035955511, 32.945323238066671 ], [ -96.934317913557678, 32.945437931051544 ], [ -96.934348098662198, 32.945488118631758 ], [ -96.9344167483505, 32.945584484253246 ], [ -96.934463680750994, 32.945659321897118 ], [ -96.934488052225731, 32.945717328897992 ], [ -96.934563664144292, 32.945824252055132 ], [ -96.934591408669192, 32.945882180561789 ], [ -96.934632537912421, 32.945983681091811 ], [ -96.934654326868028, 32.946075250415909 ], [ -96.934661354292643, 32.946174220132335 ], [ -96.934725338706272, 32.946278107402833 ], [ -96.934749596867192, 32.946377651647012 ], [ -96.934804769839815, 32.946491576325613 ], [ -96.934833818732173, 32.946569656934955 ], [ -96.934869945276759, 32.946666765410264 ], [ -96.934923914720841, 32.946729021396422 ], [ -96.934953088408221, 32.946781889174183 ], [ -96.935037712032354, 32.946924747706582 ], [ -96.935122606959368, 32.947009160272486 ], [ -96.935167553073228, 32.947052283580149 ], [ -96.935246016505133, 32.947112043063377 ], [ -96.935304249666899, 32.947167365420391 ], [ -96.935430830319078, 32.947262366476309 ], [ -96.935562005798772, 32.947333973944026 ], [ -96.935646086491658, 32.94736642568666 ], [ -96.935770346668733, 32.947400068187818 ], [ -96.935874243747264, 32.9474101381496 ], [ -96.935990664374017, 32.947397443503206 ], [ -96.936095390515234, 32.947369648483836 ], [ -96.936266979619106, 32.947345794240491 ], [ -96.93648679893488, 32.947326976965279 ], [ -96.936769425412379, 32.9473277726931 ], [ -96.936861462606828, 32.947328049027725 ], [ -96.937010385734865, 32.947337858620386 ], [ -96.937158848746179, 32.947360833578479 ], [ -96.937310139061665, 32.947395444030711 ], [ -96.937423842928155, 32.947435108820919 ], [ -96.937638434535259, 32.947535335778461 ], [ -96.937821841392775, 32.947629068202097 ], [ -96.938015974919296, 32.94769310456774 ], [ -96.938102880023166, 32.947736638291808 ], [ -96.938222190580419, 32.947813625511394 ], [ -96.93851787218621, 32.948054183523936 ], [ -96.938623012551105, 32.948135772805834 ], [ -96.938719757963497, 32.948198202405912 ], [ -96.938879863881766, 32.94828394534364 ], [ -96.938995050218267, 32.948361834330143 ], [ -96.939120541954622, 32.948487743069549 ], [ -96.9391587540009, 32.948534075160453 ], [ -96.939330444324099, 32.948814696704204 ], [ -96.939504235421666, 32.949116574060632 ], [ -96.939584781683124, 32.94927853366881 ], [ -96.939640010061112, 32.949404581863668 ], [ -96.939695573845498, 32.94953752743104 ], [ -96.939751759504219, 32.949718431023939 ], [ -96.939749517576757, 32.949795659462424 ], [ -96.939691814773099, 32.949918246024687 ], [ -96.939678030672155, 32.950072648655429 ], [ -96.939655037344664, 32.950141443313001 ], [ -96.939566299120443, 32.950284956571373 ], [ -96.939509781790264, 32.950361659447772 ], [ -96.939345067944586, 32.950553863168572 ], [ -96.939250893919592, 32.950682000216027 ], [ -96.939179087574203, 32.950801200918541 ], [ -96.939070265423567, 32.951055523645621 ], [ -96.939019142662076, 32.951243668262101 ], [ -96.9389203228626, 32.95193329323596 ], [ -96.938887053535808, 32.952153879043301 ], [ -96.939022085630938, 32.952496063137595 ], [ -96.939176073004717, 32.952665158866147 ], [ -96.939428197617218, 32.95289120280529 ], [ -96.939745535613696, 32.953166818506915 ], [ -96.939980406333717, 32.953434441815013 ], [ -96.940337577771942, 32.953794136144509 ], [ -96.94050759700481, 32.953991293111976 ], [ -96.940644823784879, 32.954174105131294 ], [ -96.940928890595174, 32.954463235570373 ], [ -96.941333667727378, 32.954934967200877 ], [ -96.941813336186172, 32.955437038544218 ], [ -96.942332218749812, 32.955910015983861 ], [ -96.942887981357842, 32.956215778760132 ], [ -96.943339962421945, 32.956976323123882 ], [ -96.943724673375144, 32.957758505243291 ], [ -96.943803224948155, 32.958579064193863 ], [ -96.943968629386262, 32.959392715920664 ], [ -96.94402368930821, 32.96047453622954 ], [ -96.944132315887714, 32.961225077230971 ], [ -96.944076943877505, 32.962054606558858 ], [ -96.943944659607581, 32.962612717762916 ], [ -96.944106220674826, 32.96287911578262 ], [ -96.944140901248886, 32.963152644436256 ], [ -96.944125600137397, 32.963455275469137 ], [ -96.944153899077321, 32.963693616347896 ], [ -96.944255393274233, 32.963712370371525 ], [ -96.944799177799908, 32.964374910677584 ], [ -96.944841071163296, 32.96442595044865 ], [ -96.944896785171025, 32.964665610891331 ], [ -96.944924765181511, 32.964785967085859 ], [ -96.945015921722899, 32.96604268179744 ], [ -96.945006889518396, 32.966549965049715 ], [ -96.943803690151483, 32.967476871337048 ], [ -96.943350619889145, 32.967471212596948 ], [ -96.943192331303734, 32.967586844087002 ], [ -96.94282194867705, 32.967816167884806 ], [ -96.942608597652978, 32.967953871700999 ], [ -96.942344073964762, 32.968173003438125 ], [ -96.942284290611454, 32.968234025120907 ], [ -96.94222824999224, 32.968297527775192 ], [ -96.942184939094574, 32.96835100534264 ], [ -96.942106103197716, 32.968462145154874 ], [ -96.942044958365472, 32.96856507517996 ], [ -96.941980521034111, 32.968671420973479 ], [ -96.942054738621181, 32.966869594706438 ], [ -96.9398648372769, 32.96688221154443 ], [ -96.939894988534761, 32.965125549167759 ], [ -96.94374116896617, 32.965186593837018 ], [ -96.943636404716031, 32.964708246146273 ], [ -96.943580905895772, 32.96430545302379 ], [ -96.943394161533334, 32.963808724099195 ], [ -96.943338797408614, 32.963399336923196 ], [ -96.943214466347271, 32.962909982859735 ], [ -96.943204737268402, 32.962573678965093 ], [ -96.943253105930225, 32.962046923439061 ], [ -96.943270878371465, 32.961480260965061 ], [ -96.943330120104733, 32.961223896846761 ], [ -96.943311420637542, 32.960953419300097 ], [ -96.943332734056654, 32.960630663594515 ], [ -96.943368056154725, 32.960400390076359 ], [ -96.943388615920156, 32.96012049111868 ], [ -96.943417045592014, 32.959837403051765 ], [ -96.943422606118219, 32.959521051475932 ], [ -96.943382653333444, 32.959125038681201 ], [ -96.943365344585672, 32.958775457835905 ], [ -96.943321910622032, 32.958577156551947 ], [ -96.943303794602031, 32.958273702961911 ], [ -96.943175179801429, 32.958028204518804 ], [ -96.943107157362263, 32.957761746287751 ], [ -96.942962039467403, 32.957459698145975 ], [ -96.942808477116301, 32.95713869735782 ], [ -96.942633316271127, 32.956850339288998 ], [ -96.942356406207793, 32.95654045603311 ], [ -96.942323496496144, 32.956511869387036 ], [ -96.941926215941749, 32.956130604063127 ], [ -96.9414654489551, 32.955656811443085 ], [ -96.941175811524502, 32.955231304542089 ], [ -96.940931237119969, 32.954911851100817 ], [ -96.940569388556781, 32.95459089876141 ], [ -96.940170221428602, 32.954170614035519 ], [ -96.93994805609583, 32.953910745097247 ], [ -96.939656958361539, 32.95357092246968 ], [ -96.939309922857831, 32.953296291937797 ], [ -96.939033748568349, 32.952996200176607 ], [ -96.938713688536055, 32.952524171262745 ], [ -96.938514965218275, 32.952264598768672 ], [ -96.938488246344889, 32.952007176342384 ], [ -96.938502823980016, 32.951908071894181 ], [ -96.938642124803451, 32.951207363328841 ], [ -96.938684704289656, 32.951035190820647 ], [ -96.938850332233784, 32.950813048305605 ], [ -96.939470320224075, 32.950191974692387 ], [ -96.939581466519044, 32.950046952783794 ], [ -96.93962842359015, 32.949846208566136 ], [ -96.939598759841672, 32.949681113644552 ], [ -96.939526807625839, 32.949451431808946 ], [ -96.939390357596309, 32.949184347555459 ], [ -96.93922229998833, 32.948861970488153 ], [ -96.939010030951053, 32.948584769952085 ], [ -96.938709661467158, 32.948302803318015 ], [ -96.938399524408425, 32.948033521345664 ], [ -96.938185323747817, 32.947866119180567 ], [ -96.937916352550516, 32.947725503537896 ], [ -96.93761464738617, 32.947593594090577 ], [ -96.937420865072454, 32.947499674409421 ], [ -96.93720472422325, 32.947442043211964 ], [ -96.936956167853239, 32.947374859717797 ], [ -96.936782497895777, 32.947372680771323 ], [ -96.936532320390626, 32.947396998878048 ], [ -96.93634729719642, 32.947422127917669 ], [ -96.936194671141379, 32.94745682661604 ], [ -96.935977561595038, 32.947454101293161 ], [ -96.93570665657613, 32.947423242775812 ], [ -96.935469128383517, 32.947347048619449 ], [ -96.93526432207895, 32.947262122434616 ], [ -96.935039271184806, 32.947094582983112 ], [ -96.934825227998545, 32.946918025330525 ], [ -96.93474210586588, 32.946706505966283 ], [ -96.934704986713712, 32.946567881429793 ], [ -96.934670802472823, 32.94644023197516 ], [ -96.934576671185823, 32.946237728422012 ], [ -96.934452385280522, 32.945897570628297 ], [ -96.934291108471797, 32.945580715536536 ], [ -96.934111433251829, 32.945303944724053 ], [ -96.933963831233683, 32.945055010745428 ], [ -96.933839552485708, 32.94471485593602 ], [ -96.93371219856229, 32.944548533930991 ], [ -96.933664605304543, 32.944530914036612 ], [ -96.933684228069168, 32.943963476895775 ], [ -96.933703924596315, 32.943788892377242 ], [ -96.933719629000919, 32.943514574408091 ], [ -96.933657894289084, 32.943321634293092 ], [ -96.933575970960902, 32.943070013493433 ], [ -96.933482971856947, 32.942803473940408 ], [ -96.933324196905915, 32.942572698986744 ], [ -96.933197517876849, 32.942369782181999 ], [ -96.933113891458021, 32.942185717985993 ], [ -96.933039850634358, 32.942074966098644 ], [ -96.932923517867295, 32.941899636532895 ], [ -96.932851097126644, 32.94169740454219 ], [ -96.932788724394499, 32.941541064870165 ], [ -96.932770246545871, 32.941357802826097 ], [ -96.932773484018824, 32.94117482839053 ], [ -96.932831484533622, 32.940965088161008 ], [ -96.93292073023413, 32.94082895621122 ], [ -96.933020385075437, 32.940720386390019 ], [ -96.933142699042321, 32.940557211905386 ], [ -96.93326453263802, 32.940421472443887 ], [ -96.933396403995971, 32.940331630474155 ], [ -96.933506254976848, 32.940259780341961 ], [ -96.933595182685849, 32.940141954275745 ], [ -96.933651558210897, 32.940023717057223 ], [ -96.933687811027383, 32.939882038984088 ], [ -96.933772027077453, 32.939651493726444 ], [ -96.933842915979, 32.939526919060157 ], [ -96.933889885166678, 32.939459967219065 ], [ -96.933920757683708, 32.939397643577507 ], [ -96.93393737893561, 32.939364066483357 ], [ -96.934019039368167, 32.939278254566986 ], [ -96.934146814875376, 32.939173716197629 ], [ -96.934320720008444, 32.939050461339477 ], [ -96.934437565556649, 32.938916837051416 ], [ -96.934530675757813, 32.938831154267049 ], [ -96.934647002683874, 32.938726479642519 ], [ -96.934987962214706, 32.938219342535646 ], [ -96.9350843061479, 32.937950366422236 ], [ -96.935223554044256, 32.937293207903402 ], [ -96.935226280602066, 32.937138860454887 ], [ -96.935229658769259, 32.937105953803844 ], [ -96.935240113566593, 32.937003935117836 ], [ -96.935243351401667, 32.936820642217768 ], [ -96.935222848746562, 32.936685291894847 ], [ -96.935225575382461, 32.936530939024365 ], [ -96.935216855218059, 32.936376436953076 ], [ -96.9352077966698, 32.936241213235078 ], [ -96.93521035240525, 32.9360965355894 ], [ -96.935191548113153, 32.935864692524554 ], [ -96.935194104453615, 32.935719981509529 ], [ -96.935174113267692, 32.935555696530372 ], [ -96.935176158601692, 32.935439913828233 ], [ -96.935178373794088, 32.935314515402489 ], [ -96.935227053727687, 32.93515107860599 ], [ -96.935286843441261, 32.935007091908744 ], [ -96.935382070277427, 32.934860877055442 ], [ -96.935532224276287, 32.934785567553163 ], [ -96.935714997294795, 32.934807162614518 ], [ -96.935901001976418, 32.934836842926174 ], [ -96.93597755650147, 32.934849060731338 ], [ -96.936170595023114, 32.934938326349716 ], [ -96.936375083616909, 32.935027748915857 ], [ -96.936400520216509, 32.935040223997923 ], [ -96.936556668813125, 32.935116864747684 ], [ -96.936750221405916, 32.935177186739949 ], [ -96.936966496403031, 32.935247445663251 ], [ -96.937148262299885, 32.935326923385979 ], [ -96.937353253914409, 32.935387390647598 ], [ -96.937546630997701, 32.935457362210954 ], [ -96.937694907137001, 32.935488173776015 ], [ -96.937900759826988, 32.935500399325115 ], [ -96.938141455739853, 32.935484112245796 ], [ -96.938382657171005, 32.93543890172689 ], [ -96.938578415946225, 32.935373806985261 ], [ -96.938798257030157, 32.935241469641561 ], [ -96.938971466760492, 32.93515680367522 ], [ -96.939122639289891, 32.935023602533846 ], [ -96.939262190474508, 32.934899901418092 ], [ -96.939448722920588, 32.934709250015359 ], [ -96.939601239271568, 32.934498886939146 ], [ -96.939729518665715, 32.934365394697899 ], [ -96.939836771283908, 32.934125498095618 ], [ -96.939919610347459, 32.933972159345771 ], [ -96.940003288356664, 32.933770557805978 ], [ -96.940074509594126, 32.933626706643565 ], [ -96.940179002634821, 32.933415510594564 ], [ -96.940252501899906, 32.933160471079461 ], [ -96.940257417096063, 32.932881316402771 ], [ -96.940259260094123, 32.93277664432955 ], [ -96.940231251498275, 32.932675912252513 ], [ -96.940168402289856, 32.932449744283652 ], [ -96.940104113909101, 32.932181362898092 ], [ -96.940040658275876, 32.932087693375479 ], [ -96.939518376046024, 32.9317228766567 ], [ -96.939100557798454, 32.931527616975309 ], [ -96.938654226674814, 32.931282432786993 ], [ -96.937955401820716, 32.930910154507906 ], [ -96.937371821181358, 32.930671509430574 ], [ -96.93704156856262, 32.930510391280777 ], [ -96.936813718831388, 32.930392109697344 ], [ -96.936537608935026, 32.930208021812277 ], [ -96.936325765234784, 32.930097188783598 ], [ -96.936168930949648, 32.930059357648446 ], [ -96.935916898711369, 32.930053074463821 ], [ -96.93570923514163, 32.930053585510869 ], [ -96.93548328724556, 32.930041362618823 ], [ -96.935253504588502, 32.93003536025126 ], [ -96.935053389014215, 32.930029713050587 ], [ -96.934710919281997, 32.930018499587604 ], [ -96.934481515958865, 32.929990613249153 ], [ -96.934200723903103, 32.929933932215846 ], [ -96.933964471106108, 32.929874704369674 ], [ -96.933925397158802, 32.929860009087356 ], [ -96.933758209329795, 32.929797098165444 ], [ -96.933581656921135, 32.929716742846537 ], [ -96.93345693690712, 32.929640155214841 ], [ -96.933358774826175, 32.929529528257547 ], [ -96.933205404716873, 32.929396331204934 ], [ -96.933114724352933, 32.929282664049261 ], [ -96.933061054126284, 32.929172601918985 ], [ -96.933042076436152, 32.929070253627977 ], [ -96.93301143223303, 32.928904840189013 ], [ -96.933004222525454, 32.928812910771747 ], [ -96.932998000679518, 32.928733514864426 ], [ -96.933022804743061, 32.92857194298503 ], [ -96.933102067664194, 32.928434153843945 ], [ -96.933209336466604, 32.928264341409566 ], [ -96.93335515690444, 32.928085771997679 ], [ -96.933528031106306, 32.927930685418602 ], [ -96.933683371044438, 32.927835494290363 ], [ -96.933849730595512, 32.927735799445834 ], [ -96.93424848904391, 32.927586464080285 ], [ -96.934463845937785, 32.927510537918771 ], [ -96.934684105806923, 32.927467053031691 ], [ -96.93489356313134, 32.927414184837545 ], [ -96.935091881042894, 32.927370395568452 ], [ -96.935328041538853, 32.927359490245628 ], [ -96.935525535571628, 32.927361970954003 ], [ -96.935721991221072, 32.927424591448052 ], [ -96.935902080773985, 32.92748235321551 ], [ -96.936081790239328, 32.927558629565574 ], [ -96.936249900902027, 32.92767174335566 ], [ -96.936411798471426, 32.927826428667096 ], [ -96.936619451048273, 32.927954473214754 ], [ -96.936781839332056, 32.928081414523781 ], [ -96.937012784158341, 32.92814691714181 ], [ -96.937237717464228, 32.928024332932623 ], [ -96.937382175618495, 32.927758989859619 ], [ -96.937395359232823, 32.927539106076516 ], [ -96.937353089656199, 32.927294968081604 ], [ -96.937220972886607, 32.92686111099755 ], [ -96.93715770045192, 32.926750290722495 ], [ -96.937104455307335, 32.92667194919288 ], [ -96.936992455713394, 32.926536174222804 ], [ -96.936846082512858, 32.92634188900584 ], [ -96.936543544561587, 32.926053472898566 ], [ -96.936325630324291, 32.925870344721872 ], [ -96.936193316392291, 32.925688275558613 ], [ -96.936012024775962, 32.925451466416909 ], [ -96.935910346482387, 32.92514951407513 ], [ -96.93589874386555, 32.924999028779901 ], [ -96.935900972929531, 32.924872771760739 ], [ -96.935960141901688, 32.924753253541795 ], [ -96.936012790817372, 32.924626877446769 ], [ -96.936129480563324, 32.924454692498166 ], [ -96.936188142117302, 32.924365220028882 ], [ -96.936464245258776, 32.924094344364129 ], [ -96.936728581861246, 32.923938402924257 ], [ -96.937080924992529, 32.92373456953942 ], [ -96.937315124154011, 32.923639496762085 ], [ -96.937423522049116, 32.923595501937186 ], [ -96.937765803262835, 32.923441717642504 ], [ -96.938041073061655, 32.923154405391585 ], [ -96.938243215257046, 32.922787607467725 ], [ -96.938296856338539, 32.922387512475275 ], [ -96.938246772455926, 32.922056831289183 ], [ -96.938150409708228, 32.921709856831257 ], [ -96.938115989979764, 32.921633496903596 ], [ -96.938086350101273, 32.921568251501945 ], [ -96.937989026856641, 32.921353821685159 ], [ -96.937944027597155, 32.921008569841483 ], [ -96.937999804934975, 32.92075043740077 ], [ -96.93804014915024, 32.920671175654761 ], [ -96.93818487346401, 32.920386822865019 ], [ -96.938343787805323, 32.920065661785422 ], [ -96.938479816307023, 32.91959341306476 ], [ -96.938640648531404, 32.919164555329232 ], [ -96.938684760829261, 32.918965147000264 ], [ -96.938649758096332, 32.91864763504725 ], [ -96.938605256075249, 32.918236116097773 ], [ -96.938434728559685, 32.917804733709218 ], [ -96.938159898580878, 32.917456599019687 ], [ -96.937786340296483, 32.916913321997136 ], [ -96.937661502375505, 32.916503319263157 ], [ -96.937641476193477, 32.916437544018088 ], [ -96.937626951816796, 32.915812600392542 ], [ -96.937734038221052, 32.915533879038563 ], [ -96.938042722406919, 32.91501327538333 ], [ -96.938294870350333, 32.914608057483782 ], [ -96.938413795306687, 32.914351606739928 ], [ -96.938408932553585, 32.914086341675826 ], [ -96.938304461351393, 32.913849335986818 ], [ -96.938266451364569, 32.913676909134999 ], [ -96.938019625802426, 32.9133563209096 ], [ -96.937798609459563, 32.913154062514209 ], [ -96.937659847264797, 32.913077359365481 ], [ -96.937567691329534, 32.913037567571536 ], [ -96.937375872619086, 32.912953912198631 ], [ -96.937228713318618, 32.912889930944559 ], [ -96.937209903386574, 32.912852744897677 ], [ -96.93713722903712, 32.912787530928192 ], [ -96.936994307528963, 32.912764106976091 ], [ -96.936939313471342, 32.912743931178774 ], [ -96.936828088152168, 32.912706073071668 ], [ -96.936541182728774, 32.912620203698772 ], [ -96.936307362184294, 32.912573278717019 ], [ -96.936058605924771, 32.912541292428877 ], [ -96.935864658711367, 32.912542978384465 ], [ -96.935785091412185, 32.912526864959382 ], [ -96.935666292900393, 32.912532576262713 ], [ -96.935204615337966, 32.912454963174888 ], [ -96.934482590093182, 32.912442156872771 ], [ -96.934220039689777, 32.912427091756371 ], [ -96.93376721621209, 32.912329393753375 ], [ -96.933644350310729, 32.912307890287934 ], [ -96.933524231528395, 32.912281418403438 ], [ -96.933323837637758, 32.912194909774705 ], [ -96.933225191279334, 32.912160905363208 ], [ -96.933065648923943, 32.912051458986475 ], [ -96.932919273347238, 32.912031203953632 ], [ -96.932837702114426, 32.91198897769597 ], [ -96.932697898537228, 32.911906808336781 ], [ -96.932584189295653, 32.911838769053851 ], [ -96.932498076065102, 32.911783981428599 ], [ -96.932396714542747, 32.911728947691039 ], [ -96.932315675484062, 32.911678609758596 ], [ -96.93222567586065, 32.911613731235839 ], [ -96.932142400460222, 32.911545489328098 ], [ -96.932053249880738, 32.911456210473773 ], [ -96.931773816429896, 32.911174349563929 ], [ -96.931700768943202, 32.911069986876583 ], [ -96.931604700518164, 32.910924213776333 ], [ -96.931487480479731, 32.910745785067839 ], [ -96.931424838130511, 32.910663179077559 ], [ -96.931362288176899, 32.910561408786307 ], [ -96.931273400374323, 32.910380868218645 ], [ -96.931154196227922, 32.910138725412843 ], [ -96.931077732130547, 32.909991844176716 ], [ -96.931045462766178, 32.909913175923442 ], [ -96.931019925160015, 32.909836868875367 ], [ -96.930984731971193, 32.909733724005356 ], [ -96.93095020956055, 32.909566920452697 ], [ -96.930896711388598, 32.909246904252235 ], [ -96.930870312803293, 32.909052892502366 ], [ -96.930853950474443, 32.90893903123991 ], [ -96.930909958146231, 32.908666759799274 ], [ -96.930941082845465, 32.908519967723144 ], [ -96.9309513151928, 32.908428184623062 ], [ -96.930974540516289, 32.90835119228754 ], [ -96.931028785807172, 32.908244894715835 ], [ -96.931210051532233, 32.907961671961601 ], [ -96.931325617459237, 32.907784435535426 ], [ -96.931338348948159, 32.907571566433703 ], [ -96.931153140119179, 32.907310806520343 ], [ -96.930780084513515, 32.907029837917911 ], [ -96.930298338602157, 32.906721378139601 ], [ -96.929650586702905, 32.906310474699488 ], [ -96.929343665643387, 32.906159532367781 ], [ -96.928937490708776, 32.906047197629697 ], [ -96.928652222657178, 32.905915781474903 ], [ -96.928234860937337, 32.905653469118555 ], [ -96.927862612738053, 32.90546595966854 ], [ -96.92751104497556, 32.905259463604594 ], [ -96.927248955650356, 32.904924920583255 ], [ -96.927031036293101, 32.904671989014602 ], [ -96.92685525562166, 32.904430626888534 ], [ -96.926476875770533, 32.903672601294822 ], [ -96.926350349190287, 32.902997494750679 ], [ -96.926354266558533, 32.902363894389531 ], [ -96.926644967653942, 32.901775153824403 ], [ -96.926930341649964, 32.901211111581915 ], [ -96.927099791465054, 32.900568592638606 ], [ -96.927113193931376, 32.900089062510922 ], [ -96.926695169672229, 32.899498233611354 ], [ -96.926160577102038, 32.89927980809356 ], [ -96.925597892178629, 32.899265817811767 ], [ -96.924918952092426, 32.899284725170702 ], [ -96.924758525486737, 32.899281324879823 ], [ -96.924049416176217, 32.89966821259214 ], [ -96.923408098985533, 32.89990750657487 ], [ -96.92272582787264, 32.899885117562441 ], [ -96.922360043917877, 32.899701802790595 ], [ -96.922156346363749, 32.899383078861867 ], [ -96.922134453784793, 32.898874245167612 ], [ -96.922174794423924, 32.898346946172374 ], [ -96.922677050057061, 32.897635816970158 ], [ -96.923426722531133, 32.897362086930002 ], [ -96.923475034755072, 32.897350858422158 ], [ -96.923543756741296, 32.897342326148092 ], [ -96.92363131437601, 32.897342765442701 ], [ -96.924143337246505, 32.897364348983636 ], [ -96.924831554939431, 32.897380763842939 ], [ -96.92492933438281, 32.897379256250076 ], [ -96.925268315046864, 32.8973739222183 ], [ -96.925514525290282, 32.897363270880895 ], [ -96.925806559707482, 32.89737852117694 ], [ -96.926581531452371, 32.897464737425572 ], [ -96.926936963334029, 32.897449996936153 ], [ -96.927220404621366, 32.897361479460358 ], [ -96.927502625268701, 32.897252491637744 ], [ -96.927588100867268, 32.89720668195686 ], [ -96.92766735857272, 32.897147200196635 ], [ -96.927780543460102, 32.897050211774072 ], [ -96.928023800283071, 32.896617039075899 ], [ -96.928174875544869, 32.896220864564874 ], [ -96.928211071579256, 32.896070962273697 ], [ -96.928214982142705, 32.895955836622917 ], [ -96.928206624707258, 32.895876007269784 ], [ -96.928225347647654, 32.895805990661692 ], [ -96.928243023250729, 32.895660667129654 ], [ -96.928249098474723, 32.895429934707131 ], [ -96.91845659598772, 32.895403789471288 ], [ -96.914279026492665, 32.895408960372187 ], [ -96.913589370289458, 32.895425318780951 ], [ -96.913003933006848, 32.895428617242899 ], [ -96.911919303686744, 32.895428058004057 ], [ -96.911679267723002, 32.895443097544039 ], [ -96.911348662064768, 32.895443568829229 ], [ -96.91111541729731, 32.895443898150724 ], [ -96.910393534758668, 32.89906715150272 ], [ -96.91062511435787, 32.899100352177534 ], [ -96.909637121853564, 32.903726014667349 ], [ -96.90913379088299, 32.906087173680092 ], [ -96.908634785665512, 32.908679988723662 ], [ -96.908625858028174, 32.908722957775744 ], [ -96.908625091589712, 32.908726638579928 ], [ -96.908581494838089, 32.908936414898626 ], [ -96.907991066478473, 32.911781638361241 ], [ -96.904880228838252, 32.911723709212907 ], [ -96.904674499098491, 32.911719205206843 ], [ -96.904726408722382, 32.911851830730996 ], [ -96.904755111955382, 32.911937571921605 ], [ -96.904766610177987, 32.911971926695095 ], [ -96.904802748405473, 32.912091973302793 ], [ -96.904833152443587, 32.912213320051826 ], [ -96.90484160144338, 32.912256393265743 ], [ -96.904877622810304, 32.912458552367447 ], [ -96.905036367729778, 32.913235807840174 ], [ -96.90507070504141, 32.913258618464042 ], [ -96.904824854730663, 32.913281688984675 ], [ -96.904309548051899, 32.913360454698498 ], [ -96.903049100172524, 32.913658220317743 ], [ -96.902679313948596, 32.913737953255684 ], [ -96.90226737715308, 32.913801391662794 ], [ -96.901919838191588, 32.913843881263972 ], [ -96.901748708623614, 32.913861420729496 ], [ -96.901540246888274, 32.913877093676433 ], [ -96.900870964685765, 32.913882618278926 ], [ -96.900672289467735, 32.913888593678756 ], [ -96.900067699487167, 32.913906774128542 ], [ -96.900064428894382, 32.913828058821949 ], [ -96.89857340610429, 32.913836468024932 ], [ -96.898580493465914, 32.914394934888776 ], [ -96.894274317510678, 32.914365065813719 ], [ -96.894516571789651, 32.914952098038448 ], [ -96.894630511645275, 32.915319186347055 ], [ -96.894378291832027, 32.915316796229789 ], [ -96.894059709420048, 32.915376301863787 ], [ -96.894041261016341, 32.91530963311331 ], [ -96.893007657114822, 32.915405989530861 ], [ -96.891586856375525, 32.915538431074104 ], [ -96.891607866180422, 32.913429459417912 ], [ -96.891342387358449, 32.913427897470129 ], [ -96.891371455622703, 32.909565030547363 ], [ -96.890226116860305, 32.909779413557878 ], [ -96.889551606109109, 32.909908143493787 ], [ -96.888461431052505, 32.910089220893518 ], [ -96.8881999464231, 32.910131198331293 ], [ -96.887832193546984, 32.910192409968253 ], [ -96.887631926604243, 32.910228307066973 ], [ -96.887432344774624, 32.910271083455036 ], [ -96.886763968581079, 32.910420491841627 ], [ -96.885019752619613, 32.910812990913342 ], [ -96.884189442552156, 32.911040008819484 ], [ -96.8830963258672, 32.911336461954498 ], [ -96.882786782988347, 32.911421784812987 ], [ -96.882398667272142, 32.911526706689038 ], [ -96.881871321118794, 32.911671052759004 ], [ -96.881490583629045, 32.911773314169281 ], [ -96.879847762032838, 32.911965003484703 ], [ -96.878516605762883, 32.912266564993182 ], [ -96.877146982007332, 32.912577235390309 ], [ -96.876957980529752, 32.912620130283273 ], [ -96.876890070183876, 32.912635738435768 ], [ -96.87535939650266, 32.913063869020043 ], [ -96.87391140930896, 32.913469698453262 ], [ -96.873399539227165, 32.91361283380278 ], [ -96.873085934552265, 32.913696704289535 ], [ -96.87253528722006, 32.91382146541374 ], [ -96.872204725911018, 32.913896868653225 ], [ -96.870938331740334, 32.914041125696059 ], [ -96.870686856087318, 32.914069451516326 ], [ -96.869751707708716, 32.914322496179203 ], [ -96.867485820296821, 32.914938146932258 ], [ -96.86729198689487, 32.914977529458284 ], [ -96.866314258085481, 32.915240986402075 ], [ -96.86580490962055, 32.915378626735809 ], [ -96.864734164190381, 32.915670402816268 ], [ -96.86424651328376, 32.915802133717534 ], [ -96.863998396238927, 32.915868979280972 ], [ -96.863750270417171, 32.915935816122051 ], [ -96.86347022509915, 32.916010487330873 ], [ -96.863190969688546, 32.916086538299865 ], [ -96.862942844736679, 32.916153376263871 ], [ -96.862694722567639, 32.916220216480227 ], [ -96.862446597936199, 32.916287053468629 ], [ -96.862197661471583, 32.916353881996756 ], [ -96.8619527914, 32.916420758103747 ], [ -96.861703850980177, 32.916487585601672 ], [ -96.861455726974029, 32.916554421543836 ], [ -96.861176493588147, 32.916629091107893 ], [ -96.860897233123566, 32.916705140521202 ], [ -96.860649107866422, 32.916771976658083 ], [ -96.860563140573078, 32.916794209957828 ], [ -96.860507439164195, 32.91680996996319 ], [ -96.860451767390856, 32.916824358526974 ], [ -96.860400980096884, 32.916838812271983 ], [ -96.860338737373169, 32.916855856991582 ], [ -96.860276472200496, 32.916874286720521 ], [ -96.860215042929468, 32.916891344794443 ], [ -96.860153592493845, 32.916909776170563 ], [ -96.860092137656295, 32.916928212870225 ], [ -96.860029869391283, 32.916946630711465 ], [ -96.859968418828728, 32.916965064701238 ], [ -96.859907778519087, 32.916983512938678 ], [ -96.859842227187158, 32.917003269180867 ], [ -96.859782404720818, 32.917021724520787 ], [ -96.859723392625455, 32.917040187799373 ], [ -96.859662729995804, 32.917060009235783 ], [ -96.859602093900534, 32.917078453773755 ], [ -96.859540613437929, 32.917098261673644 ], [ -96.859479925366756, 32.917119452690116 ], [ -96.859419262628322, 32.917139274007766 ], [ -96.859358596722345, 32.917159091646759 ], [ -96.859297909568227, 32.917180286195276 ], [ -96.859237246864325, 32.917200101112265 ], [ -96.859176552186383, 32.917221294601255 ], [ -96.85911586392713, 32.917242486341763 ], [ -96.859055990279529, 32.917263687884208 ], [ -96.858995301962395, 32.917284879565877 ], [ -96.858935398428002, 32.91730746058164 ], [ -96.858580147865496, 32.91743885586034 ], [ -96.857676921916365, 32.917943764603869 ], [ -96.857630920485164, 32.917963778393826 ], [ -96.857384518754145, 32.918069114487906 ], [ -96.857162784675509, 32.918162407574769 ], [ -96.856421942923618, 32.918478393682534 ], [ -96.856104893167142, 32.918614411453788 ], [ -96.855794790707549, 32.918771130630333 ], [ -96.855371017473644, 32.918949723821648 ], [ -96.855082351218641, 32.919070994178277 ], [ -96.854826273932318, 32.919148706317252 ], [ -96.854580449313133, 32.91922243255167 ], [ -96.854334653050415, 32.919294782362947 ], [ -96.854088827616877, 32.919368507625812 ], [ -96.853849550851223, 32.919440945351454 ], [ -96.85368567420538, 32.919489635365878 ], [ -96.853571520488927, 32.919537607969012 ], [ -96.853338270476726, 32.919636239251894 ], [ -96.853105021064636, 32.919734867405843 ], [ -96.852871795611776, 32.919832120931737 ], [ -96.852638545064138, 32.919930753620015 ], [ -96.852405292978489, 32.920029383151096 ], [ -96.85217206601591, 32.920126633559995 ], [ -96.852082529024869, 32.920165311614319 ], [ -96.851937897031661, 32.920230749955714 ], [ -96.851708589889384, 32.9203363020682 ], [ -96.851479305682318, 32.920440476848263 ], [ -96.851249997400672, 32.920546030818898 ], [ -96.851021503243572, 32.920651594250117 ], [ -96.850792222691169, 32.920755771438984 ], [ -96.850559729950675, 32.920857152133699 ], [ -96.850327977679413, 32.920962671161867 ], [ -96.850095378243054, 32.921069550350836 ], [ -96.849863620570034, 32.921175069357353 ], [ -96.849631023240022, 32.921281946817267 ], [ -96.849399265527566, 32.921387464971254 ], [ -96.849166695859154, 32.921492969232233 ], [ -96.848934913654787, 32.921599856214385 ], [ -96.848702339618171, 32.921705362268185 ], [ -96.848441809247902, 32.921824239627931 ], [ -96.84826290471463, 32.92189196651961 ], [ -96.84787862509036, 32.922005077991763 ], [ -96.847530414089789, 32.922106297106488 ], [ -96.847269864198395, 32.922182561834688 ], [ -96.847206596372388, 32.92221058979343 ], [ -96.846972544312152, 32.922307822349275 ], [ -96.846739279678559, 32.922406440339806 ], [ -96.84650601455931, 32.922505056088958 ], [ -96.845567248123828, 32.922899448902342 ], [ -96.844611213262468, 32.923301847803664 ], [ -96.843725794227709, 32.923674942794996 ], [ -96.843423549482651, 32.923801503072163 ], [ -96.842565908074533, 32.924165436074972 ], [ -96.841876791786817, 32.924450264234636 ], [ -96.839974587562011, 32.925398543572385 ], [ -96.83913043566254, 32.925690836229634 ], [ -96.838674850804622, 32.925903818929854 ], [ -96.838047233948274, 32.926055803650655 ], [ -96.837236666389714, 32.926186741099244 ], [ -96.836688729214686, 32.926253873630579 ], [ -96.836292173488417, 32.926292438377516 ], [ -96.835164802613704, 32.926401038945436 ], [ -96.834535937759625, 32.926438440057581 ], [ -96.832525922323669, 32.926433029328031 ], [ -96.831972466002512, 32.926432779994407 ], [ -96.831266281699939, 32.926429046283616 ], [ -96.829891057459477, 32.926432090584498 ], [ -96.829275420784271, 32.926488258956745 ], [ -96.828745481176753, 32.926501197281681 ], [ -96.828528118403582, 32.926504009550264 ], [ -96.827987893195726, 32.926522530177792 ], [ -96.827352199329766, 32.926490393853349 ], [ -96.827258317052397, 32.926493938487212 ], [ -96.826972959587494, 32.926501098455724 ], [ -96.826159234982555, 32.926524531585102 ], [ -96.824116966386711, 32.926572670266317 ], [ -96.824037860899608, 32.92657573034829 ], [ -96.823958702324802, 32.926581539605031 ], [ -96.823880307601016, 32.926590103618381 ], [ -96.823801892173364, 32.926600043626422 ], [ -96.823723445346445, 32.926611359485406 ], [ -96.82364654779802, 32.9266268178987 ], [ -96.823574542734519, 32.926642342113766 ], [ -96.823503326363678, 32.926659250519975 ], [ -96.823432871504977, 32.926678922683152 ], [ -96.823023875270891, 32.926857246065673 ], [ -96.822729499150327, 32.926985593337307 ], [ -96.822442990549945, 32.927182420984309 ], [ -96.821605978454798, 32.927660471213329 ], [ -96.821383163967624, 32.927792620646223 ], [ -96.821521375813703, 32.928156529142306 ], [ -96.821311007771016, 32.928215176831415 ], [ -96.821259831413826, 32.928091161011679 ], [ -96.821241338319638, 32.927604293247867 ], [ -96.821192210215656, 32.927606981717084 ], [ -96.821009105463588, 32.927617003393081 ], [ -96.820828176045225, 32.927626906212176 ], [ -96.820824272775937, 32.927627119656947 ], [ -96.821232407704983, 32.928822088690858 ], [ -96.821342276687872, 32.929143762855865 ], [ -96.82134853553751, 32.929162089341645 ], [ -96.821354894517796, 32.929180041979734 ], [ -96.821479020236595, 32.929530459155174 ], [ -96.821553970962626, 32.929752417599566 ], [ -96.821664678254464, 32.930080262788067 ], [ -96.821720726102768, 32.930236377341039 ], [ -96.821947625692417, 32.930868379267594 ], [ -96.822081392678768, 32.931240964780741 ], [ -96.822280281583431, 32.931794933772842 ], [ -96.82238128491089, 32.932076255681771 ], [ -96.822445009689574, 32.932255714668621 ], [ -96.822516800716471, 32.932457891439512 ], [ -96.822630421262815, 32.932777861399344 ], [ -96.82267571044251, 32.932929488733201 ], [ -96.822701246682399, 32.933014981442973 ], [ -96.822698938012707, 32.933014959375399 ], [ -96.822028539610216, 32.933008601074157 ], [ -96.822026886916618, 32.933312494294647 ], [ -96.822025801210515, 32.933512150946235 ], [ -96.822018165555022, 32.934915860065146 ], [ -96.822009533754724, 32.936502737025421 ], [ -96.822009157739259, 32.937098096393214 ], [ -96.822008112210639, 32.938751762634979 ], [ -96.822007810816331, 32.939229581801094 ], [ -96.822006745436823, 32.940915346443809 ], [ -96.822006646950783, 32.941070957715567 ], [ -96.822006090280752, 32.941160360538127 ], [ -96.821995749591565, 32.942821418182092 ], [ -96.821993443936748, 32.94319177506808 ], [ -96.822022469048505, 32.943192260714326 ], [ -96.822433527711368, 32.94319913776846 ], [ -96.822739692175901, 32.943202906588816 ], [ -96.822742461906117, 32.943202940270929 ], [ -96.822739650229138, 32.943578718914893 ], [ -96.822739616042341, 32.94358329205744 ], [ -96.822934450831781, 32.944130529976974 ], [ -96.822962899641325, 32.944200449554401 ], [ -96.823353772455945, 32.945013267470685 ], [ -96.823420382234062, 32.945151781408661 ], [ -96.823429117019657, 32.945167947599352 ], [ -96.823439584996578, 32.945187317259339 ], [ -96.823500672866558, 32.945326708355402 ], [ -96.823590115574348, 32.945562631212091 ], [ -96.823635980633199, 32.945777684507341 ], [ -96.823661074080619, 32.945873309265394 ], [ -96.823662919869292, 32.945880341965463 ], [ -96.823667104732806, 32.945916553261398 ], [ -96.823673597611005, 32.945972733300941 ], [ -96.823672588580791, 32.946067925658902 ], [ -96.823672339258266, 32.946091441488981 ], [ -96.823669704391577, 32.946340017442637 ], [ -96.823666917259303, 32.94660291101119 ], [ -96.823664947955692, 32.946788739902985 ], [ -96.823668442607385, 32.947831988918622 ], [ -96.823671574287047, 32.948011677648402 ], [ -96.823686121732521, 32.948846467326497 ], [ -96.823691834645047, 32.948960371882634 ], [ -96.823694711067574, 32.949343451972304 ], [ -96.823696122596004, 32.94949630275795 ], [ -96.823698537671078, 32.949757943108558 ], [ -96.823713485692352, 32.95020213501796 ], [ -96.823714675767604, 32.950237487059276 ], [ -96.823342515610165, 32.950186329339388 ], [ -96.823324430689453, 32.950184755640713 ], [ -96.822864215780342, 32.950144715343299 ], [ -96.821433440539508, 32.950030308803953 ], [ -96.820354290679859, 32.94994302210128 ], [ -96.819953109419686, 32.949964067864855 ], [ -96.819668813105707, 32.94997897926163 ], [ -96.818105782365535, 32.950060949675226 ], [ -96.817935209660988, 32.950071758931458 ], [ -96.817834591242033, 32.95007464125348 ], [ -96.817809443328883, 32.950075361460662 ], [ -96.817293236206055, 32.949050537113145 ], [ -96.817192741868581, 32.948851025768661 ], [ -96.816944263091656, 32.948357703848103 ], [ -96.816667401881247, 32.947808027820209 ], [ -96.816388733036106, 32.947254754183199 ], [ -96.816387604310904, 32.947252513908538 ], [ -96.816355837533933, 32.947187811530725 ], [ -96.816117936600847, 32.946861419820081 ], [ -96.815941933295989, 32.946619929926371 ], [ -96.815691576824335, 32.946294889596153 ], [ -96.815341641172012, 32.945822430915392 ], [ -96.815031338630618, 32.945397296719776 ], [ -96.815006423888107, 32.945410343253961 ], [ -96.814168382150683, 32.945849173849027 ], [ -96.814130031825997, 32.94586863861214 ], [ -96.814064920718835, 32.945901684819908 ], [ -96.814022555186185, 32.945935458199934 ], [ -96.81395455825475, 32.945987652622776 ], [ -96.813602996157911, 32.945901442396917 ], [ -96.812943742924048, 32.945750440940067 ], [ -96.81281062856786, 32.945719951094723 ], [ -96.812599324212755, 32.945661459203599 ], [ -96.812598648530752, 32.945661272374743 ], [ -96.812484865485317, 32.945731447841638 ], [ -96.812334775550596, 32.945824014758138 ], [ -96.812333982328909, 32.945823709086724 ], [ -96.812154515004266, 32.945754536128774 ], [ -96.81184538614356, 32.94580127790995 ], [ -96.811794098315858, 32.945809032967439 ], [ -96.811793703032251, 32.945808726371538 ], [ -96.811647450898121, 32.945695260582319 ], [ -96.810877743049744, 32.945550809800046 ], [ -96.81047465693635, 32.945475166029595 ], [ -96.809920129496462, 32.945372580959855 ], [ -96.809920092205374, 32.94537257323865 ], [ -96.809808307490357, 32.945351893738888 ], [ -96.809806815229152, 32.945351617349779 ], [ -96.809761418336322, 32.945418720833558 ], [ -96.809670518739864, 32.945553080544329 ], [ -96.809686100653295, 32.94570200330282 ], [ -96.80969049563987, 32.945744000173924 ], [ -96.809690622244986, 32.945745213163455 ], [ -96.809689165587884, 32.945755962264322 ], [ -96.809661048258263, 32.945963393698932 ], [ -96.809660982356462, 32.945963876231147 ], [ -96.80962770069965, 32.945976306715202 ], [ -96.809627668376763, 32.945976318903483 ], [ -96.809501921580619, 32.946023282721747 ], [ -96.809535588518258, 32.946117720888893 ], [ -96.809547057563123, 32.946149892686286 ], [ -96.80957891751855, 32.946182476445991 ], [ -96.809623672139637, 32.946228248884779 ], [ -96.809665192857693, 32.946353795092712 ], [ -96.809674936946664, 32.94638325756992 ], [ -96.80967504416013, 32.946383581008163 ], [ -96.809690389770907, 32.946381340513433 ], [ -96.809798380737433, 32.94636557456213 ], [ -96.809798779368933, 32.946367891577992 ], [ -96.809816070151683, 32.946468539943908 ], [ -96.809828657394149, 32.946512751210648 ], [ -96.809844715280207, 32.946569152038983 ], [ -96.809843743785834, 32.946576394764115 ], [ -96.809821934100327, 32.946739059559732 ], [ -96.809820953774192, 32.946746372514113 ], [ -96.8095298675305, 32.946961488345089 ], [ -96.809531549387131, 32.947318027264537 ], [ -96.809531511740232, 32.947318990900627 ], [ -96.809517126391299, 32.947682891483339 ], [ -96.809720131113352, 32.947832553322037 ], [ -96.809736535121999, 32.947877776909976 ], [ -96.809719680434213, 32.947907510749182 ], [ -96.809697874289, 32.947945978291784 ], [ -96.80969574908957, 32.94797835976275 ], [ -96.809688298029286, 32.948091891803777 ], [ -96.809539992460188, 32.948210148120225 ], [ -96.809424325706715, 32.948278787285872 ], [ -96.809095227614961, 32.948474080851774 ], [ -96.809009254705856, 32.948525098778248 ], [ -96.809003367999722, 32.948532107929012 ], [ -96.808887494411621, 32.948670079393438 ], [ -96.808873715654613, 32.948686485790937 ], [ -96.808770676368795, 32.948835420062551 ], [ -96.808769611638368, 32.948838744497522 ], [ -96.808748529322898, 32.948904534386863 ], [ -96.808732759036573, 32.948953749743204 ], [ -96.808766538244896, 32.949047085659004 ], [ -96.808798891915472, 32.949136483393566 ], [ -96.808798168977447, 32.94913949860193 ], [ -96.808792634148517, 32.949162585540861 ], [ -96.808741237409507, 32.949376976460542 ], [ -96.808695568173547, 32.949567479432311 ], [ -96.808596288066596, 32.949786631746065 ], [ -96.808498612936987, 32.949869072809186 ], [ -96.808392611456256, 32.949958541204957 ], [ -96.808249250819173, 32.950107252273732 ], [ -96.808111944532925, 32.950249682389725 ], [ -96.808081990326713, 32.950339204624129 ], [ -96.808067259940117, 32.950383229068002 ], [ -96.808014847060818, 32.950539867118756 ], [ -96.807958854557256, 32.950707205550785 ], [ -96.808013146004711, 32.950811392465781 ], [ -96.808013186249326, 32.950811469675038 ], [ -96.808058793267875, 32.950898993006177 ], [ -96.808060544623629, 32.950900886458477 ], [ -96.808269593274019, 32.951126976063875 ], [ -96.808334980283576, 32.951197692815825 ], [ -96.808343621869739, 32.951212689934074 ], [ -96.808617698086223, 32.951688337671975 ], [ -96.808611902581475, 32.951991801888369 ], [ -96.80850508808966, 32.952160734241126 ], [ -96.808470341793637, 32.952277779247702 ], [ -96.808470329220015, 32.952277821466964 ], [ -96.808382147761506, 32.952574861159768 ], [ -96.808347286890026, 32.952692286986199 ], [ -96.80834717941805, 32.952692648998479 ], [ -96.808348971216873, 32.952701052110477 ], [ -96.808364021546566, 32.952771623808339 ], [ -96.808418573443774, 32.953027432134746 ], [ -96.808421783041226, 32.953042481760292 ], [ -96.808482751574402, 32.953328374828885 ], [ -96.808485900344763, 32.953343137719287 ], [ -96.808485760204647, 32.953345266138101 ], [ -96.808459016126292, 32.953751776391059 ], [ -96.808452534151527, 32.953850308194617 ], [ -96.80845239694105, 32.953852395165029 ], [ -96.808539582252152, 32.953853737532754 ], [ -96.809833750229345, 32.95387365402123 ], [ -96.810027923006544, 32.953876641430803 ], [ -96.810223834177165, 32.953876320443989 ], [ -96.810957678415363, 32.953875113220313 ], [ -96.811505473980276, 32.953874209809143 ], [ -96.811960229944134, 32.953870414647277 ], [ -96.81231057033456, 32.953867489869104 ], [ -96.813327590809493, 32.953879832144942 ], [ -96.814557473168151, 32.953862107885129 ], [ -96.815089020958936, 32.95386838536335 ], [ -96.815608103463916, 32.953874512800205 ], [ -96.815999811198466, 32.953877289516257 ], [ -96.817166896313296, 32.953885555117573 ], [ -96.817699224700988, 32.953887914090153 ], [ -96.818645072209563, 32.953892098873482 ], [ -96.818902378428291, 32.953893235789522 ], [ -96.819065815925242, 32.953894860029799 ], [ -96.820470166686249, 32.953908803670515 ], [ -96.820853712903642, 32.95391260955499 ], [ -96.820916136135438, 32.953913228935953 ], [ -96.82103081379185, 32.953911623936349 ], [ -96.822543821232074, 32.953890436704604 ], [ -96.822543805521533, 32.953891548550843 ], [ -96.822539540992025, 32.954201527966283 ], [ -96.822531252653576, 32.954208122095174 ], [ -96.822367981533318, 32.954338021486471 ], [ -96.822355585370289, 32.954347883840008 ], [ -96.82235454559239, 32.954357256039906 ], [ -96.822234427388437, 32.955439796551232 ], [ -96.822159830674622, 32.955719550962101 ], [ -96.822158690570319, 32.955723826906976 ], [ -96.822119537976945, 32.955943663840671 ], [ -96.822094075797338, 32.956086631169832 ], [ -96.822085473932461, 32.956122748745884 ], [ -96.821938622676157, 32.956739295110481 ], [ -96.821872127541951, 32.957069926158844 ], [ -96.821861679710508, 32.957122096337635 ], [ -96.821823756750902, 32.957419239058197 ], [ -96.821591770556978, 32.958364424170483 ], [ -96.821581689147337, 32.958411130063666 ], [ -96.821554998883542, 32.958542946613605 ], [ -96.821530906735205, 32.958675123745053 ], [ -96.821509352671825, 32.958807611947549 ], [ -96.82149043142374, 32.958940380931395 ], [ -96.821474085707905, 32.959073405574287 ], [ -96.821460311196304, 32.959206632606076 ], [ -96.821453938951478, 32.959282959432599 ], [ -96.821449174794438, 32.959340032263654 ], [ -96.821448939619813, 32.959342505745205 ], [ -96.8214034033481, 32.959821451387761 ], [ -96.821384535662489, 32.959895724877505 ], [ -96.821379799053688, 32.959914372126995 ], [ -96.821383268236104, 32.959989284745916 ], [ -96.821387030209621, 32.960070537237613 ], [ -96.821420000423004, 32.960342258373814 ], [ -96.821436972248904, 32.960482133585707 ], [ -96.821589872079372, 32.961031520948097 ], [ -96.821718853269843, 32.961494962043304 ], [ -96.821761356471498, 32.961647679740246 ], [ -96.82177768213586, 32.961711269717789 ], [ -96.82186574509042, 32.962054281046044 ], [ -96.821901942758458, 32.962295310987116 ], [ -96.821938913751168, 32.962544152853944 ], [ -96.821947129819051, 32.962599455957935 ], [ -96.821956982143789, 32.962708712683082 ], [ -96.821966778743572, 32.962817354453563 ], [ -96.821966489625879, 32.962861970814735 ], [ -96.821965069030469, 32.96308119277321 ], [ -96.821969702786546, 32.963206527933387 ], [ -96.821970943490257, 32.963240084012646 ], [ -96.821990218619376, 32.963365645196099 ], [ -96.822002780747468, 32.96344748061216 ], [ -96.822172598972912, 32.964069814936224 ], [ -96.822208804991121, 32.964228500336255 ], [ -96.822231289778003, 32.964327043736105 ], [ -96.822232947990145, 32.964407631067786 ], [ -96.822236016681401, 32.964556752861988 ], [ -96.822224591850699, 32.964920207150449 ], [ -96.822221474354379, 32.965084744982441 ], [ -96.822215600794252, 32.965140241651312 ], [ -96.822212214987672, 32.965172235547819 ], [ -96.822133647286947, 32.965914597563071 ], [ -96.822127813832168, 32.965941772057057 ], [ -96.82209562940217, 32.966091700762455 ], [ -96.821913138540538, 32.967025935474197 ], [ -96.821845792061495, 32.967370702067697 ], [ -96.8218281969407, 32.967464026627084 ], [ -96.821811229852642, 32.96761154643481 ], [ -96.821807626337119, 32.967642877182442 ], [ -96.821803316128452, 32.967786805567094 ], [ -96.821790001186969, 32.968231355681262 ], [ -96.821785319077307, 32.968387677611076 ], [ -96.821791697743834, 32.968505571073251 ], [ -96.821801078260762, 32.968678925558578 ], [ -96.821769302595115, 32.968909949524104 ], [ -96.821735952238285, 32.96983858181504 ], [ -96.821780188822004, 32.970159063524697 ], [ -96.82183643962253, 32.970417542819668 ], [ -96.821861331067296, 32.970538149560646 ], [ -96.821810307237598, 32.972513324934226 ], [ -96.821848860616484, 32.972867110542083 ], [ -96.82191983440633, 32.973135865877595 ], [ -96.822092548329323, 32.97352334302559 ], [ -96.822189961514013, 32.973681518321825 ], [ -96.822339736633936, 32.973924707160272 ], [ -96.82248888935743, 32.9741214399697 ], [ -96.82264896745086, 32.97431744658585 ], [ -96.822884848964577, 32.974560597681155 ], [ -96.823077366555736, 32.97474750075898 ], [ -96.82347982351142, 32.975075455471256 ], [ -96.823718072852245, 32.975231857735366 ], [ -96.825057357573527, 32.976270728507274 ], [ -96.825942437486631, 32.976952047153617 ], [ -96.827004987992481, 32.977736592257777 ], [ -96.827251137635372, 32.977938153841592 ], [ -96.827624173511495, 32.978246647823099 ], [ -96.827949481359369, 32.978558897129695 ], [ -96.828143695822206, 32.978779189905815 ], [ -96.828387314252225, 32.979126101013627 ], [ -96.828569448738961, 32.979437202937909 ], [ -96.828813102652006, 32.97996360146184 ], [ -96.828918630176304, 32.980312941933278 ], [ -96.829002772500104, 32.980714967338422 ], [ -96.82904009437857, 32.98107771006778 ], [ -96.829046193793275, 32.98129124460781 ], [ -96.829035842543334, 32.981663252001212 ], [ -96.828948359793202, 32.983597848415613 ], [ -96.828871310413959, 32.984979915996952 ], [ -96.828829991016917, 32.985870257209534 ], [ -96.828801316569027, 32.986608744152747 ], [ -96.8287833008593, 32.987083777998869 ], [ -96.828779141794982, 32.987214014467561 ], [ -96.829911416212823, 32.987223119334352 ], [ -96.830110413627423, 32.987224696040911 ], [ -96.830116506453777, 32.987107066164107 ], [ -96.83015263054908, 32.987107265124699 ], [ -96.831529712941176, 32.987114798758192 ], [ -96.833598871424257, 32.987126087272813 ], [ -96.835018096586282, 32.987133810269924 ], [ -96.835791937604142, 32.987137465356099 ], [ -96.838740735970021, 32.987153994949196 ], [ -96.838795565868381, 32.987154290099113 ], [ -96.838797671466793, 32.987159905469184 ], [ -96.838802725044729, 32.98717204032306 ], [ -96.838807521906517, 32.987184282689725 ], [ -96.83881208502342, 32.987196548998128 ], [ -96.838816355064253, 32.987208921432781 ], [ -96.838820428840464, 32.987221316504936 ], [ -96.838824205683707, 32.987233795104437 ], [ -96.838827755285791, 32.987246293222853 ], [ -96.83883104005173, 32.987258875296433 ], [ -96.838834100752209, 32.987271478735138 ], [ -96.838836866215203, 32.987284132353381 ], [ -96.838839399514043, 32.987296839697436 ], [ -96.838841669109982, 32.987309570584102 ], [ -96.838843684648907, 32.987322324240118 ], [ -96.838845432188108, 32.98733510228341 ], [ -96.838846921885064, 32.987347933710353 ], [ -96.83884814733328, 32.987360760713635 ], [ -96.838848650892572, 32.987367402746429 ], [ -96.838849112795245, 32.987373584252019 ], [ -96.83884983412652, 32.9873839053555 ], [ -96.838850259539171, 32.987399331812064 ], [ -96.838850441886763, 32.987412199027943 ], [ -96.838850430729437, 32.987419922801273 ], [ -96.838849062597163, 32.987492835383534 ], [ -96.838849102616933, 32.987539294892514 ], [ -96.839098114097283, 32.987485313399262 ], [ -96.839735032123286, 32.987380569108687 ], [ -96.840357924694445, 32.987278128600892 ], [ -96.840701276639891, 32.987204943928106 ], [ -96.840932975527011, 32.987167948404839 ], [ -96.841001880076917, 32.98715511960178 ], [ -96.841011861336, 32.987153245712193 ], [ -96.841041738132759, 32.98714817150595 ], [ -96.841083167231176, 32.98714116403746 ], [ -96.841126194012915, 32.987133874778642 ], [ -96.841240977498003, 32.987116657177438 ], [ -96.841356208268678, 32.987101609996614 ], [ -96.84144926832063, 32.987091248020739 ], [ -96.841471821919569, 32.987088744102657 ], [ -96.841496691733582, 32.987086105951498 ], [ -96.841526662363719, 32.987082932291322 ], [ -96.841650503373856, 32.987071439273535 ], [ -96.841774564163927, 32.987062151510393 ], [ -96.841800982968181, 32.987060630623375 ], [ -96.841898844298015, 32.987055035624756 ], [ -96.841985911491946, 32.987064205462822 ], [ -96.841979938410049, 32.987321936595535 ], [ -96.842359361270354, 32.987291618547083 ], [ -96.842706005911609, 32.987287639288063 ], [ -96.843123883507559, 32.987290329475705 ], [ -96.844418124409941, 32.987307527077171 ], [ -96.846298794047399, 32.987308155154736 ], [ -96.846720065601914, 32.987310877411467 ], [ -96.847022770046749, 32.987294850024725 ], [ -96.847386724182869, 32.987273904214589 ], [ -96.847941709379469, 32.987212539876282 ], [ -96.848515246333577, 32.98715856738005 ], [ -96.84959412262792, 32.987154244939362 ], [ -96.850396359709549, 32.987172482330969 ], [ -96.852406959406309, 32.987182870270082 ], [ -96.853512903733247, 32.987184602404547 ], [ -96.854010162907386, 32.987212639846575 ], [ -96.854553727340715, 32.987216959546814 ], [ -96.854998458112348, 32.987237147490021 ], [ -96.854973185760841, 32.9873169895844 ], [ -96.854928518595784, 32.988258507895502 ], [ -96.854921868482691, 32.989777340189079 ], [ -96.863547541341021, 32.989848163215264 ], [ -96.864977569605344, 32.989800478201587 ], [ -96.867263835419536, 32.989814906073697 ], [ -96.868769162359072, 32.989824379428917 ], [ -96.870180210930954, 32.989832601900972 ], [ -96.874738797968845, 32.989859054309868 ], [ -96.874912238118739, 32.98985882190518 ], [ -96.871898427131669, 33.000466866947583 ], [ -96.871598429221734, 33.000438588263258 ], [ -96.871143438035119, 33.002068843591381 ], [ -96.869020340782441, 33.002130218210894 ], [ -96.868773544083979, 33.002144611357565 ], [ -96.868260142474597, 33.002154418885894 ], [ -96.868132739502087, 33.002158471085764 ], [ -96.868131110054392, 33.002064556549186 ], [ -96.868126218183647, 33.00178230872303 ], [ -96.867220169441339, 33.00141663682917 ], [ -96.866536038587739, 33.001549028477882 ], [ -96.866396807213732, 33.002946335466788 ], [ -96.865979511629874, 33.00322988590721 ], [ -96.865973603863353, 33.011581772547487 ], [ -96.861459070135624, 33.011607020524316 ], [ -96.860583882995357, 33.011610194886742 ], [ -96.860588206275324, 33.011889449243228 ], [ -96.857459671450982, 33.011889790490017 ], [ -96.854117331160708, 33.011872919605949 ], [ -96.854133447629039, 33.011730303765688 ], [ -96.851773070607663, 33.011697990311021 ], [ -96.845786431004129, 33.011624204510824 ], [ -96.844946073362649, 33.01207075896172 ], [ -96.843634241464883, 33.012080828891627 ], [ -96.843596417199095, 33.013142811987457 ], [ -96.843582025291624, 33.013693799163015 ], [ -96.843562820603978, 33.01424059254655 ], [ -96.843537514628821, 33.014982489875145 ], [ -96.843570933870467, 33.015681177958669 ], [ -96.843584789214432, 33.015899911708416 ], [ -96.843610586348461, 33.016439057576726 ], [ -96.843538184857209, 33.016428474242751 ], [ -96.843330789464375, 33.016395477116134 ], [ -96.843261596606609, 33.01638768434718 ], [ -96.843121557241744, 33.01637345662828 ], [ -96.843032003934809, 33.016364018670323 ], [ -96.842867546926527, 33.016346714467581 ], [ -96.842723453748491, 33.016331050708786 ], [ -96.842507595753105, 33.016314435502544 ], [ -96.842272238995264, 33.016293439890511 ], [ -96.842056405764993, 33.016275454241359 ], [ -96.841846282491261, 33.016257540545716 ], [ -96.841647546798811, 33.01624114884558 ], [ -96.841572620715581, 33.016234657888937 ], [ -96.841257397061696, 33.016209841805967 ], [ -96.841033332761825, 33.016195865666951 ], [ -96.840835388046415, 33.016180865808202 ], [ -96.840642316311403, 33.016167297769719 ], [ -96.84045736766312, 33.016155217459762 ], [ -96.84027163581078, 33.016141747441196 ], [ -96.840087526465368, 33.016128301451253 ], [ -96.839902607063323, 33.016114840795673 ], [ -96.839718476348239, 33.01610276757151 ], [ -96.83935108106644, 33.016075884647925 ], [ -96.839168610568265, 33.016062458223082 ], [ -96.838960881270538, 33.016047319634403 ], [ -96.838755600742147, 33.016032215129144 ], [ -96.838551953518973, 33.016017130245373 ], [ -96.838349118633872, 33.016002058559778 ], [ -96.83816251391552, 33.015991320050482 ], [ -96.837977542307442, 33.015980610245769 ], [ -96.837798306332743, 33.015968602130755 ], [ -96.837623122310845, 33.015958018672734 ], [ -96.83744793512011, 33.015947434925735 ], [ -96.83726951700524, 33.015935434248497 ], [ -96.837066627775187, 33.015923103333463 ], [ -96.836863741744637, 33.015910775737865 ], [ -96.836661754131967, 33.015894336298651 ], [ -96.83625852688931, 33.015864218120953 ], [ -96.83585693637994, 33.015834117775185 ], [ -96.835461052750361, 33.015804089614221 ], [ -96.835266349346313, 33.015790497759397 ], [ -96.835096875744455, 33.015779986986765 ], [ -96.834928245687934, 33.015768113650438 ], [ -96.834586055950638, 33.01574567674983 ], [ -96.834243867558968, 33.015723233514315 ], [ -96.833731389322992, 33.015690273914259 ], [ -96.833436481341465, 33.015669836608033 ], [ -96.833150594961481, 33.015646771111321 ], [ -96.83294207806162, 33.01563023563498 ], [ -96.832819112582513, 33.015618975392918 ], [ -96.832423388408984, 33.015580694494481 ], [ -96.832256466774552, 33.015564715981199 ], [ -96.832114770424852, 33.015551822783564 ], [ -96.832043950270574, 33.015544003802454 ], [ -96.830683652898045, 33.015352612725898 ], [ -96.829308535070382, 33.015082656168431 ], [ -96.828564033438823, 33.014939354925559 ], [ -96.825463455861197, 33.014335578237429 ], [ -96.823948388078662, 33.014048569200312 ], [ -96.823046109695511, 33.013881113542489 ], [ -96.822090566100471, 33.013726686733577 ], [ -96.819950590450091, 33.013487570227404 ], [ -96.819239223634668, 33.013447743528651 ], [ -96.818549341815057, 33.013420327728724 ], [ -96.818552614305801, 33.01265826637912 ], [ -96.814517106068166, 33.012646689007418 ], [ -96.812331816257867, 33.012640033478441 ], [ -96.810510318314769, 33.012626821030231 ], [ -96.807597765515055, 33.012615957050919 ], [ -96.803869722123594, 33.012593927423588 ], [ -96.801524785095324, 33.012582053270421 ], [ -96.80029474727128, 33.012565290585357 ], [ -96.799134722707365, 33.012530855519465 ], [ -96.797843060164936, 33.012448801017037 ], [ -96.79682011357508, 33.01235608100901 ], [ -96.795419209714197, 33.012210939283506 ], [ -96.79338473407384, 33.011962611575655 ], [ -96.792346972060713, 33.01184531390718 ], [ -96.791643710717665, 33.011742613436077 ], [ -96.791061103920299, 33.011640132408523 ], [ -96.790051241365987, 33.01139863071932 ], [ -96.789460107230468, 33.011210117405817 ], [ -96.788832035877419, 33.010998187592556 ], [ -96.788270586493539, 33.010768553850077 ], [ -96.787718108004853, 33.010514699992399 ], [ -96.787194875610169, 33.010242635412993 ], [ -96.786730966514753, 33.009978538666878 ], [ -96.785905478703569, 33.009431702741459 ], [ -96.785434771070356, 33.009080169257707 ], [ -96.785180258451817, 33.008884809009345 ], [ -96.784695462320585, 33.008471515326946 ], [ -96.781453226424148, 33.005791472028548 ], [ -96.780881492811673, 33.005357818613341 ], [ -96.780496106454024, 33.005077601930665 ], [ -96.779631326259121, 33.004458594404774 ], [ -96.778678381601097, 33.003829769037651 ], [ -96.777909813993006, 33.003332346641365 ], [ -96.777093628891947, 33.002837123939457 ], [ -96.776505866233578, 33.002479645432487 ], [ -96.775894767929785, 33.002098926442009 ], [ -96.77510328329258, 33.001645556888818 ], [ -96.774470752752791, 33.00131894566826 ], [ -96.774022474457411, 33.001107094744391 ], [ -96.773374015471603, 33.00083556441276 ], [ -96.772608050295005, 33.000555778795373 ], [ -96.772057789281348, 33.000367746623461 ], [ -96.771447937949432, 33.000186044202913 ], [ -96.77084293517909, 33.000017290753028 ], [ -96.770378042084957, 32.999906120159899 ], [ -96.769477763159458, 32.999707694433802 ], [ -96.768363607151102, 32.999508953824133 ], [ -96.767697563612003, 32.999420953038779 ], [ -96.766755112100242, 32.999304764072669 ], [ -96.766091682925364, 32.999256879305761 ], [ -96.764732021336002, 32.999187846980504 ], [ -96.763056107413306, 32.999216052103563 ], [ -96.762292300730763, 32.999261249272244 ], [ -96.761560521173095, 32.999319769563684 ], [ -96.760741286240972, 32.999418592297076 ], [ -96.759655310947721, 32.999602455257453 ], [ -96.758786989711567, 32.999777893912935 ], [ -96.757544423837004, 33.000061207090859 ], [ -96.756361760143534, 33.000402488529453 ], [ -96.756376283398694, 32.999820401342461 ], [ -96.756418945965322, 32.997658652877867 ], [ -96.756422127114831, 32.997501391488136 ], [ -96.756425818754835, 32.997382493922288 ], [ -96.756426294945541, 32.99736288300614 ], [ -96.75642629917256, 32.997362668409238 ], [ -96.756407288332866, 32.997358053462619 ], [ -96.756366629730252, 32.99734706942818 ], [ -96.756326202248005, 32.997335491544803 ], [ -96.756286024130318, 32.997323317362074 ], [ -96.756246104883672, 32.99731055332667 ], [ -96.756206458330027, 32.997297204141702 ], [ -96.756167089695793, 32.997283276193954 ], [ -96.756128012820668, 32.997268773285001 ], [ -96.756089249087708, 32.997253696616141 ], [ -96.756050799478672, 32.997238050710941 ], [ -96.756012678885412, 32.997221840287622 ], [ -96.755974903234346, 32.997205071882753 ], [ -96.755937478786038, 32.997187753701382 ], [ -96.755900419486707, 32.997169884135197 ], [ -96.755863735859208, 32.997151472350843 ], [ -96.755827439514178, 32.997132526628391 ], [ -96.755791541134315, 32.997113048019543 ], [ -96.755756046962432, 32.997093045631082 ], [ -96.755720981537863, 32.997072523414523 ], [ -96.755686339351115, 32.997051489410225 ], [ -96.755652138503663, 32.997029948381531 ], [ -96.755618392763751, 32.997007907736702 ], [ -96.755585106269464, 32.99698537474935 ], [ -96.755552291736677, 32.996962355911286 ], [ -96.755519964092372, 32.99693885413739 ], [ -96.755488118719029, 32.996914886499923 ], [ -96.755461764991082, 32.996894398639164 ], [ -96.75546208971474, 32.996857393950904 ], [ -96.755506113425341, 32.996822574661032 ], [ -96.755537148693321, 32.996797276407939 ], [ -96.755568844317494, 32.996770783330064 ], [ -96.755648464552522, 32.996701062813038 ], [ -96.755725938392374, 32.996628534310062 ], [ -96.755767661596522, 32.996587371129067 ], [ -96.755795373285892, 32.996559147391089 ], [ -96.755827418791327, 32.996525589924758 ], [ -96.755861521135301, 32.996488731354177 ], [ -96.755896321060959, 32.996449819852124 ], [ -96.755939697134792, 32.996399342201713 ], [ -96.755979491519241, 32.996350951065409 ], [ -96.756025713859799, 32.996291975667781 ], [ -96.756056237114748, 32.99625125276804 ], [ -96.756085476206451, 32.996210790587703 ], [ -96.756133891928656, 32.996140326561395 ], [ -96.756165792048904, 32.99609126213322 ], [ -96.756197536552889, 32.996040098564777 ], [ -96.756224361477507, 32.995994827835602 ], [ -96.756249423203641, 32.995950664340867 ], [ -96.756268803699655, 32.995915145605302 ], [ -96.756289950324813, 32.995874891257905 ], [ -96.756311042427285, 32.995833002773892 ], [ -96.756335695711755, 32.995781587553033 ], [ -96.756374725940816, 32.995693776371347 ], [ -96.756394788555596, 32.995644976518989 ], [ -96.756428761505163, 32.995555104051718 ], [ -96.756446641360782, 32.995503281101492 ], [ -96.756465013185036, 32.99544587856014 ], [ -96.756481560119909, 32.995389727604888 ], [ -96.756486815708485, 32.995180496094655 ], [ -96.75652083949997, 32.994883980838914 ], [ -96.756557807735646, 32.992403194708146 ], [ -96.756583772335617, 32.990739810875098 ], [ -96.756609286019255, 32.98909932814356 ], [ -96.756639301374236, 32.987229821902062 ], [ -96.756661937840605, 32.985735344737733 ], [ -96.756672038201074, 32.98496374669994 ], [ -96.756692535662751, 32.984699152811153 ], [ -96.756740530568351, 32.984505097373535 ], [ -96.756833523571657, 32.984268720136903 ], [ -96.756909474944834, 32.984133337546403 ], [ -96.757110155262168, 32.983851640336489 ], [ -96.757270799931064, 32.983630528530419 ], [ -96.757425670010633, 32.983357786677985 ], [ -96.75749007850402, 32.983192598122677 ], [ -96.757592110894223, 32.982902001647119 ], [ -96.758987504351836, 32.982922295152179 ], [ -96.75951263464944, 32.982930018223357 ], [ -96.760574866962571, 32.98294562660756 ], [ -96.761790484266044, 32.98296348153243 ], [ -96.76370814433659, 32.982991624381071 ], [ -96.764575959159814, 32.983004346675848 ], [ -96.767409667530302, 32.983045854322754 ], [ -96.767926999215248, 32.983053427200389 ], [ -96.768320241971068, 32.98305962385502 ], [ -96.768302435229259, 32.982915888791226 ], [ -96.768270043870558, 32.982292296660091 ], [ -96.768298973582773, 32.982029248856485 ], [ -96.768283181473478, 32.98140191524142 ], [ -96.768280216982504, 32.980382421597866 ], [ -96.768267486287428, 32.979470191445813 ], [ -96.768257004800631, 32.978789943776363 ], [ -96.768258729466709, 32.978178589906975 ], [ -96.768281093577542, 32.977732181234579 ], [ -96.76830659839068, 32.976949344324396 ], [ -96.768365301832574, 32.976553551010902 ], [ -96.768409195109356, 32.976393800935362 ], [ -96.768538606714642, 32.97603048939655 ], [ -96.768788675706816, 32.975403972543155 ], [ -96.768883362130524, 32.975078839831824 ], [ -96.768939038400831, 32.974861766838245 ], [ -96.768977091522402, 32.974629124558504 ], [ -96.769001581550725, 32.974418993326594 ], [ -96.769010608029205, 32.973783398727726 ], [ -96.769037270941126, 32.969101829313381 ], [ -96.76902177714274, 32.969041442648077 ], [ -96.769037275335748, 32.966557543934911 ], [ -96.769020896583882, 32.966479945370345 ], [ -96.769028709578194, 32.965732655920164 ], [ -96.769040681074159, 32.963964538202255 ], [ -96.769057478753226, 32.963913239526399 ], [ -96.769067104404272, 32.962331210542231 ], [ -96.769039380512467, 32.96205880674507 ], [ -96.769050404044847, 32.960571330514675 ], [ -96.769060761732518, 32.960096109020284 ], [ -96.76907296484589, 32.959993189205754 ], [ -96.769073193621722, 32.95963381104638 ], [ -96.769049160556079, 32.959473113282471 ], [ -96.769059604553632, 32.958150235962457 ], [ -96.76905859012588, 32.957779478967986 ], [ -96.769051209838736, 32.957630416364125 ], [ -96.769056073668992, 32.956860178129247 ], [ -96.769060675757629, 32.956331896803768 ], [ -96.769087612203265, 32.956289325214243 ], [ -96.769070527594991, 32.955425713766537 ], [ -96.769062523404685, 32.954444820078038 ], [ -96.76905601469862, 32.953561310172354 ], [ -96.76909092419146, 32.95351311133193 ], [ -96.76908193802079, 32.9529302435161 ], [ -96.769067457738814, 32.951585579268304 ], [ -96.769065513529043, 32.950468748906047 ], [ -96.769066068695437, 32.949918943417202 ], [ -96.769063369271819, 32.949361937739376 ], [ -96.769074886058178, 32.947208668264139 ], [ -96.769076110908614, 32.946606583909166 ], [ -96.769076362679968, 32.946482589569101 ], [ -96.76907804316717, 32.945656641262602 ], [ -96.769079852756406, 32.945371543132389 ], [ -96.769081060389183, 32.945181286215913 ], [ -96.769081061270242, 32.945181241132111 ], [ -96.769082941698073, 32.944884963759719 ], [ -96.769082570538004, 32.942992119006483 ], [ -96.769087856511234, 32.941886152297506 ], [ -96.769089167429172, 32.941611952230744 ], [ -96.769089086623708, 32.941376949249864 ], [ -96.769088949630884, 32.9409765656101 ], [ -96.769088757329627, 32.940416394111978 ], [ -96.769084342393683, 32.939773454111283 ], [ -96.769082964337755, 32.939773474648263 ], [ -96.768768439853048, 32.939778123255316 ], [ -96.766371130890263, 32.939762927401574 ], [ -96.766021460539179, 32.939765030799066 ], [ -96.76495766777704, 32.939771425059341 ], [ -96.764431783246877, 32.939774582585649 ], [ -96.763996710884172, 32.939767353311076 ], [ -96.761763385620398, 32.939730218423229 ], [ -96.761041181359573, 32.939844705415396 ], [ -96.760725565960172, 32.939878927711845 ], [ -96.760479641613429, 32.939905591993849 ], [ -96.760367282059775, 32.939913878294554 ], [ -96.759993268539148, 32.939941458606306 ], [ -96.759989906158552, 32.939941706570522 ], [ -96.757182477663832, 32.93991138180467 ], [ -96.756835673310405, 32.939907631616414 ], [ -96.756316937195763, 32.939908026501115 ], [ -96.755585701407668, 32.939908579761266 ], [ -96.754648515281815, 32.939909282007335 ], [ -96.752081168797943, 32.939911170072023 ], [ -96.75187333558128, 32.939945480664363 ], [ -96.750694006205961, 32.939948464163294 ], [ -96.749366940862913, 32.939951808287319 ], [ -96.748271379668878, 32.939958257647646 ], [ -96.748269122520583, 32.939958271004457 ], [ -96.748268708213317, 32.939325877360034 ], [ -96.748268339335979, 32.938761929541712 ], [ -96.748268339390052, 32.938761872721237 ], [ -96.748268265668514, 32.938648777581541 ], [ -96.748278891560062, 32.937283916625347 ], [ -96.748283289795779, 32.936718937154708 ], [ -96.748285441031285, 32.93655677339904 ], [ -96.748297536438159, 32.935646045556872 ], [ -96.748300982932776, 32.935386577803442 ], [ -96.748301881312102, 32.935318973137058 ], [ -96.748461316659927, 32.934344547741304 ], [ -96.748494031358987, 32.934144599135308 ], [ -96.746959206603705, 32.934021606177375 ], [ -96.745567463516565, 32.933910062629209 ], [ -96.745451961682036, 32.93506939671488 ], [ -96.745451499741492, 32.935074035123179 ], [ -96.74503065288296, 32.935039025947283 ], [ -96.74491448644973, 32.935029362144022 ], [ -96.744247642252986, 32.934975211344472 ], [ -96.743357890739446, 32.9349029543922 ], [ -96.743072311630513, 32.934878303403501 ], [ -96.742333457747108, 32.934819779612404 ], [ -96.741452563763403, 32.93474941529167 ], [ -96.741453008562644, 32.934748721676584 ], [ -96.742140828940634, 32.933676494214112 ], [ -96.742646286446472, 32.932860755069306 ], [ -96.74264630740582, 32.932860722895661 ], [ -96.742861372885883, 32.932513631050028 ], [ -96.74440384094116, 32.930084789133204 ], [ -96.746036238431827, 32.927514172960954 ], [ -96.746072600245483, 32.927456912122906 ], [ -96.746775185414876, 32.92636243850702 ], [ -96.748278170410728, 32.924019574408597 ], [ -96.748702387283103, 32.923358275266125 ], [ -96.748700895848813, 32.923358255197144 ], [ -96.747047556353678, 32.923335620856264 ], [ -96.745632056854063, 32.923316225609845 ], [ -96.742909549982897, 32.923285774779124 ], [ -96.742217740906241, 32.923280837601801 ], [ -96.742087984949563, 32.923279910920229 ], [ -96.740631850029686, 32.923260767372049 ], [ -96.740614767417242, 32.923260542300952 ], [ -96.740365777556377, 32.923278929957377 ], [ -96.740159116121646, 32.923294191147995 ], [ -96.739896499643834, 32.923296750420569 ], [ -96.739619140554538, 32.923299453423979 ], [ -96.739266099649811, 32.923303200961158 ], [ -96.738599272423428, 32.923322649447293 ], [ -96.738360240497045, 32.923334948824504 ], [ -96.738105369604227, 32.923365251642657 ], [ -96.737982360184276, 32.923379876062434 ], [ -96.73787420151001, 32.923392735247212 ], [ -96.737822090157792, 32.92340369416879 ], [ -96.737549407707249, 32.923461037984261 ], [ -96.737351094100745, 32.923513122913434 ], [ -96.737181654653, 32.923557623317734 ], [ -96.736985357462373, 32.923635613416693 ], [ -96.736916841358649, 32.923662835108736 ], [ -96.736449778274334, 32.924718901901002 ], [ -96.736433383773289, 32.92474609107505 ], [ -96.73610027885077, 32.925298539038032 ], [ -96.736067218047594, 32.925424070123569 ], [ -96.736021664292736, 32.925495014584378 ], [ -96.735575921538853, 32.925491299450144 ], [ -96.734953551500695, 32.9254861098646 ], [ -96.733746989699384, 32.925476039083179 ], [ -96.733423598614834, 32.925473337788688 ], [ -96.732828745240013, 32.925468367313485 ], [ -96.732818086159256, 32.925470241811915 ], [ -96.732637155517267, 32.925502053406028 ], [ -96.732540130159748, 32.925514610506454 ], [ -96.732463621525127, 32.925524512086419 ], [ -96.732358004494031, 32.92553818095891 ], [ -96.732242709370894, 32.925547703313285 ], [ -96.732068569555054, 32.925562086001925 ], [ -96.732062109104973, 32.92556261933742 ], [ -96.732050611274587, 32.925562739339924 ], [ -96.731596832678719, 32.92556746873435 ], [ -96.731209856606966, 32.92556197387502 ], [ -96.72999345152904, 32.925561959338388 ], [ -96.729495137399041, 32.925561949820967 ], [ -96.729381699447188, 32.925561308648049 ], [ -96.724446624202017, 32.925533039113155 ], [ -96.724161140804355, 32.92554615267786 ], [ -96.724116296204713, 32.925542506259177 ], [ -96.723966450495027, 32.92553032217559 ], [ -96.723947569243649, 32.925528786633713 ], [ -96.723754968413687, 32.925467045820291 ], [ -96.72374974460827, 32.925465371301151 ], [ -96.723556522712741, 32.925464215644915 ], [ -96.719578984552768, 32.925440359111825 ], [ -96.718221689740503, 32.925432189780068 ], [ -96.718221679166092, 32.925436331292339 ], [ -96.718219698599469, 32.926211694130757 ], [ -96.718217318235716, 32.927143480118183 ], [ -96.718206868714574, 32.931233698626656 ], [ -96.71778815450584, 32.931226511553717 ], [ -96.717772809090022, 32.931226247797674 ], [ -96.715491203382555, 32.931215419176802 ], [ -96.713893708854144, 32.931207812207113 ], [ -96.713525626222506, 32.931206056605525 ], [ -96.710925208911576, 32.931193622728657 ], [ -96.710709316332739, 32.931192587999014 ], [ -96.710140325840044, 32.931189859158621 ], [ -96.709770359056535, 32.931188083423663 ], [ -96.709258229157754, 32.93118562389234 ], [ -96.708831905561823, 32.931183574504203 ], [ -96.7056794270529, 32.931168374854018 ], [ -96.705679340533905, 32.931156172279607 ], [ -96.705667790767507, 32.929524051039373 ], [ -96.705654021957557, 32.927578204716006 ], [ -96.705649551949421, 32.927363447175438 ], [ -96.705645770064251, 32.927181721071094 ], [ -96.705629305895926, 32.926707830748349 ], [ -96.705636776697858, 32.925156116571017 ], [ -96.705641166079033, 32.924244557315582 ], [ -96.705641845973986, 32.924070910890215 ], [ -96.705668139613294, 32.924069822245613 ], [ -96.70569098037268, 32.924068876866144 ], [ -96.705691013439107, 32.924061858506171 ], [ -96.705702112712515, 32.921688273231283 ], [ -96.705703657297065, 32.92152335458443 ], [ -96.705708457188493, 32.921011417399619 ], [ -96.705716484995818, 32.920155286974115 ], [ -96.705707851698065, 32.920106717992034 ], [ -96.705695084773112, 32.920034887239581 ], [ -96.705708425500276, 32.917951941296451 ], [ -96.705717247524959, 32.916797478813059 ], [ -96.70573269006789, 32.916532980354738 ], [ -96.705602463836954, 32.916531032850813 ], [ -96.704855793951026, 32.916519863000389 ], [ -96.702603217062588, 32.916486137085606 ], [ -96.700522479709804, 32.916461819063485 ], [ -96.700544224590374, 32.915809220660805 ], [ -96.700588338306844, 32.914389484399194 ], [ -96.700617835798681, 32.912896597303487 ], [ -96.700617844276906, 32.912896179830454 ], [ -96.70052724720081, 32.912886597337952 ], [ -96.70053231814245, 32.912723785809163 ], [ -96.700621465794072, 32.909861173604355 ], [ -96.700684346487392, 32.909859922034549 ], [ -96.70068613928369, 32.909859886606633 ], [ -96.700694260322223, 32.909293001927132 ], [ -96.700411717126642, 32.909292945442679 ], [ -96.70031339558804, 32.90929292526048 ], [ -96.700313423659168, 32.909292227568805 ], [ -96.700326991757478, 32.908958076499324 ], [ -96.698418350718001, 32.908944029297693 ], [ -96.698130013559961, 32.908941904953494 ], [ -96.69750628127828, 32.908937306849573 ], [ -96.697498247091829, 32.908937247380969 ], [ -96.697489753860424, 32.908494111987203 ], [ -96.697486229162152, 32.908307122295113 ], [ -96.697484887919543, 32.90813253424362 ], [ -96.697484814910496, 32.907935969955744 ], [ -96.697484225600036, 32.907684419830574 ], [ -96.697483642706416, 32.907432869790789 ], [ -96.697483929608012, 32.907338715517369 ], [ -96.697483563034694, 32.907156582435086 ], [ -96.697483962591406, 32.90697652406643 ], [ -96.697483132017368, 32.906777201491543 ], [ -96.697482908796644, 32.906467919244044 ], [ -96.697482881391835, 32.906228746350166 ], [ -96.697482386247117, 32.906012934921684 ], [ -96.697482355981734, 32.905733903646137 ], [ -96.697482491907863, 32.905687170028742 ], [ -96.697482353706249, 32.905453496413294 ], [ -96.697481375744289, 32.905181316933955 ], [ -96.697481728629242, 32.905043867082526 ], [ -96.697481045236145, 32.904405362639572 ], [ -96.697480548157984, 32.903940086590296 ], [ -96.697474435849955, 32.903599795229724 ], [ -96.697471690922256, 32.903562388303769 ], [ -96.697469335947119, 32.903530304834653 ], [ -96.697469318734647, 32.903330999364663 ], [ -96.697469381669464, 32.903316131867037 ], [ -96.697470172102513, 32.903128947471274 ], [ -96.697469896921774, 32.902942008305402 ], [ -96.697470783693745, 32.902818311646335 ], [ -96.697470435031164, 32.902675351598091 ], [ -96.697464689095668, 32.902558887149183 ], [ -96.692525617085479, 32.904103072250976 ], [ -96.692522088706667, 32.904104175514099 ], [ -96.692484469394259, 32.903982982849975 ], [ -96.692237141186965, 32.904060822008219 ], [ -96.691651959492731, 32.904244989661642 ], [ -96.69164914149188, 32.903617265933306 ], [ -96.691641170970669, 32.90184202181981 ], [ -96.69167042375318, 32.899347547973186 ], [ -96.691697801530196, 32.897012834286798 ], [ -96.691693314190815, 32.895815145358313 ], [ -96.691689023227909, 32.89466997622479 ], [ -96.69169546816164, 32.894391899714492 ], [ -96.693748072182672, 32.894403866105058 ], [ -96.693844370329316, 32.894404426970794 ], [ -96.693844372011213, 32.89440418707995 ], [ -96.693852211367172, 32.893524723609623 ], [ -96.693852496335268, 32.893492696347231 ], [ -96.693856820154352, 32.893007559255764 ], [ -96.693858720163959, 32.892794416661978 ], [ -96.693859025108495, 32.892760202488986 ], [ -96.693873808087019, 32.890724736255585 ], [ -96.69387531916766, 32.890516615365868 ], [ -96.693876855378448, 32.890412068825626 ], [ -96.691589264350597, 32.89037138276889 ], [ -96.690514402571736, 32.890351647484444 ], [ -96.690541337824385, 32.889231773299521 ], [ -96.690540890883497, 32.889183502293285 ], [ -96.690540320593072, 32.889121795126179 ], [ -96.690512431883803, 32.889119719408711 ], [ -96.690494361007964, 32.889118374441708 ], [ -96.690490061560567, 32.889118054901019 ], [ -96.690491204883571, 32.888919537803886 ], [ -96.690496896967787, 32.887930872622661 ], [ -96.690499048470684, 32.886833510188943 ], [ -96.69050059922769, 32.886042441688026 ], [ -96.690497131237805, 32.886042401203817 ], [ -96.690374770420334, 32.886040977150344 ], [ -96.683208246536211, 32.885957353609918 ], [ -96.683212072987217, 32.885780593230024 ], [ -96.683237387855129, 32.878962416511527 ], [ -96.683437149304282, 32.878958605905311 ], [ -96.683680695522284, 32.878946870806807 ], [ -96.683728554152125, 32.878944564714388 ], [ -96.68394579202959, 32.878942153737952 ], [ -96.684383384309513, 32.87890332335737 ], [ -96.684385888991883, 32.878903101030922 ], [ -96.684403078019002, 32.878901575808293 ], [ -96.684561079947315, 32.878901522441339 ], [ -96.685745455251535, 32.878901113697871 ], [ -96.686949866973109, 32.878900686961465 ], [ -96.687377698637349, 32.878900532420822 ], [ -96.688546190718057, 32.878896151574828 ], [ -96.689958826579016, 32.878890841652648 ], [ -96.689852672697839, 32.878813408962714 ], [ -96.689833452915693, 32.878799389346575 ], [ -96.689602936015959, 32.878631243854841 ], [ -96.689574278650923, 32.878610340441099 ], [ -96.689353889168629, 32.878472602721025 ], [ -96.689277873477977, 32.878425094980493 ], [ -96.689226231401676, 32.878392820124319 ], [ -96.689126579617081, 32.878346833686741 ], [ -96.689124920321788, 32.878346068155089 ], [ -96.688957737341568, 32.878223364248981 ], [ -96.688829567893364, 32.878147890471027 ], [ -96.688671030662704, 32.878054534793122 ], [ -96.688534659653669, 32.878005343840336 ], [ -96.688281698231393, 32.877914095983826 ], [ -96.687977988396497, 32.877804540936253 ], [ -96.687926511597865, 32.877785972002677 ], [ -96.68792611962462, 32.877785748027534 ], [ -96.687597778051696, 32.877597906798037 ], [ -96.687467709096452, 32.877503511898936 ], [ -96.686434059575149, 32.876753356546551 ], [ -96.686433183945326, 32.876752532043845 ], [ -96.686226561674673, 32.876558145327841 ], [ -96.686143266833966, 32.876479782420887 ], [ -96.686131070821972, 32.876468307912909 ], [ -96.685000871448977, 32.875562665715456 ], [ -96.684928929204673, 32.875429887470389 ], [ -96.684928026318715, 32.875429038206747 ], [ -96.684086925857912, 32.874637462261703 ], [ -96.684066616201278, 32.874618348800567 ], [ -96.684064700839954, 32.874616783952561 ], [ -96.683939373038456, 32.874514392838663 ], [ -96.683654414460349, 32.874281583367278 ], [ -96.683545845241312, 32.874191841661677 ], [ -96.683344066096467, 32.874025052339661 ], [ -96.683287602975568, 32.873870534010521 ], [ -96.68328462449054, 32.873862382094586 ], [ -96.683098460126516, 32.873729792738075 ], [ -96.682183908537255, 32.873078421139404 ], [ -96.680803412743302, 32.872294042345608 ], [ -96.68020033308045, 32.871951372598197 ], [ -96.67970677213782, 32.871670926348955 ], [ -96.679370738484053, 32.871509937218541 ], [ -96.678734862908911, 32.871242903462694 ], [ -96.678236725134568, 32.871043751137655 ], [ -96.67754961943055, 32.870793145218776 ], [ -96.677276886218195, 32.870718459413595 ], [ -96.677100963256422, 32.870670283724195 ], [ -96.677063497763527, 32.870657297268906 ], [ -96.676912135381045, 32.87060482878006 ], [ -96.676909220228538, 32.870604284604326 ], [ -96.676620743603252, 32.870550391929754 ], [ -96.676367310070233, 32.870498609328763 ], [ -96.675979370069939, 32.870419343823919 ], [ -96.675579509554467, 32.870342049003334 ], [ -96.675023042928615, 32.87023447956463 ], [ -96.674360374352133, 32.870106376759253 ], [ -96.674348987354733, 32.870104569114567 ], [ -96.673720455208908, 32.870004801096364 ], [ -96.673714348911929, 32.870003832110882 ], [ -96.673621029571692, 32.869985660605863 ], [ -96.672092036514968, 32.869687923874487 ], [ -96.671461885957598, 32.869473916599574 ], [ -96.671132622856632, 32.869368383607878 ], [ -96.671124778621802, 32.86936586918516 ], [ -96.671124592936906, 32.869365751910159 ], [ -96.671097641198699, 32.869348678080613 ], [ -96.6707730743708, 32.869143065888935 ], [ -96.67053275151973, 32.868982565168153 ], [ -96.670461781191449, 32.86893516668048 ], [ -96.670278808304346, 32.868757794224933 ], [ -96.670164632465443, 32.868598808810319 ], [ -96.670127077124562, 32.868546514038577 ], [ -96.669369598673342, 32.867597523616965 ], [ -96.669191073519542, 32.867040776314695 ], [ -96.66930011151166, 32.866690148643116 ], [ -96.668977626670056, 32.86636753676575 ], [ -96.668977416512874, 32.866367828609704 ], [ -96.668308629314211, 32.867295299958002 ], [ -96.668112635056048, 32.867567099765367 ], [ -96.668111274001177, 32.867568987344654 ], [ -96.668027789579583, 32.867515656967981 ], [ -96.66582388118259, 32.866107757165842 ], [ -96.66572969051667, 32.866053094903428 ], [ -96.665597842138467, 32.865976579070455 ], [ -96.665444519191013, 32.865887600097544 ], [ -96.665193524745405, 32.865741937997875 ], [ -96.664362576162205, 32.865231406017053 ], [ -96.663953799774532, 32.86498053219659 ], [ -96.662871351521304, 32.864294280754891 ], [ -96.662745012533335, 32.864214183039138 ], [ -96.662422797665144, 32.863955235797363 ], [ -96.660603690668466, 32.862830445953961 ], [ -96.658749965569712, 32.861680280619183 ], [ -96.658402775982395, 32.861464856225346 ], [ -96.657695882538093, 32.861022885818834 ], [ -96.657565389212564, 32.860941297014961 ], [ -96.657176058406208, 32.860699731918373 ], [ -96.655735880915074, 32.85980613749814 ], [ -96.655629197024481, 32.859739941167859 ], [ -96.655583070631025, 32.859711419943253 ], [ -96.654563929425152, 32.859081250203154 ], [ -96.653084719922319, 32.858161055818989 ], [ -96.652349871912236, 32.857703903267407 ], [ -96.650765576506416, 32.856718170512963 ], [ -96.649811566371909, 32.856096891695564 ], [ -96.649657744094867, 32.855998629492476 ], [ -96.649198842932009, 32.855705479014375 ], [ -96.649020110989554, 32.855580371590662 ], [ -96.648914602502643, 32.855506518450788 ], [ -96.647229771604941, 32.854469552006051 ], [ -96.646480729113875, 32.853981603427783 ], [ -96.645998628501331, 32.853638203992361 ], [ -96.645531025739416, 32.853280812975427 ], [ -96.645100153936326, 32.852928219392119 ], [ -96.639637008074018, 32.848303448410533 ], [ -96.639221699681187, 32.847950641438963 ], [ -96.638880384462624, 32.847660688047085 ], [ -96.637169986859519, 32.846219494407308 ], [ -96.63691860259128, 32.845942137036396 ], [ -96.636678846458636, 32.845657546428718 ], [ -96.636620753744637, 32.84558461974062 ], [ -96.636563417951038, 32.845512643288465 ], [ -96.636341631541015, 32.845217848530389 ], [ -96.636111944196273, 32.844886296875202 ], [ -96.635938829464038, 32.844452070859077 ], [ -96.635388721581009, 32.843425191302408 ], [ -96.635325170651512, 32.843317602280138 ], [ -96.635307579806664, 32.843293143852236 ] ], [ [ -96.771485746357726, 32.844770901106138 ], [ -96.77149088946129, 32.845461882893048 ], [ -96.772094668894951, 32.845470268069668 ], [ -96.772077961046108, 32.845641074546982 ], [ -96.773766208513976, 32.845666630188205 ], [ -96.773369942692597, 32.846451817792868 ], [ -96.77274250692308, 32.848420165770712 ], [ -96.772494405172637, 32.849175043987422 ], [ -96.771977311957102, 32.850464560631572 ], [ -96.772099360995568, 32.850467496344308 ], [ -96.77277422936551, 32.850484231727243 ], [ -96.772771514363498, 32.85101612881553 ], [ -96.774194433990928, 32.85102155766122 ], [ -96.776933554884579, 32.851023730393393 ], [ -96.776929996801712, 32.851222053246325 ], [ -96.776919551247531, 32.851653711732347 ], [ -96.773371887479044, 32.851603201222545 ], [ -96.77338684435172, 32.852008296684907 ], [ -96.773386075275027, 32.852129823739041 ], [ -96.773385728246794, 32.852509030720817 ], [ -96.773386067757045, 32.852556674450405 ], [ -96.773374035845222, 32.852938689355454 ], [ -96.773360912089856, 32.853073821964102 ], [ -96.773309896678896, 32.853442608541876 ], [ -96.773302521204641, 32.853494911022672 ], [ -96.773235946987484, 32.853869784375334 ], [ -96.773213003271024, 32.853994353502792 ], [ -96.773140791606622, 32.854414322615476 ], [ -96.773127235231584, 32.854459825356869 ], [ -96.773072693779724, 32.854898894439614 ], [ -96.773053313318158, 32.855028838868591 ], [ -96.773042699160612, 32.855514189354729 ], [ -96.773366300722188, 32.855509400238994 ], [ -96.776897817574977, 32.855502933098563 ], [ -96.776845578370356, 32.855702304539875 ], [ -96.776808938934948, 32.855802951262937 ], [ -96.776775707305887, 32.855876870501497 ], [ -96.776708117051982, 32.856025340932476 ], [ -96.776684823491891, 32.856112879787652 ], [ -96.77666092102001, 32.856202715536725 ], [ -96.776635845935076, 32.85629696531791 ], [ -96.776626994200882, 32.856349273670716 ], [ -96.776627732665872, 32.856400672191135 ], [ -96.776625849575638, 32.856497549344049 ], [ -96.776627946076786, 32.857579629486629 ], [ -96.780220398219996, 32.85757341192965 ], [ -96.780230772611276, 32.859847468372998 ], [ -96.783111819232829, 32.859837519477196 ], [ -96.783120533804237, 32.860206482959512 ], [ -96.78311664022236, 32.860505379437242 ], [ -96.783166945549937, 32.865378510837473 ], [ -96.783166899844517, 32.86541922409544 ], [ -96.786597881741372, 32.865426258165002 ], [ -96.786598594584731, 32.865386666186545 ], [ -96.801695001129957, 32.86542142149279 ], [ -96.801886947678867, 32.865420437148359 ], [ -96.803887868451056, 32.865433204631195 ], [ -96.804212361678594, 32.865424981022727 ], [ -96.804208499127625, 32.865091567324079 ], [ -96.804331145566437, 32.85989389955656 ], [ -96.806315618892981, 32.85991186678568 ], [ -96.806311936293142, 32.860392885956848 ], [ -96.808720900199845, 32.860424834030916 ], [ -96.808727001976465, 32.859915804318831 ], [ -96.808729457032925, 32.857903711803054 ], [ -96.812243685092042, 32.857927471902308 ], [ -96.813082240090893, 32.851061686285547 ], [ -96.812929096717028, 32.851062445066418 ], [ -96.812188901192059, 32.851061433188768 ], [ -96.812190359007232, 32.850662138589861 ], [ -96.812191543949353, 32.850338139235205 ], [ -96.812182421190627, 32.850159845757815 ], [ -96.812183853970225, 32.849768154006505 ], [ -96.812184001969996, 32.84972692363646 ], [ -96.812185431530949, 32.849335231824874 ], [ -96.812185933002169, 32.849197799767218 ], [ -96.812187362494527, 32.848806110640211 ], [ -96.812187513747276, 32.848764877604673 ], [ -96.812188940072502, 32.848373185712404 ], [ -96.812189442601095, 32.848235753656184 ], [ -96.81219255183953, 32.847383652050588 ], [ -96.813009891331546, 32.847384773029731 ], [ -96.813011718679135, 32.846883132936981 ], [ -96.81357078509771, 32.846883901025123 ], [ -96.813691245961223, 32.845898027997109 ], [ -96.813764937193525, 32.84549567777902 ], [ -96.813607166461878, 32.845496878737237 ], [ -96.813680244677684, 32.845081875262025 ], [ -96.813846878922064, 32.844174897590356 ], [ -96.813853728505308, 32.844079445009278 ], [ -96.81394978279306, 32.843914132151951 ], [ -96.814811202113518, 32.836703132941636 ], [ -96.819269260117267, 32.836728034318426 ], [ -96.819216602805753, 32.829663539208227 ], [ -96.819217510889274, 32.829376678829654 ], [ -96.819215239861279, 32.829310553265664 ], [ -96.819208148045163, 32.82923319493802 ], [ -96.819193099743202, 32.829139774966848 ], [ -96.819164160867459, 32.829023130362401 ], [ -96.819129975154254, 32.828923487408417 ], [ -96.819114158280044, 32.828357595195413 ], [ -96.819119459500058, 32.828150426020763 ], [ -96.818286377484256, 32.827442966523662 ], [ -96.817125735800559, 32.826495465420159 ], [ -96.818405848254187, 32.825377597900477 ], [ -96.817609812447529, 32.824683599172907 ], [ -96.818457332285021, 32.82313532166782 ], [ -96.814672029003191, 32.819905653590304 ], [ -96.8142959490864, 32.820210375445647 ], [ -96.814244646773219, 32.820232055280684 ], [ -96.813878831963478, 32.820538027076914 ], [ -96.813744253665106, 32.820635816305781 ], [ -96.813898954900623, 32.820769428440592 ], [ -96.813551670516929, 32.821037813724089 ], [ -96.813374819745434, 32.821320166203733 ], [ -96.813444028474393, 32.821385680616103 ], [ -96.813184732245631, 32.821583301097775 ], [ -96.813294158708601, 32.821677024783881 ], [ -96.81312907901841, 32.821786236716591 ], [ -96.8130789310013, 32.821821297387054 ], [ -96.8128514453458, 32.822022505272678 ], [ -96.812813719295605, 32.82207529300684 ], [ -96.81288409944699, 32.822426729858307 ], [ -96.812528278396272, 32.822733951723983 ], [ -96.812403143053814, 32.822870158929184 ], [ -96.812207382867371, 32.82304823408969 ], [ -96.812043477920568, 32.823197330229092 ], [ -96.809392999335685, 32.82316070872988 ], [ -96.809259475436932, 32.823159900745516 ], [ -96.807103890912359, 32.823130587396172 ], [ -96.806872596294937, 32.823166819804534 ], [ -96.806713910227487, 32.823166556848093 ], [ -96.806549820514888, 32.823166275153056 ], [ -96.806390873860238, 32.823166009139463 ], [ -96.806230527993293, 32.823165736500243 ], [ -96.806063246553663, 32.823165452198332 ], [ -96.805904789025419, 32.823165191321657 ], [ -96.805737442203778, 32.823164918318355 ], [ -96.805571529028015, 32.823164638460035 ], [ -96.805413168821033, 32.823164371067257 ], [ -96.805248720141321, 32.823164090884013 ], [ -96.80508697398308, 32.823163811224539 ], [ -96.804925650721174, 32.823163537116791 ], [ -96.804765338209933, 32.823163250416677 ], [ -96.804598023415735, 32.823162977219098 ], [ -96.804581392021035, 32.82317424383735 ], [ -96.804526592118634, 32.823174096808771 ], [ -96.804489901792167, 32.823173981904354 ], [ -96.804397308869696, 32.823173736442747 ], [ -96.804390679945328, 32.82278801333684 ], [ -96.804390443989206, 32.822774262035288 ], [ -96.804400056396332, 32.822585694412709 ], [ -96.802487424881619, 32.822581169794553 ], [ -96.802493582952252, 32.822187969871017 ], [ -96.802492996760023, 32.822147325500822 ], [ -96.802500153013852, 32.821752924284986 ], [ -96.802478546284547, 32.821557448602213 ], [ -96.802485219313823, 32.821175348484743 ], [ -96.802487042752304, 32.820796767347034 ], [ -96.802513205389332, 32.820592768136102 ], [ -96.802516611569374, 32.820195273493709 ], [ -96.802515822466063, 32.820153176046922 ], [ -96.802514629614052, 32.819765759016114 ], [ -96.802504053886054, 32.819609310532037 ], [ -96.802173280365238, 32.819603988564026 ], [ -96.801157599798188, 32.819590122766471 ], [ -96.801108745354, 32.819590641645675 ], [ -96.800273540394684, 32.819582891331287 ], [ -96.800154873768236, 32.819281533789287 ], [ -96.800090393368365, 32.818972402346724 ], [ -96.800054883040886, 32.818655663014681 ], [ -96.799566151374705, 32.818680125419618 ], [ -96.799403657988918, 32.818938408335462 ], [ -96.799219646953389, 32.81893509365635 ], [ -96.799108480383879, 32.819008863206477 ], [ -96.798980979235679, 32.819292516344255 ], [ -96.798871593146401, 32.819254424857007 ], [ -96.79880858576918, 32.81931582070699 ], [ -96.798661085810593, 32.819453710804268 ], [ -96.798430940928313, 32.819659604115159 ], [ -96.798378768123058, 32.819740608864876 ], [ -96.798188875878196, 32.820032209736155 ], [ -96.79748096932444, 32.820680693872688 ], [ -96.797312319655816, 32.820843227701772 ], [ -96.798178079654576, 32.823133736475882 ], [ -96.795774889400434, 32.82313180541842 ], [ -96.793095230580207, 32.822164032674571 ], [ -96.792954480051804, 32.822306282102758 ], [ -96.792900316523003, 32.822383538655146 ], [ -96.792849622391813, 32.822452303324468 ], [ -96.792779876919141, 32.822543548690192 ], [ -96.792723184226631, 32.822616001058023 ], [ -96.792604675373894, 32.822758804258669 ], [ -96.792523347505195, 32.82285501619176 ], [ -96.792431564680854, 32.822960956192823 ], [ -96.792354230517631, 32.823047897785258 ], [ -96.792222111885181, 32.823192463794484 ], [ -96.792039116903666, 32.823380670073306 ], [ -96.791960106858994, 32.82346135338188 ], [ -96.791834466040584, 32.82358260195366 ], [ -96.791731086026886, 32.82368478352241 ], [ -96.791348282953592, 32.824033301325294 ], [ -96.791270223843426, 32.824104372777633 ], [ -96.790989248641338, 32.824340917290442 ], [ -96.790543088077939, 32.824702961636497 ], [ -96.7901930271033, 32.824996422013221 ], [ -96.789369428086175, 32.825686861293732 ], [ -96.789209089075072, 32.825821270072595 ], [ -96.788819628769801, 32.826174989388718 ], [ -96.788542539357223, 32.826426650496195 ], [ -96.787475860813188, 32.82733238018195 ], [ -96.787163282512083, 32.827598226903135 ], [ -96.786607557501938, 32.828060279289723 ], [ -96.78530631350516, 32.829173494413517 ], [ -96.783488515687011, 32.830731352151957 ], [ -96.783145483101933, 32.831018932000831 ], [ -96.782260397516637, 32.831761485155297 ], [ -96.781944521110162, 32.832024946575082 ], [ -96.781521411164704, 32.832377451113516 ], [ -96.780951172446365, 32.832837607115607 ], [ -96.7809341880115, 32.83365318637324 ], [ -96.781068556360253, 32.836619282724833 ], [ -96.779382500364278, 32.8366206413993 ], [ -96.779080509156714, 32.836615330408613 ], [ -96.777387245056758, 32.838689091846391 ], [ -96.77722624312014, 32.838974911410148 ], [ -96.77712440840267, 32.83915968150076 ], [ -96.777074639032733, 32.839297342172785 ], [ -96.776949397126543, 32.839723666766574 ], [ -96.776795649733018, 32.840127960076522 ], [ -96.776361189194901, 32.841088735255937 ], [ -96.77596772635296, 32.841816074807085 ], [ -96.775655423060357, 32.842278786806418 ], [ -96.774727559423255, 32.843792122447127 ], [ -96.77105266032855, 32.84374920246352 ], [ -96.771037301603158, 32.844771053285385 ], [ -96.771485746357726, 32.844770901106138 ] ], [ [ -96.895734529405971, 32.746089364786179 ], [ -96.89574598473547, 32.744965890438316 ], [ -96.894067371680322, 32.744949129007615 ], [ -96.894081567580287, 32.737013650721345 ], [ -96.89373404817529, 32.736722299262809 ], [ -96.893763049803852, 32.735119283449826 ], [ -96.896520253299244, 32.73513183657289 ], [ -96.89652781780643, 32.735062250808525 ], [ -96.898294335515303, 32.735085588970023 ], [ -96.898345814782161, 32.734672329140842 ], [ -96.89836716878564, 32.734255947348736 ], [ -96.89832524449217, 32.734084148448339 ], [ -96.898320950059116, 32.732880657624086 ], [ -96.891516915751708, 32.732831796302449 ], [ -96.891530286845907, 32.731594054800262 ], [ -96.891349405811852, 32.731591125622593 ], [ -96.89034287426766, 32.731578450541178 ], [ -96.890322566912829, 32.731890798377343 ], [ -96.887701664913394, 32.731876960647767 ], [ -96.887633620998983, 32.734967643681991 ], [ -96.879604614486482, 32.734883368161519 ], [ -96.87958458551978, 32.735980769842584 ], [ -96.879574412234604, 32.737843634433254 ], [ -96.87953059189995, 32.739207578744448 ], [ -96.878560006134364, 32.739206056884903 ], [ -96.878558098898964, 32.740646575348507 ], [ -96.879525361060601, 32.74040108360105 ], [ -96.880918780614095, 32.740047116139522 ], [ -96.880921139112047, 32.740154492867767 ], [ -96.880938719787949, 32.742374292637408 ], [ -96.880938789051356, 32.7423833100652 ], [ -96.883018103846624, 32.742396209120997 ], [ -96.887131500792989, 32.74242258854774 ], [ -96.891289344209497, 32.742406661404019 ], [ -96.891299573032953, 32.746051755028674 ], [ -96.895734529405971, 32.746089364786179 ] ] ] ] } }
]
}
